station_code	station_name	state	zone	latitude	longitude	address
BDHL	Badhal	Rajasthan	NWR	27.2520587	75.4516454	Kishangarh Renwal, Rajasthan
XX-BECE	XX-BECE					
XX-BSPY	XX-BSPY					
YY-BPLC	YY-BPLC					
KHH	KICHHA	Uttar Pradesh	NER	28.913427	79.519746	Kichha, Uttar Pradesh
SRKN	Sherekan	Rajasthan	NWR	29.55519806	74.43499088	MDR 89, Rajasthan
BKKA	Bhukarka	Rajasthan	NWR	29.23822731	74.75103096	Bhukarka, Rajasthan
NHR	Nohar	Rajasthan	NWR	29.19256274	74.77362782	State Highway 36, Rajasthan
PRGD	Perungudi	Tamil Nadu	SR	12.975217	80.231363	Chennai, Tamil Nadu
KNNA	Khinaniyan	Haryana	NWR	29.34563726	74.71795706	State Highway 23, Haryana
JKR	JAULKHERA			21.838466	78.216684	
BYS	BARSALI			21.909813	78.031361	
GW	GIRWAR			23.838186	78.936311	
DGD	DANGIDHAR			23.871771	79.019912	
DOD	DHODHAR	Madhya Pradesh	WR	23.770741	75.103546	Dhodar, Madhya Pradesh
GAJ	GANESHGANJ			23.895862	79.074633	
JNM	Jayanagar Majilpur Halt	West Bengal	ER	22.168635	88.415324	Jaynagar, West Bengal
NSD	NASIRABAD	Rajasthan	NWR	26.29446	74.716991	Nasirabad, Rajasthan
PHA	PATHARIA			23.905726	79.192899	
NZB	NIZAMABAD	Andhra Pradesh	SCR	18.679165	78.103238	Nizamabad, Andhra Pradesh
RJO	RAJENDRA PUL			25.387447	86.010546	
ADT	ADUTURAI	Tamil Nadu	SR	11.009165	79.478668	Aduthurai, Tamil Nadu
KMU	KUMBAKONAM	Tamil Nadu	SR	10.952962	79.388644	Kumbakonam, Tamil Nadu
MNM	MANAMADURAI JN	Tamil Nadu	SR	9.681539	78.45351	Sivaganga, Tamil Nadu
GKP	GORAKHPUR JN			26.759311	83.381499	
BJUP	BJUP					
VRM	VARNAMA			22.184274	73.169283	
GKC	GORAKHPUR CANT			26.750649	83.416821	
ITA	ITOLA			22.149889	73.156746	
CIKA	CIKA					
XX-CPHO	XX-CPHO					
BTU	BARAUT	Uttar Pradesh	NR	29.09692	77.273006	Baraut, Uttar Pradesh
MOGA	Moga	Punjab	NR	30.817296	75.168467	Moga, Punjab
SIOB	SAMAKHIALI JN			23.309819	70.503394	
LLHW	LLHW					
RDK	Rasheedpura Khori	Rajasthan	NWR	27.713786	75.087121	MDR 87, Rajasthan
PVD	PEDDAVADIAPUDI			16.414205	80.612645	
YLM	ELLAMANCHILI			17.553652	82.85262	
CHPT	Chatrappatti			10.476971	77.655113	
JLD	JARWAL ROAD			27.120389	81.540406	
BRJN	BRAJRAJNAGAR			21.822718	83.923653	
CLJ	COLONELGANJ			27.137698	81.694178	
KTHL	KATHOLA			27.14655558	81.85566265	
MND	MUNDERWA			26.776435	82.903373	
SNSI	SAINAGAR SHIRDI	Maharashtra	CR	19.7807923	74.4806877	Near New Bus Stand Shirdi Sainagar, Maharashtra
DLJ	DHOLA JN	Gujarat	WR	21.822549	71.738273	Dhola, Gujarat
PGW	PHAGWARA JN			31.21755575	75.76550198	
YY-BINP	YY-BINP					
JUP	Jhunpa	Rajasthan	?	28.777449	75.521553	NH 65, Rajasthan
XX-JSGB	XX-JSGB					
JSG	JHARSUGUDA JN			21.862274	84.017427	
KYW	KARCHHUE			26.23112444	84.20715351	
MHRN	MAHENDRANATH			26.000739	84.509909	
TKVR	TAPPA KHAJURIAY			25.807401	84.688889	
DPI	DODDAMPATTI			12.18134581	78.42225009	
SREE	SREE					
AQG	ASHAPURA GOMAT	Rajasthan	NWR	26.950232	71.892665	National Highway 15, Rajasthan
NEA	NEYKKARAPATTI			11.612765	78.096697	
GRL	GORAUL			25.931049	85.318477	
DKJC	DKJC					
KHI	KURHANI			25.979631	85.339288	
VNJ	TIRUPPUR VANJIPALAYAM			11.117791	77.265802	
CBF	COIMBATORE NORTH			11.019937	76.954304	
UMB	AMBALA CANT JN			30.338918	76.826966	
SRO	SIRATHU			25.650642	81.31786	
SJT	SHUJAATPUR			25.605607	81.401934	
BDNP	BIDANPUR			25.585017	81.442017	
MTPC	MOTIPURA CHAUKI	Rajasthan	WCR	24.60933823	77.04829952	Motipura, Rajasthan
HTZ	HATHIDAH JN			25.367027	85.987826	
TSKG	TINSUKIA GOODS					
DDNI	DUDHNOI	Assam	NFR	26.001459	90.76188	Dudhnoi Railway Station, Assam
RDE	RUNDHI			28.067751	77.350991	
IJ	ITAUNJA	Uttar Pradesh	NER	27.081067	80.891234	Itaunja, Uttar Pradesh
RMX	Ramsar	Rajasthan	NWR	25.722252	70.866078	Barmer, Rajasthan
PBE	PILIBHIT JN	Uttar Pradesh	NER	28.614978	79.813946	Pilibhit, Uttar Pradesh
RMB	Rampura Beri	Rajasthan	NWR	28.53013206	75.64547983	Rampura Bhal, Rajasthan
MGS	MUGHAL SARAI JN			25.278149	83.11925	
RSWT	Ramgarh Shekhawati	Rajasthan	NWR	28.169397	74.993046	Ramgarh, Rajasthan
BKNA	BAKAINA HALT			29.0358	78.274731	
HBD	HOSHANGABAD			22.75274	77.715594	
ANA	ASLANA			23.860522	79.319493	
BNI	BUDNI			22.7871143	77.6812826	
YY-IDHW	YY-IDHW					
DMGN	DHAMALGAON	Assam	NFR	27.325566	94.856569	A T Rd, Assam
LKPL	LAKDIKAPUL	Andhra Pradesh	SCR	17.404048	78.463527	Hyderabad, Andhra Pradesh
BRUD	BARUD	Madhya Pradesh	WCR	22.052142	76.814085	Khandwa, Madhya Pradesh
DVL	DEVLALI			19.897509	73.83729	
JRTR	Jurtara			22.253005	79.761272	
REWA	REWA	Madhya Pradesh	WCR	24.537122	81.250615	Rewa, Madhya Pradesh
DOK	DHOLKA	Gujarat	WR	22.731982	72.433842	Bagodara Dholka, Gujarat
NDR	NANDESARI			22.41833164	73.09527343	
MYG	MIYAGAM KARJAN			22.050722	73.120353	
MBA	MAHOBA	Uttar Pradesh	NCR	25.306914	79.849079	Junction Point - Khajuraho, Uttar Pradesh
JGZ	Jamgaon	Madhya Pradesh	SECR	22.418426	80.198945	Bamhani, Madhya Pradesh
BHKH	BAGHOI KUSA			24.83990065	84.46243313	
NOLI	NOLI	Uttar Pradesh	NR	28.746571	77.310771	Ghaziabad, Uttar Pradesh
SUJR	SUJRA	Uttar Pradesh	NR	29.012729	77.261341	State Highway 57, Uttar Pradesh
AMOD	Amod	Gujarat	WR	21.99079117	72.86546468	Amod, Gujarat
LKD	LAKODARA			21.991872	73.098994	
VKL	Vankal	Gujarat	WR	21.43967393	73.23136644	SH 166, Gujarat
BY	BYCULLA	Maharashtra	CR	18.97695	72.833211	Mumbai, Maharashtra
BNR	BHAGWANPUR			25.85831672	85.30109021	
KTY	Kotturu	Tamil Nadu	SWR	14.82678833	76.21354088	Kothur Rd, Tamil Nadu
BLMR	Bhalukmara	Assam	NFR	26.685532	94.143709	Bhalukmara, Assam
ANJ	Anjangaon	Maharashtra	CR	21.16319975	77.31896505	Anjangaon, Maharashtra
DEB	Debagram	West Bengal	ER	23.685277	88.306807	Debagram, West Bengal
ELP	Achalpur	Maharashtra	CR	21.27760302	77.51926278	Dist. Amravati, Maharashtra
BTY	Bethuadahari	West Bengal	ER	23.610275	88.384597	Bethuadahari, West Bengal
WARUD	Warud	Maharashtra	CR	20.74690548	78.65141943	Wardha, Maharashtra
BVAC	BVAC					
BVBC	BVBC					
VLKN	Velankanni	Tamil Nadu	?	10.68687717	79.84618069	Velankanni, Tamil Nadu
PCU	PUTLACHERUVU	Andhra Pradesh	SCR	16.484823	81.112395	Putlacheruvu, Andhra Pradesh
BNPT	BENNIPATTI PIRAPUR			25.89294937	85.30904789	
JM	JALAMB JN			20.813007	76.573236	
GPJ	Gorapur	Andhra Pradesh	ECoR	18.346936	82.79406	Jeypore Rd, Andhra Pradesh
ABEO	Pattaravakkam		SR	13.11449998	80.16618147	
SEG	SHEGAON			20.801724	76.690331	
GDU	Gudru Halt	Madhya Pradesh	SECR	22.2718946	80.11633958	Lamta, Madhya Pradesh
BGNA	Balgona	West Bengal	ER	23.45804972	87.95045645	Balgona, West Bengal
KLNP	Kalinarayanpur	West Bengal	ER	23.206506	88.573216	Ranaghat-Bagula Bypass, West Bengal
NGZ	S K NAGJIHARI			20.761641	76.755353	
PS	PARAS			20.724519	76.815865	
BRDB	Barda	West Bengal	SER	22.15295838	88.08753041	Sutahata, West Bengal
GAO	GAIGAON			20.720684	76.890093	
RRL	REWRAL			21.261121	79.468096	
KHAT	KHAT			21.242242	79.550792	
BRD	BHANDARA ROAD			21.238512	79.647523	
KOKA	KOKA			21.263021	79.712409	
DAO	DAGHORA			21.857535	83.678086	
HGR	HEMAGIRI			21.876504	83.742815	
NIR	Nainpur Junction	Madhya Pradesh	SECR	22.425676	80.108853	Nainpur, Madhya Pradesh
NCH	NAKACHARI	Assam	NFR	26.70813334	94.39391294	Mariani, Assam
APDJ	ALIPUR DUAR JN	West Bengal	NFR	26.523279	89.534048	03564-255091, West Bengal
BRE	BHARWARI			25.5591917	81.4918665	
JTK	Jhitkia	West Bengal	NFR	25.626133	88.052972	National Highway 34, West Bengal
MNJ	MANOHARGANJ			25.524992	81.559075	
SYWN	SAIYID SARAWAN			25.494982	81.613788	
MRE	MANAURI			25.470171	81.662491	
BMU	BAMHRAULI			25.44494	81.741641	
SFG	SUBEDARGANJ			25.439879	81.789897	
KLX	KOLAKALUR			16.295186	80.627521	
CLVR	CHILUVUR			16.379558	80.616908	
KVR	KOVVUR			17.007084	81.726495	
GVN	GODAVARI			17.007707	81.77083	
KJKD	KANJIKODE			10.800919	76.755316	
SNKR	Sanka	West Bengal	SER	23.52693	86.616164	Garh Dhrubeswar, West Bengal
VNK	Binaiki	Madhya Pradesh	SECR	22.72003	79.902424	Binaiki Railway Station, Madhya Pradesh
GCN	Gocharan	West Bengal	ER	22.277738	88.45837	Gocharan, West Bengal
SEY	Seoni	Madhya Pradesh	SECR	22.075431	79.545769	Seoni, Madhya Pradesh
SDMD	Sudamdih	West Bengal	SER	23.654478	86.44032	Jairampur More to Baliapur, West Bengal
PCLS	PCLS					
BJU	BARAUNI JN			25.461768	85.988748	
DMO	DAMOH			23.836693	79.432246	
ADD	ADAS ROAD			22.48662808	73.03469445	
CLC	Chalala	Gujarat	WR	21.4155588	71.1622425	Chalala, Gujarat
RNO	RANOLI			22.4052521	73.11226621	
HP	HARIPUR	Rajasthan	NWR	26.012397	74.024928	Pali, Rajasthan
KUGT	Kumarghat	Tripura	NFR	24.15063031	92.03483312	Kumarghat, Tripura
AWB	AURANGABAD	Maharashtra	SCR	19.859276	75.310646	Aurangabad, Maharashtra
BNL	BEVINAHALU	Andhra Pradesh	SCR	15.16697376	77.21298975	Rayalaseema Region, Andhra Pradesh
VMC	VMC					
SMNH	SOMNATH	Gujarat	WR	20.896132	70.408254	Somnath, Gujarat
CUPJ	CUDDALORE PORT	Tamil Nadu	SR	11.715119	79.766287	Cuddalore Township, Tamil Nadu
PLJ	PALEJ			21.921578	73.072387	
GOLE	GOLE	Rajasthan	NWR	25.891938	72.00004	National Highway 112, Rajasthan
BDX	BDX					
TRO	TIRORA			21.415039	79.918035	
JMG	JAMGA			21.874971	83.564842	
JMSY	JMSY					
AHLR	AHALYAPUR			26.468381	83.824844	
TEL	TENALI JN			16.242409	80.640413	
TAT	Tummanamgutta	Andhra Pradesh	SCR	13.707414	78.379263	Chennai - Anantpur Rd, Andhra Pradesh
CU	CHAGALLU			16.965077	81.690558	
PSDA	PASIVEDALA			16.99331	81.700939	
MBGA	Marwar Bagra	Rajasthan	NWR	25.208689	72.593761	SH 31, Rajasthan
JNE	JANIYANA	Rajasthan	NWR	25.827638	72.336284	State Highway 68, Rajasthan
SMR	SAMDHARI JN	Rajasthan	NWR	25.837202	72.573007	Barmer, Rajasthan
SUT	SUTLANA	Rajasthan	NWR	25.970783	72.951414	Dundara, Rajasthan
PBR	PORBANDAR	Gujarat	WR	21.643598	69.615506	Porbandar, Gujarat
CKVD	Chikkandawadi	Karnataka	SWR	14.13792027	76.20256849	Chikkandawadi, Karnataka
BHG	Bhaton Ki Gali	Rajasthan	NWR	27.105646	75.712919	Chomun, Rajasthan
HMO	Hanumangarh Town	Rajasthan	NWR	29.57422055	74.33120188	Hanumangarh, Rajasthan
SANR	SARDARNAGAR			26.700859	83.494054	
GRD	Giridih	Jharkhand	ER	24.1822559	86.3146452	Giridih, Jharkhand
CC	CHAURI CHAURA			26.673882	83.545894	
KMPT	KOMATIPALLI			18.0235473	79.51589222	
HSP	HASANPARTHI RD			18.078262	79.50185	
GGY	Gagariya	Rajasthan	NWR	25.741083	70.734877	State Highway 40, Rajasthan
NNPR	NONAPAR			26.353209	83.969786	
MW	MAIRWA			26.240309	84.151979	
KUY	TIRUPPUR KULIPALAYAM			11.14402792	77.38931359	
PLL	PARLI			10.800415	76.559421	
AGTL	Agartala	Tripura	NFR	23.792417	91.278481	Agartala, Tripura
MNY	MANKARAI			10.771526	76.500232	
LDY	LAKKITI			10.753217	76.434467	
PLPM	PALAPPURAM			10.75251879	76.39838581	
OTP	OTTAPPALAM			10.770046	76.377993	
MNUR	MANNANUR			10.749322	76.323555	
ZRDE	JIRADEI			26.220819	84.256142	
SV	SIWAN JN			26.210724	84.359267	
PCK	PACHRUKHI			26.162628	84.415667	
DDA	DURAUNDHA JN			26.086973	84.458946	
CW	CHAINWA			26.022117	84.496496	
POK	POKRAN	Rajasthan	NWR	26.930571	71.923129	National Highway 15, Rajasthan
OCH	ODHANIYA CHACHA	Rajasthan	NWR	26.972848	71.718687	National Highway 15, Rajasthan
EKMA	EKMA			25.967099	84.53637	
DDP	DAUDPUR			25.90709	84.591425	
KPS	KOPA SAMHOTA			25.851866	84.652814	
BTHL	BITHAULI			25.817069	85.29179	
GB	GAURI BAZAR			26.594934	83.667801	
BALR	BAITALPUR			26.5526634	83.7385572	
DEOS	DEORIA SADAR			26.50768117	83.7819591	
NRA	NUNKHAR			26.425483	83.880179	
AGMN	Agomoni			26.225947	89.786242	
BND	BHANDUP			19.14200998	72.93723505	
ASR	AMRITSAR JN			31.631512	74.858025	
MUC	MULLURKARA			10.705843	76.271415	
WKI	WADAKANCHERI			10.648956	76.237041	
SOG	SURATGARH JN	Rajasthan	NWR	29.324152	73.907248	National Highway 15, Rajasthan
SNV	Sondad	Maharashtra	SECR	21.079845	80.094149	National Highway 6, Maharashtra
QMRS	Kayamsar	Rajasthan	NWR	28.125576	75.000562	State Highway 41, Rajasthan
AYB	Aliyabad	Karnataka	SWR	16.878268	75.758306	Bijapur, Karnataka
MBF	Munabao	Rajasthan	NWR	25.742614	70.276543	Barmer, Rajasthan
CLDR	Chilikidara	Orissa	ECoR	21.243022	85.827112	Orissa, Orissa
KLYT	Kolayat	Rajasthan	NWR	27.835319	72.955074	Kolayat, Rajasthan
CLD	CHALSA JN	West Bengal	NFR	26.882215	88.798213	Chalsa, West Bengal
CRX	CARRON	West Bengal	NFR	26.880279	88.9704	National Highway 31C, West Bengal
ETF	ITARSI F CABIN			22.61521	77.774856	
CNPI	Chandanpahari	Jharkhand	ER	24.404224	86.953082	Chandanpahari, Jharkhand
MIG	MIDGHAT			22.828141	77.647526	
BNU	BANDAKPUR			23.848206	79.575956	
COD	Chhota Gudha	Rajasthan	NWR	27.293803	75.599508	Ringas, Rajasthan
CHQ	CHOKA			22.864326	77.638968	
MB	MORADABAD			28.831621	78.765801	
IRA	ISRANA	Haryana	NR	29.291379	76.85286	Israna, Haryana
KRCA	KARACHIYA YARD			22.380046	73.132981	
BJW	BAJVA			22.3662226	73.1431251	
CLN	KOLLIDAM	Tamil Nadu	SR	11.332713	79.718347	Vallampadugai, Tamil Nadu
OSHI	OSHI					
CNA	CHANDERIYA	Rajasthan	WR	24.939558	74.629979	Chittorgarh, Rajasthan
CRC	CHARKHARI ROAD	Uttar Pradesh	NCR	25.307556	79.745653	Charkhari, Uttar Pradesh
BTT	BHATNI JN			26.381257	83.934035	
CSZ	Cossimbazar	West Bengal	ER	24.122264	88.266903	Berhampore, West Bengal
VRE	VAREDIYA			21.85838	73.048979	
NIU	NABIPUR			21.807541	73.030592	
KTTY	KTTY					
CVJ	CHAVAJ			21.753134	73.010489	
AKV	ANKLESHWAR JN			21.623889	73.000633	
CNE	CHANDRANATHPUR	Assam	NFR	24.984962	92.716658	National Highway 54, Assam
PAO	PANOLI			21.535197	72.978371	
CNL	CHANDAWAL	Rajasthan	NWR	25.94654272	73.86881458	Pali, Rajasthan
BFY	BHESANA	Rajasthan	NWR	25.82438	73.7180903	Marwar, Rajasthan
HAT	HATHURAN			21.501091	72.969512	
COL	Coromandel	Karnataka	SWR	12.97518	78.257278	KGF, Karnataka
KDSD	KUDSAD			21.37682	72.91648	
SYN	SAYAN			21.317203	72.890287	
MQP	Makrandpur	Uttar Pradesh	NER	28.213407	79.290097	Aonla- Bareilly Link Rd, Uttar Pradesh
GTX	GOTHANGAM			21.294043	72.880104	
MGK	MULANGUNNATHUKAVU			10.596939	76.207809	
CNKP	CHANAKYAPURI	Delhi NCT	NR	28.591905	77.172004	Chanakyapuri, Delhi NCT
URN	UTRAN			21.232602	72.854796	
ST	SURAT			21.206568	72.840793	
UDN	UDHNA JN			21.171156	72.851461	
VRU	VALIVERU			16.188934	80.605456	
MRPL	MARAMPALLI			16.843925	81.633874	
NDD	NIDADAVOLU JN			16.898297	81.675504	
GDM	GUDMA			21.416128	80.287678	
BEF	BHUPDEOPUR			21.97503504	83.25998102	
RIG	RAIGARH			21.891289	83.39067	
KRL	KOTARLIA			21.883182	83.482238	
CTND	Chettinad	Tamil Nadu	SR	10.160613	78.775924	Kanadukathan, Tamil Nadu
SEPR	SHERPUR	Uttar Pradesh	NR	28.919358	78.25287	State Highway 51, Uttar Pradesh
NVS	NAVSARI	Gujarat	WR	20.946851	72.914294	Navsari, Gujarat
JBD	Jalalabad	Punjab	NR	30.60775	74.268446	Jalalabad, Punjab
DDM	DAM DIM	West Bengal	NFR	26.859243	88.671333	National Highway 31, West Bengal
COE	CHITROD	Gujarat	WR	23.417869	70.655356	Kutch, Gujarat
COM	Chomun Samod	Rajasthan	NWR	27.158223	75.70272	Chomun, Rajasthan
DKT	DHULKOT	Haryana	NR	30.395686	76.787535	Ambala City, Haryana
KUW	KANWAR			25.70365207	81.21464405	
CDMR	CHANDAULI MJHWR			25.261093	83.267724	
IGPX	IGPX					
KGA	KHAGA			25.761853	81.102658	
KTCE	KATOGHAN			25.730035	81.165606	
ASCE	ATHSARAI			25.67872881	81.26203008	
CRLM	Carmelaram	Karnataka	SWR	12.907633	77.706014	Bengaluru, Karnataka
CNR	CHANDAR	Goa	SWR	15.264834	74.047794	CHANRA (chandor), Goa
CMDP	Chimidipalli	Andhra Pradesh	ECoR	18.262764	83.076862	Borra, Andhra Pradesh
BDL	VINDHYACHAL			25.1607717	82.5020212	
TSA	TISUA			28.136577	79.586289	
TAS	Thasra	Gujarat	WR	22.797769	73.221682	National Highway 59, Gujarat
GHT	GHAGHARA GHAT			27.1026835	81.5033135	
BV	BABHNAN			26.938525	82.500127	
CLW	Chilwariya	Uttar Pradesh	NER	27.487001	81.698732	Bahraich, Uttar Pradesh
OKAC	OKAC					
GAUR	GAUR			26.913411	82.561158	
TH	TINICH			26.882281	82.639707	
BHTR	BHATPAR RANI			26.3104766	84.0331014	
TUR	TURKI			26.034431	85.354709	
RD	RAM DAYALU NAGAR			26.097367	85.383596	
BTO	BHITAURA			28.469954	79.306506	
PKRA	PARSA KHERA			28.433371	79.341852	
CHTI	CHANETI			28.30879585	79.42916573	
BLPU	BILPUR			28.083668	79.625781	
MK	MIRANPUR KATRA			28.03708	79.674809	
MILA	MILAKPUR HALT			27.98826137	79.71796183	
TLH	TILHAR			27.972984	79.741776	
CQL	CHIRAKKAL	Kerala	SR	11.911049	75.353696	Kannur district, Kerala
PNQ	PUNKUNNAM			10.535054	76.20943	
TCR	THRISUR			10.51479	76.207919	
CMNR	CHAMARAJANAGAR	Karnataka	SWR	11.934891	76.932807	Chamarajnagar, Karnataka
CMJ	CHAMARAJAPURAM	Karnataka	SWR	12.29844	76.637861	Mysore, Karnataka
BKA	BARKHERA			22.917359	77.649646	
ODG	OBAIDULLA GANJ			22.994912	77.587299	
ACL	ANCHELI	Gujarat	WR	20.845167	72.944978	Navsari, Gujarat
CVR	CHORVAD ROAD	Gujarat	WR	21.055196	70.290734	Gadu, Gujarat
CTH	CHIKALTHANA	Maharashtra	SCR	19.859565	75.402851	Aurangabad, Maharashtra
BTKD	BHARATKUND	Uttar Pradesh	NR	26.6360965	82.1273931	Bikapur, Uttar Pradesh
DHW	Dhariwal	Punjab	NR	31.949113	75.321565	Dhariwal, Punjab
SAI	SARAI			25.779962	85.276609	
CPE	Chandiposi	Orissa	SER	22.068677	84.915988	National Highway 23, Orissa
CRU	CHUDAWA	Maharashtra	SCR	19.18032826	77.11693034	Hingoli, Maharashtra
DBB	DHUBRI	Assam	NFR	26.023137	89.977952	Dhubri, Assam
PNP	PANIPAT JN			29.388948	76.963793	
CPS	CHANDPUR SIAU HALT	Uttar Pradesh	NR	29.13201	78.275855	Chandpur, Uttar Pradesh
CX	CHANOL	Gujarat	WR	22.427916	70.538842	State Highway 25, Gujarat
CSR	CHAK SIKANDAR	Bihar	ECR	25.67672024	85.36524615	Chak Sikander, Bihar
CRQ	Charpokhari Halt	Bihar	ECR	25.36151577	84.48760319	Charpokhari, Bihar
VNA	VARANGAON			21.00971319	75.90065779	
DAG	DHANG	Bihar	ECR	26.7174	85.353298	Bhang, Bihar
CRW	Charaud	Haryana	NWR	29.0094584	75.6466632	National Highway 65, Haryana
BTL	BORTALAO			21.218301	80.626207	
KHS	KHARSIA			21.99178	83.102414	
ROB	ROBERTSON			21.988744	83.182508	
CPK	CHAPARMUKH JN	Assam	NFR	26.202272	92.511718	Chaparmukh, Assam
CTW	Chhintanwala	Punjab	NR	30.365958	76.014229	Sherpur Sodhian Link Rd, Punjab
CTA	Chitradurg	Karnataka	SWR	14.231154	76.386431	Chitradurga, Karnataka
AAV	Ambav	Gujarat	WR			Ambav, Gujarat
MDKU	MODUKURU			16.124988	80.583808	
TSR	TSUNDURU			16.157497	80.586487	
NBM	NAVABPALEM			16.831606	81.606702	
NMBR	N MAYURBHANJ ROAD			21.666901	87.038724	
BTS	BASTA			21.7029241	87.0637831	
CTD	Chhota Udepur	Gujarat	WR	22.314788	74.014286	Vadodara, Gujarat
DBY	Digboi	Assam	NFR	27.383483	95.616982	Tinsukia, Assam
CWI	CHONDI	Maharashtra	SCR	19.43061977	77.15566662	Parbhani, Maharashtra
CSDR	CHANNASANDRA	Karnataka	SWR	13.01094072	77.66297057	Bengaluru, Karnataka
PGT	PALAKKAD			10.802091	76.641926	
MNHA	Mindha	Rajasthan	NWR	27.112061	75.33241	Minda to Mandha Bhimsingh Rd, Rajasthan
DBO	DABHODA	Gujarat	WR	23.168331	72.748038	Dabhoda, Gujarat
DABN	DHABAN	Rajasthan	NWR	29.859997	74.54288	Sangaria, Rajasthan
DBI	DABLI RATHAN	Rajasthan	NWR	29.542416	74.19093	Hanumangarh, Rajasthan
SID	SIDDHPUR	Gujarat	WR	23.918067	72.367959	State Highway 41, Gujarat
ARGD	ARIGADA		ECR	23.643461	85.466475	
CTJ	CHHATAINI	Madhya Pradesh	WCR	23.994088	81.287323	Awasthi Sadan Rd, Madhya Pradesh
KTKD	KATANGI KHURD	Madhya Pradesh	WCR	23.77586961	80.48673398	State Highway 10, Madhya Pradesh
CRL	Choral	Madhya Pradesh	WR	22.450677	75.944135	SH 27, Madhya Pradesh
ABSA	Ambassa	Tripura	NFR	23.930507	91.860783	Ambassa, Tripura
NVP	Navalpura			23.289155	73.199554	
DBKA	Dabka	Madhya Pradesh	SCR	21.361353	76.720809	Amlakhurd, Madhya Pradesh
CQR	Champapukur	West Bengal	ER	22.656634	88.80796	Kholapota, West Bengal
NDAZ	NAYA AZADPUR			28.714564	77.166876	
ANDI	ADARSH NAGAR DELHI			28.714205	77.166707	
CUR	Churu	Rajasthan	NWR	28.288281	74.966203	Churu, Rajasthan
BHD	BADLI			28.7468	77.1377425	
KHKN	KHERA KALAN			28.769718	77.115838	
HUK	HOLAMBI KALAN			28.801187	77.102334	
NUR	NARELA			28.846886	77.085727	
CWA	Chhindwara Junction	Madhya Pradesh	SECR	22.058201	78.953212	Chhindwara, Madhya Pradesh
RDDE	RATHDHANA			28.904132	77.059148	
CTPE	Chandanattop Halt	Kerala	SR	8.932478	76.64532	Kilikkollur, Kerala
HNN	HARANA KALAN			28.945425	77.039135	
SNP	SONIPAT			28.989423	77.017343	
SLKN	SANDAL KALAN			29.063432	77.012589	
RUG	RAJLU GARHI			29.090744	77.012109	
GNU	GANAUR			29.130776	77.01075	
BDMJ	BHODWAL MAJRI			29.1852092	77.0082364	
SMK	SAMALKHA			29.240172	77.003034	
DWNA	DIWANA			29.318564	76.980194	
BBDE	BABARPUR			29.449652	76.966178	
KFU	KOHAND			29.494782	76.968758	
GRA	GHARAUNDA			29.541636	76.96575	
BZJT	BAZIDA JATAN			29.613391	76.965812	
KUN	KARNAL			29.694566	76.969821	
BZK	BHAINI KHURD			29.751544	76.955362	
TRR	TARAORI			29.797906	76.93858	
NLKR	NILOKHERI			29.831492	76.925491	
KKDE	KURUKSHETRA JN			29.96944	76.852795	
DAVM	DHANUVACHAPURAM	Kerala	SR	8.378802	77.124352	Dhanuvachapuram, Kerala
CTS	CHATTRIPUT	Orissa	ECoR	18.922722	82.590027	Jeypore, Orissa
DAVJ	D.A.V.C.H. JALANDHAR	Punjab	NR	31.346977	75.56132	Jalandhar, Punjab
DLPI	INDRAPURI	Delhi NCT	NR	28.62834247	77.14358826	Delhi Cantonment, Delhi NCT
GRG	Guwarighat	Madhya Pradesh	SECR	23.110295	79.927613	Gwarighat, Madhya Pradesh
DSJ	DELHI SAFDARJUNG	Delhi NCT	NR	28.582121	77.186969	Netaji Nagar, Delhi NCT
DHRN	DHURANA	Haryana	NR	29.253606	76.803295	Panipat, Haryana
DUK	DUDIA	Rajasthan	NWR	25.934458	72.902042	Dundara, Rajasthan
DAJ	DUROJI	Karnataka	SWR	15.227107	76.70013	Bellary, Karnataka
BTPH	CHAKIA THERMAL HALT			25.40126394	86.01624276	
JDDA	JATHA			22.01598039	82.8753337	
JDI	JHARRADIH			21.999876	83.050747	
DKO	Devakottai Road	Tamil Nadu	SR	10.037611	78.761747	NH 210, Tamil Nadu
DIB	DIBAI	Uttar Pradesh	NR	28.19378	78.303084	Dibai, Uttar Pradesh
CNJO	JUHI OUTER CABIN			26.45319019	80.32390984	
LMA	LAMBIYA	Rajasthan	NWR	25.578334	74.585615	National Highway 79, Rajasthan
DBLG	DBLG					
DOHM	Devgarh Madriya	Rajasthan	NWR	25.610206	73.855552	Devgarh, Rajasthan
NHLG	NHLG					
DYE	DAYANAND NAGAR	Andhra Pradesh	SCR	17.456247	78.53135	Secunderabad, Andhra Pradesh
DBV	DABILPUR	Andhra Pradesh	SCR	17.674226	78.470315	Rangareddy, Andhra Pradesh
JGLP	JGLP					
BGZ	BAHADURGARH	Haryana	NR	28.700863	76.930886	Bahadurgarh, Haryana
PNSR	PNSR					
DME	DAMNAGAR	Gujarat	WR	21.688346	71.509053	Damnagar, Gujarat
AG	Aranghata	West Bengal	ER	23.242037	88.613551	Haranath Para Ln, West Bengal
RLG	RELANGI	Andhra Pradesh	SCR	16.709921	81.64411	Relangi, Andhra Pradesh
CCAB	BMY C CABIN			21.209789	81.443063	
DNDI	DHONDI	Maharashtra	SCR	19.106268	76.736112	State Highway 148, Maharashtra
NDO	NIDUBROLU			16.067904	80.557243	
FKA	Fazilka	Punjab	NR	30.408641	74.025417	Fazilka, Punjab
TDD	TADEPALLIGUDEM			16.809961	81.526314	
PTPU	PRATTIAPADU			16.820865	81.581431	
BDHT	Bardi Halt	Madhya Pradesh	SECR	21.621177	78.822411	State Highway 19, Madhya Pradesh
DJL	Dodajala Lake	Karnataka	SWR	13.183156	77.652122	Hosur Road., Karnataka
DIU	Dhing	Assam	NFR	26.453101	92.450865	National Highway 37, Assam
DGQ	Dugdol	Gujarat	NWR	24.631708	72.096828	Dhanera, Gujarat
DAU	Dagru	Punjab	NR	30.834858	75.047442	Dagru, Punjab
GWH	GHOSHAWAR			25.73742114	85.24335074	
HJP	HAJIPUR JN			25.702909	85.2155	
ENBG	ENBG					
PUK	PUDUKAD			10.420507	76.260707	
NYI	NELLAYI			10.392415	76.275994	
UKL	UTTUKULI			11.156494	77.448615	
TUP	TIRUPPUR			11.108906	77.341247	
SNO	SOMANUR			11.087247	77.18638	
SUU	SULUR ROAD			11.049634	77.11729	
IGU	IRUGUR			11.017199	77.069134	
SHI	SINGANALLUR			11.012921	77.039459	
PLMD	PILAMEDU			11.033241	76.999566	
CBE	COIMBATORE JN			10.997639	76.966298	
PTJ	PODANUR JN			10.965425	76.990125	
MDKI	MADUKARAI			10.900858	76.94295	
IJK	IRINJALAKUDA			10.339456	76.280924	
CKI	CHALAKUDI			10.3017975	76.3218076	
DINR	DIVINE NAGAR			10.28539937	76.33631436	
KRAN	KORATTI ANGADI			10.260123	76.355901	
KUC	KARUKKUTTY			10.225757	76.373077	
AFK	ANGAMALI			10.183676	76.37786	
CWR	CHOVVARA			10.133064	76.372189	
DJ	Darjeeling	West Bengal	NFR	27.038151	88.263326	Darjeeling, West Bengal
AWY	ALUVA			10.108163	76.356508	
KLMR	KALAMASSERY			10.061818	76.326956	
IPL	EDAPPALLY			10.034338	76.298271	
ERN	ERNAKULAM TOWN			9.991582	76.2861	
ETMD	ETTIMADAI			10.898788	76.897155	
WRA	WALAYAR			10.84718103	76.83761351	
DBN	Dhablan	Punjab	NR	30.33791332	76.27691787	Gurudwara Ishar Darbar Rd, Punjab
DBF	Dabpal	Chhattisgarh	?	18.92798	81.488923	Dabpal, Chhattisgarh
DBZ	Dhing Bazar	Assam	NFR	26.455873	92.481039	Mathaouri Rd, Assam
CLMD	CHULLIMADA			10.837165	76.801793	
KTKU	KOTTEKAD			10.815731	76.693457	
DLC	DALMERA	Rajasthan	NWR	28.417832	73.65658	Bikaner, Rajasthan
TNU	TIRUNETTUR			9.933729	76.307657	
KUMM	KUMBALAM			9.906723	76.3116	
AROR	AROOR HALT			9.8791031	76.302833	
EZP	EZHUPPUNNA			9.820288	76.302391	
TUVR	TURAVUR			9.772809	76.309979	
ERSC	ERNAKULAM JN. C			9.97806	76.289859	
DIR	DHANAPUR ORISSA	Orissa	ECoR	18.945173	82.507393	National Highway 43, Orissa
DRN	DEORANIAN	Uttar Pradesh	NER	28.64478	79.476473	SH 37, Uttar Pradesh
BGS	BEGU SARAI	Bihar	ECR	25.425296	86.134476	06243-222853, Bihar
BQQ	BAKHLETA			23.846381	79.96972	
GBP	GULABPURA	Rajasthan	NWR	25.90279519	74.6559545	Gulabpura, Rajasthan
REI	RITHI			23.904168	80.140267	
MBWC	MORADABAD WEST			28.83865785	78.75963388	
HRH	HARTHALA			28.87198721	78.73559543	
GOA	GOHAD ROAD	Madhya Pradesh	NCR	26.480421	78.439153	Bhind, Madhya Pradesh
DHNR	DHANORA DECCAN	Maharashtra	SCR	19.46551744	78.13275403	Kinwat, Maharashtra
ALD	ALLAHABAD JN			25.446241	81.828816	
ETAH	Etah	Uttar Pradesh	NCR	27.571173	78.653919	Etah, Uttar Pradesh
GG	GANDHIGRAM	Gujarat	WR	23.02676	72.568831	Ahmedabad, Gujarat
BSL	BHUSAVAL JN			21.0472812	75.7886717	
KOPR	KOPAR ROAD			19.211345	73.077841	
GGLE	GANGATIKURI	West Bengal	ER	23.71822	88.087286	State Highway 6, West Bengal
KWD	KARWANDIA			24.953195	84.084599	
GDD	Gadra Road	Rajasthan	NWR	25.743851	70.64304	Gadara, Rajasthan
SSM	SASARAM			24.955926	84.019423	
DTAE	DHATRIGRAM	West Bengal	ER	23.277796	88.311822	Dhatrigram, West Bengal
SLOR	SELOO ROAD			20.77665	78.714909	
SNI	SINDI			20.816446	78.883342	
DNUA	Dhansura	Gujarat	WR	23.351916	73.19871	State Highway 68, Gujarat
SGRD	SULGARE			22.019979	82.743775	
BUA	BARADWAR			22.011725	82.813724	
SKT	SAKTI			22.011785	82.956526	
EDU	ERIODU	Tamil Nadu	SR	10.51562799	78.05712899	State Highway 74, Tamil Nadu
SUJ	SARJU			27.111885	81.648076	
GDN	GANGAIKONDAN	Tamil Nadu	SR	8.830736	77.786203	Thoothukudi, Tamil Nadu
LDR	LANDAURA			29.814493	77.941557	
DUN	DUGANPUR			28.658317	79.13019	
CBJ	CLUTTER BUCK GANJ			28.396895	79.371946	
BE	BAREILLY			28.3371543	79.4108444	
NHGJ	NHGJ					
DTC	DITOKCHERRA	Assam	NFR	25.090538	92.798715	North Cachar Hills, Assam
BPG	BADURPUR GHAT	Assam	NFR	24.872902	92.581099	National Highway 53, Assam
GIW	Girdharpur	Rajasthan	NCR	25.845508	76.794583	State Highway 6, Rajasthan
RYS	RASURIYA			28.26396	79.474459	
NYO	NAYAGAON			25.763263	85.099366	
PMU	PARMANANDPUR			25.741291	85.133951	
GIR	Gainsari Junction	Uttar Pradesh	NER	27.5268393	82.54417891	Balrampur, Uttar Pradesh
BPP	BAPATLA			15.9086144	80.4684248	
APL	APPIKATLA			15.970371	80.514466	
MCVM	MACHAVARAM			16.025343	80.541541	
CEL	CHEBROL			16.819948	81.396533	
GGH	Ghogardiha	Bihar	ECR	26.282768	86.468503	Ghoghardiha, Bihar
BPY	BADAMPUDI			16.828104	81.473751	
ARD	AMARDA ROAD			21.734258	87.102374	
PY	PERUNDURAI			11.25334	77.628672	
FSR	FAQARSAR	Punjab	NR	30.189431	74.572572	Fakarsar, Punjab
CFG	CHAKITING	Assam	NFR	26.5616754	94.09565462	Dhodar Ali, Assam
IGR	INGUR			11.22501	77.587299	
VZ	VIJAYAMANGALAM			11.195525	77.522231	
DLA	DOULTA			24.998509	78.429325	
TBT	TALBAHAT			25.039255	78.414552	
MZX	MATATILA			25.0851	78.40284	
BZY	BASAI			25.142923	78.394254	
BAB	BABINA			25.237832	78.451748	
KHJ	KHAJRAHA			25.304158	78.478365	
BJI	BIJAULI			25.3764678	78.5177461	
JHSA	JHANSI A CABIN			25.41949	78.545787	
JHS	JHANSI JN			25.443585	78.552985	
KRQ	KARARI			25.5308	78.509084	
DAA	DATIA			25.64107	78.456356	
SOR	SONAGIR			25.730668	78.409099	
KTRA	KOTRA			25.811254	78.381661	
DBA	DABRA			25.881197	78.331015	
SMTL	SIMARIATAL			25.92199561	78.30425957	
AEH	ANANT PAITH			25.9553895	78.27613209	
FRH	Farhatnagar	Uttar Pradesh	NR	27.081164	80.143212	Farhatnagar, Uttar Pradesh
GATD	Gautamdhara	Jharkhand	SER	23.34988098	85.63299457	Gautamdhara, Jharkhand
GEG	Gir Gadhara	Gujarat	WR	20.906347	70.919246	Junagadh, Gujarat
FLD	Phulad	Rajasthan	NWR	25.623979	73.813118	State Highway 62, Rajasthan
GADM	Ganga Dham	Uttar Pradesh	NER	27.20976	81.930509	Ganga Dham, Uttar Pradesh
DTR	Dhamtari	Chhattisgarh	SECR	20.714515	81.550321	Dhamtari, Chhattisgarh
DRW	DHAREWADA	Gujarat	WR	23.960816	72.378575	Unjha, Gujarat
KZQ	KHIMEL	Rajasthan	NWR	25.300189	73.279577	Jawai Bandh, Rajasthan
HDU	HARDUA			23.91505422	80.28341274	
HDW	HALDWANI	Uttarakhand	NER	29.215097	79.533732	Haldwani, Uttarakhand
AKT	AKALTARA			22.029121	82.422049	
HBU	Halbarga	Karnataka	SCR	17.98847	77.298175	Halbarga, Karnataka
GNH	GANGAKHER	Maharashtra	SCR	18.973377	76.755511	State Highway 217, Maharashtra
NIA	NAILA			22.022964	82.564589	
KMGE	KUMAHU			24.976944	83.946305	
SSG	SHIU SAGAR ROAD			24.999465	83.895453	
CPH	CHAMPA			22.034731	82.665149	
GPX	Gautampura Road	Madhya Pradesh	WR	23.2008894	75.6819899	Barnagar, Madhya Pradesh
RGQ	RAIGADH ROAD	Gujarat	NWR	23.596666	73.183592	National Highway 8, Gujarat
GS	GODHANESHWAR	Gujarat	WR	22.68118	72.36834	Bagodara Dholka Link Rd, Gujarat
GLH	Gulaothi	Uttar Pradesh	NR	28.582962	77.801799	Gulaothi, Uttar Pradesh
HNB	Hasanabad	West Bengal	ER	22.570155	88.912953	Taki, West Bengal
PUA	PULLA			16.809911	81.324846	
KKRM	KAIKORAM			16.815341	81.364219	
JER	JALESWAR			21.79749	87.220491	
FYZ	FAIZULLAPUR			25.869213	80.893347	
ED	ERODE JN			11.327682	77.725934	
HR	Harpalu	Rajasthan	NWR	28.5690538	75.4910471	Bahal, Rajasthan
RUB	RASULABAD			25.826999	80.977088	
SNIE	SATH NARAINI			25.795325	81.03942	
DUR	DESUR	Karnataka	SWR	15.754344	74.49801	Desur, Karnataka
CNC	CHINCHLI	Karnataka	SWR	16.571697	74.855323	Belagavi, Karnataka
MTB	MATLABPUR			28.989821	78.656727	
KNT	KANTH			29.059768	78.621471	
MWE	MEWA NAWADA			29.118385	78.613167	
SEO	SEOHARA			29.204807	78.580977	
CAJ	CHAKRAJ MAL			29.249784	78.536047	
DPR	DHAMPUR			29.305446	78.501588	
HBW	HABIBWALA			29.349034	78.478973	
GKD	GADHAKDA	Gujarat	WR	21.237962	71.381719	Gadhakada Rd, Gujarat
PNI	PURAINI			29.388929	78.445574	
NGG	NAGINA			29.437919	78.424119	
BEK	BUNDKI			29.522577	78.3932854	
GYN	GYANPUR ROAD	Uttar Pradesh	NER	25.28014401	82.42728836	Bhadohi District, Uttar Pradesh
MSDR	MURSHADPUR			29.57239523	78.37564569	
NBD	NAJIBABAD JN			29.60354	78.335733	
FZL	FAZALPUR			29.59374102	78.27795372	
CNK	CHANDOK			29.576786	78.152782	
BLW	BALAWALI			29.6274345	78.1124328	
RSI	RAISI			29.6928321	78.06643355	
AAR	ADESAR	Gujarat	WR	23.5529784	70.9720505	Dist. Kachchh, Gujarat
HRR	HARIHAR	Karnataka	SWR	14.515431	75.812314	Harihar, Karnataka
GVA	Ganguwada	Andhra Pradesh	ECoR	18.66763705	84.1072235	Ganguwada, Andhra Pradesh
GUX	Gurhi	Madhya Pradesh	SCR	21.629554	76.580745	Khandwa, Madhya Pradesh
HMH	HANUMANGARH JN	Rajasthan	NWR	29.614904	74.297633	Hanumangarh, Rajasthan
AAM	Angadippuram	Kerala	SR	10.979489	76.207343	Angadipuram, Kerala
PHR	PHILLAUR JN			31.016907	75.785761	
LDW	LADHOWAL			31.016957	75.785811	
LDH	LUDHIANA JN			30.912367	75.847873	
BHOI	DHANDARIKALAN BLOCK HUT			30.894741	75.87188	
HKR	Kiwar Khed	Maharashtra	SCR	21.186952	76.8767	State Highway 194, Maharashtra
DDL	DHANDARI KALAN			30.874477	75.909491	
SNL	SANAHWAL			30.837436	75.9795	
DOA	DORAHA			30.804137	76.043303	
JSPN	JASPALON			30.78473759	76.08015227	
CHA	CHAWAPALL			30.75946257	76.12746498	
KNN	KHANNA			30.707973	76.225134	
GVG	GOVINDGARH			30.66948343	76.29707391	
SIR	SIRHIND JN			30.624222	76.383194	
SDY	SADHOO GARH			30.5828632	76.4484726	
SBJ	SARAI BANJARA			30.538386	76.515682	
RPJ	RAJPURA JN			30.48645895	76.59402019	
SMU	SAMBHU			30.42902747	76.68414367	
CDL	CHODIALA			29.896398	77.738546	
IQB	IQBALPUR			29.875114	77.803799	
RK	ROORKEE			29.851671	77.87417	
DNRA	DHANDHERA			29.84340298	77.9019228	
DSNI	DAUSNI			29.784745	77.979636	
CPT	CHANNAPATNA	Karnataka	SWR	12.659673	77.203824	Channapatna, Karnataka
KGF	KATHGHAR			28.826066	78.796689	
DLP	DALPATPUR			28.820438	78.877187	
MPH	MUNDHA PANDE			28.800367	78.939038	
RMU	RAMPUR			28.778863	79.023419	
SAR	SHAHZAD NAGAR			28.750033	79.052147	
DAM	DHAMORA			28.707129	79.087745	
AABH	AMBIKA BHAWANI HALT			25.75143367	84.96900335	
DGA	DIGHWARA			25.743938	85.003168	
STLR	SITALPUR			25.76874	85.036638	
JDR	JIWDHARA	Bihar	ECR	26.581722	84.906874	Jiwdhara, Bihar
AWP	AGHWANPUR			28.939542	78.702865	
KIA	KHARI AMRAPUR	Gujarat	WR	23.390711	72.913948	State Highway 237, Gujarat
IMR	IBRAHIMPUR	Karnataka	SWR	16.802926	75.719362	Bijapur, Karnataka
JND	JUNAGADH JN	Gujarat	WR	21.530606	70.457612	Junagadh, Gujarat
JA	JALIYA	Gujarat	WR	21.81635691	71.632491	Ranuja Village Rd, Gujarat
IDP	INDUPALLI	Andhra Pradesh	SCR	16.479094	80.877069	Krishna, Andhra Pradesh
DBL	DODBELE	Karnataka	SWR	13.216441	77.351193	National Highway 4, Karnataka
KVD	KHURMABAD ROAD			25.021489	83.848303	
JBO	Jamadobu	Jharkhand	SER	23.715139	86.410031	Jharia, Jharkhand
KTQ	KUDRA			25.048552	83.793371	
PSE	PUSAULI			25.097235	83.72151	
STPT	SITAMPET			16.797409	81.211206	
JHBN	JHAMATPUR BAHARAN	West Bengal	ER	23.749987	88.098669	Goai, West Bengal
UBC	AMBALA CITY			30.378497	76.763996	
JIT	JIRAT	West Bengal	ER	23.098255	88.461461	Jirat, West Bengal
BMD	BHIMADOLU			16.80848173	81.26109679	
JDD	Jerthi Dadhia	Rajasthan	NWR	27.731618	75.20107747	MDR 87, Rajasthan
LXD	LAKSHANNATH ROAD			21.842011	87.250953	
JGJN	JUGIJAN	Assam	NFR	26.028001	92.81771	National Highway 36, Assam
JMI	JAMGURI	Assam	NFR	26.38770715	93.96044797	National Highway 39, Assam
CSM	CANSAULIM	Goa	SWR	15.344532	73.897226	Arossim Beach Rd, Goa
BPW	BURHPURA			25.211179	78.42955	
IDM	Indemau	Uttar Pradesh	NR	26.318344	80.767021	Indemau, Uttar Pradesh
KSR	KASTURI			27.139983	81.728838	
MIR	MAIJAPUR			27.141734	81.773788	
JNO	Junnor Deo	Madhya Pradesh	CR	22.191279	78.592052	Dongar Parasia, Madhya Pradesh
GDK	GONDA KACHAHRI			27.14022722	81.93402688	
BRCK	BARUACHAK			27.122672	82.055181	
JOL	Jogal	Orissa	?	21.696442	86.882714	Jogal, Orissa
ICL	Ichauli	Uttar Pradesh	NCR	25.520955	80.178833	Maudaha, Uttar Pradesh
MOTG	MOTIGANJ			27.101387	82.103635	
JLHI	JHILAHI			27.07260404	82.17287786	
KAU	Kachna	West Bengal	NFR	25.63373832	88.02464254	National Highway 34, West Bengal
BBHL	Bela Bela			26.13719237	81.24875968	
JOA	JANWAL	Maharashtra	SCR	18.55964	76.755147	Latur, Maharashtra
JADR	Jadar	Gujarat	WR	23.745814	72.952369	State Highway 9, Gujarat
JJW	Jojwa	Gujarat	WR	22.253213	73.642431	Vadodara, Gujarat
MUR	MANKAPUR JN			27.039058	82.227648	
LKNR	LAKHPAT NAGAR			27.02762579	82.27758879	
MSW	MASKANWA			27.00137923	82.3597396	
ANU	ANANGUR			11.39694	77.820053	
POE	Pawapuri Road Halt			25.160225	85.512918	
SNC	S NARAYAN CHPLA			26.9810021	82.39616599	
HSB	Hasanbazar Halt	Bihar	ECR	25.26658231	84.34929578	Hasan Bazar, Bihar
BNGY	BAHMAN JYOTIA			26.96626378	82.427355	
PATI	PARSA TEWARI			26.95565	82.452155	
JI	JHUSI	Uttar Pradesh	NER	25.431145	81.916644	NH 2, Uttar Pradesh
GOVR	GOVINDNAGAR			26.864223	82.707468	
BST	BASTI			26.815678	82.770059	
ORW	ORWARA			26.802389	82.830311	
CRV	CHUREB			26.782155	82.977636	
MOW	MANANWALA			31.612827	74.966562	
JNL	JANDIALA			31.589979	75.054412	
TRA	TANGRA			31.576426	75.107232	
JSH	Jaswantgarh	Rajasthan	NWR	27.668988	74.443968	Sujangarh, Rajasthan
BTR	BUTARI			31.556444	75.183274	
BBKR	BABA BAKALARAYA			31.541835	75.238827	
BEAS	BEAS			31.5193738	75.2908085	
DIW	DHILWAN			31.498953	75.335011	
RYM	RAMIDI HALT			31.46595088	75.40784299	
JKI	Kauriaa Jungle	Uttar Pradesh	?	26.881072	83.299798	National Highway 29, Uttar Pradesh
HMR	HAMIRA			31.45628	75.432702	
KRE	KARTARPUR			31.432388	75.492544	
SRX	SURA NUSSI			31.380553	75.541964	
POM	Punthottam			10.93262802	79.65731229	
LOHA	Loha	Rajasthan	NWR	28.006921	74.619424	Ratangarh, Rajasthan
BBSL	BABA SODHAL NAGAR			31.35302035	75.56486813	
JUC	JALANDHAR CITY			31.331665	75.591499	
KBA	Kurabalakota	Andhra Pradesh	SCR	13.666284	78.485843	Kurabalakota Railway Station, Andhra Pradesh
JRC	JALANDHAR CANT			31.306235	75.632106	
ABE	Ambikeshwar	Madhya Pradesh	NCR	26.368567	77.963828	State Highway 2, Madhya Pradesh
CEU	CHIHERU			31.26269475	75.70669128	
MLIH	MAULI HALT			31.175	75.769234	
MAUL	MAULA ALI			31.17531	75.769544	
GRY	GORAYA			31.129722	75.774193	
JTO	Jutogh	Himachal Pradesh	NR	31.100734	77.122043	Shimla, Himachal Pradesh
JPS	Jamalpur Shaikhan	Punjab	?	29.699949	75.857438	MDR 101, Punjab
BTTN	BHATIAN			31.071444	75.780007	
PPDA	PANCHPATIA DEORIA HALT			25.76873066	84.93612938	
KHBV	KHARBAO	Maharashtra	CR	19.297247	72.983444	Thane, Maharashtra
KEV	KELA DEVI	Rajasthan	WCR	27.015612	77.329069	Bharatpur, Rajasthan
KDE	KORADACHERI	Tamil Nadu	SR	10.771022	79.490035	Koradacheri, Tamil Nadu
SHGN	SHRI GHASINAGAR			27.08651484	76.62680541	
QGT	KOLAGHAT			22.43433092	87.87965366	
BW	BIWAI			27.11062304	76.69609247	
KHM	KUSMHI			26.72824	83.453837	
NYN	NAINI			25.393138	81.860042	
CTHR	CHITAHRA	Madhya Pradesh	WCR	24.862627	80.842854	MDR 11, Madhya Pradesh
STA	SATNA	Madhya Pradesh	WCR	24.568619	80.827717	Satna, Madhya Pradesh
KALS	KALAS HALT	Karnataka	SWR	15.08644671	75.3899777	State Highway 6, Karnataka
KLPM	KAILASAPURAM	Tamil Nadu	SR	8.847387005	77.9946102	Thattaparai, Tamil Nadu
KHNP	Khanapur Deccan	Karnataka	SCR	17.942175	77.382161	State Highway 4, Karnataka
KBSH	Krishna Ballabh	Jharkhand	ER	24.255819	86.482965	Giridih, Jharkhand
KEMA	KUKMA	Gujarat	WR	23.217031	69.766265	Kutch, Gujarat
KKDI	Karaikkudi Junction	Tamil Nadu	SR	10.068518	78.793315	Ariyakudi Road, Tamil Nadu
JXN	JIRONA	Maharashtra	?	19.407451	77.951395	Nanded, Maharashtra
KJZ	KARONJI	Chhattisgarh	SECR	23.282475	82.923013	Devipur, Chhattisgarh
KDZ	Kandaghat	Himachal Pradesh	NR	30.965544	77.106996	Kandhaghat, Himachal Pradesh
NPB	Nagapattinam Beach	Tamil Nadu	SR	10.764487	79.848443	Nagapattinam, Tamil Nadu
MNU	MUNDIKOTA			21.372513	79.834833	
JWN	Jiwa Arain	Punjab	NR	30.673761	74.355654	State Highway 20, Punjab
KWN	KACHEWANI			21.43031	79.981657	
AGN	AMGAON			21.36129286	80.3746491	
LNMA	LNMA					
DURG	DURG			21.200327	81.291837	
KPNA	KAPAN			22.026018	82.494827	
KDTR	KIRODIMALNAGAR			21.926994	83.332507	
MTGE	MUTHANI			25.173237	83.619143	
SPF	STUARTPURAM			15.868003	80.406913	
EE	ELURU			16.717816	81.119762	
DEL	DENDULURU			16.781406	81.180472	
AGV	ANGUA			21.892582	87.269923	
DNT	DANTAN			21.930376	87.284055	
KHTN	Khutauna	Bihar	ECR	26.494365	86.397414	Khutuana, Bihar
BBU	BHABUA ROAD			25.173007	83.618913	
KJC	Kasganj City	Uttar Pradesh	NER	27.814972	78.658063	State Highway 33, Uttar Pradesh
DGO	DURGAUTI			25.207897	83.539684	
MVPM	MAVELIPALAIYAM			11.48091401	77.89921205	
SGE	SANKARIDURG			11.445732	77.870439	
DCX	DHANICHHA			25.2271654	83.49083723	
KID	KHAIRAR JN	Uttar Pradesh	NCR	25.451955	80.236073	NH-76 Banda(05192-224813), Uttar Pradesh
KHOH	KHOH	Uttar Pradesh	NCR	25.209491	80.979976	National Highway 76, Uttar Pradesh
KLI	Kauli	Punjab	NR	30.418388	76.519879	National Highway 64, Punjab
KLAR	KULPAHAR	Uttar Pradesh	NCR	25.29552	79.63751	Kulpahar, Uttar Pradesh
KMS	KARAMNASA			25.239738	83.430892	
KHBJ	KHANNA BANJARI	Madhya Pradesh	WCR	23.897087	80.822716	State Highway 11, Madhya Pradesh
SYJ	SAIDRAJA			25.253531	83.35118	
GAQ	GANJ KHAWAJA			25.273922	83.184363	
FOCM	FLYOVER CABIN MUGHALSARAI			25.289359	83.172391	
KCT	Kirakat	Uttar Pradesh	NER	25.645355	82.924798	Jaunpur, Uttar Pradesh
KLD	KHALILABAD			26.77453	83.055073	
MHH	MAGHAR			26.750013	83.133741	
SIPR	SIHAPAR			26.75790323	83.16487228	
SWA	SAHJANWA			26.763075	83.2147	
MWH	MALWAN			26.017246	80.685594	
JTB	JAGATBELA			26.772224	83.278505	
KJS	Krishnarajasagar	Karnataka	SWR	12.401426	76.567029	Mandya District, Karnataka
KLK	Kalka	Haryana	NR	30.837667	76.931759	Kalka, Haryana
PNS	PILLAMSHAT					
KKS	KURASTI KALAN			25.955085	80.752455	
FTP	FATEHPUR			25.917489	80.801869	
DMG	DOMINGARH			26.765251	83.341993	
BTK	BANKATA			26.265917	84.09492	
KKL	KALA BAKRA	Punjab	NR	31.47518121	75.6303478	Dhogri Rd, Punjab
BAGL	BARAGOPAL			25.765088	84.906765	
ATNR	AWATAR NAGAR			25.764396	84.956774	
KHKT	KHOTKHOTI	Assam	NFR	25.952483	93.754761	Golaghat Rd, Assam
ARI	ANTRI			26.03523372	78.22669945	
KDPS	KADIPUR SANI HA	Uttar Pradesh	NER	27.862753	80.779037	Kadipur Sani, Uttar Pradesh
KITN	KHIRI TOWN	Uttar Pradesh	NER	27.902944	80.788481	Kheri, Uttar Pradesh
MNF	MANDA ROAD			25.162718	82.236678	
MZP	MIRZAPUR			25.13435	82.569869	
JHG	JHINGURA			25.12447467	82.65134645	
PRE	PAHARA			25.11978426	82.72478169	
DAP	DAGMAGPUR			25.098881	82.800991	
CAR	CHUNAR			25.103351	82.874703	
KYT	KAILAHAT			25.155223	82.947581	
ARW	AHRAURA ROAD			25.19650072	83.01888346	
JEP	JEONATHPUR			25.23139812	83.06189545	
NEWC	NEW WEST CABIN			25.27379	83.10921	
PRKD	POWERKHEDA			22.673479	77.747363	
ITKL	ITAYAKALAN			23.049837	77.5462	
KOZ	KOSMA	Uttar Pradesh	NCR	27.156663	78.837282	Kosma, Uttar Pradesh
MDDP	MANDI DIP			23.093747	77.511077	
KTM	KUTRALAM	Tamil Nadu	SR	11.069825	79.557389	Kuthalam, Tamil Nadu
NGN	NANDGAON			20.307616	74.659526	
KTX	KATAKHAL JN	Assam	NFR	24.83436	92.627067	Hailakandi, Assam
KRBA	Korba	Chhattisgarh	SECR	22.337584	82.713013	Korba, Chhattisgarh
ET	ITARSI JN			22.608258	77.767128	
KSAR	KUDALA SANGAM	Karnataka	SWR	16.306774	75.891059	NH 13, Karnataka
KIAT	KYATSANDRA	Karnataka	SWR	13.31619639	77.14811271	Tumkur, Karnataka
KSPR	KASHIPURA SARAR			22.120086	73.145838	
CNT	CONTAI ROAD			22.078584	87.33984	
KRMD	Kuarmunda	Orissa	SER	22.286675	84.789851	Sundargarh, Orissa
GEA	GHATERA			23.8293873	79.6733909	
KQD	KHAIRATABAD DCN	Andhra Pradesh	SCR	17.414221	78.46165	Hyderabad, Andhra Pradesh
MHUL	Mehuwala Halt			29.411154	75.314968	
ORKI	ORKI	Rajasthan	NR	30.091597	73.891318	National Highway 15, Rajasthan
HYA	HADIAYA	Punjab	NR	30.337054	75.477006	Khudi Rd, Punjab
MLQ	Malkera Junction	Jharkhand	SER	23.779733	86.296949	National Highway 32, Jharkhand
KOHR	Kohir Deccan	Andhra Pradesh	SCR	17.608886	77.711977	Telangana Region, Andhra Pradesh
HMQ	HIMMATPURA	Haryana	NR	29.750497	75.860597	Tohana, Haryana
NBKH	NABA GRAM KANKU	West Bengal	ER	23.661572	88.10026	Nabagram Kakurhati, West Bengal
ABKA	AMBIKA KALNA	West Bengal	ER	23.211377	88.353984	Kalna, West Bengal
KMAE	KHAMARGACHHI	West Bengal	ER	23.054229	88.44421	Khamargachi, West Bengal
IPPM	IPURUPALEM			15.851913	80.385122	
KNNK	Kanina Khas	Haryana	NWR	28.321249	76.300375	MDR 124, Haryana
NZD	NUZVID			16.649931	80.961528	
KNH	Konch	Uttar Pradesh	NCR	25.99510551	79.15770702	Kocha, Uttar Pradesh
VAT	VATLUR			16.69451	81.044473	
HOJ	HAMITONGANJ	West Bengal	NFR	26.688907	89.416841	Hamiltonganj, West Bengal
IPRA	IPRA					
KMKD	KHAMKHED			20.904161	76.122339	
NSI	NIKURSINI			22.004654	87.306186	
KTKL	KOTLI KALAN	Punjab	NR	30.04110224	75.29755056	State Highway 12A, Punjab
JSRD	Jhankad Sarala Road	Orissa	?	20.290186	86.304284	Jhankad, Orissa
DPT	Dalpat Singhpur			29.929458	73.524416	
BLDA	BELDA			22.07144398	87.33691374	
MAKR	MALKHERI			24.169924	78.223009	
DC	MAGUDANCHAVADI			11.55092	77.987264	
BJQ	BAGHORA			24.1358767	78.2603362	
KYE	KHURAI			24.051525	78.331128	
SMRR	SUMRERI			24.006945	78.399411	
KOY	KHEROL	Gujarat	WR	23.310434	72.934133	State Highway 237, Gujarat
JLM	JALIYA MATH	Gujarat	WR	23.227583	72.877596	State Highway 68, Gujarat
JRK	JERUWA KHERA			23.973745	78.478729	
CV	KAVERI			11.351027	77.760945	
ISH	ISARWARA			23.927214	78.548987	
CPMR	CPMR					
NOI	NARIAOLI			23.89567	78.604147	
KSI	Kosli	Haryana	NWR	28.411947	76.464704	Tumna Rd, Haryana
RTZ	RATONA			23.83539	78.685372	
SGO	SAUGOR			23.84735	78.74292	
KUV	Kundara	Kerala	SR	8.960373	76.678549	Kundara, Kerala
DEC	DELHI CANTT	Delhi NCT	NR	28.613534	77.116577	Mayapuri Industrial Area Phase II/Lajwanti Garden, Delhi NCT
MKRN	MAKRONIA			23.86705	78.808077	
LDA	LIDHORA KHURD			23.852972	78.872323	
KYX	KARHIYA BHADELI			23.858464	79.504563	
GTY	GOLA PATI			23.798776	79.738652	
SAO	SAGONI			23.81189615	79.81143897	
SYA	SALAIA			23.84607642	79.96911659	
KMLR	Kamalur	Chhattisgarh	ECoR	18.854521	81.276887	Kamalur, Chhattisgarh
MJGP	MAJHGAWAN PHATA			23.88313329	80.3474741	
KMZ	KATNI MURWARA			23.8343563	80.4014844	
KNPS	Kendposi	Jharkhand	SER	22.294845	85.732482	National Highway 75, Jharkhand
BKO	BINDKI ROAD			26.116562	80.580557	
KSQ	KANSPUR GUGAULI			26.074302	80.625838	
NGTN	NAGOTHANE	Maharashtra	CR	18.539932	73.140769	Raigad, Maharashtra
KNF	Khanudih	Jharkhand	SER	23.820218	86.192157	Bokaro, Jharkhand
AGD	AGASOD			24.234023	78.216912	
KOA	KARONDA			24.330273	78.265477	
MXS	MOHASA			24.378687	78.2889	
KORI	Khori	Haryana	NWR	28.187268	76.498091	State Highway 26, Haryana
DUA	DHAURA			24.44965	78.321791	
JLN	JAKHALAUN			24.547359	78.341911	
JRO	JIRON			24.608534	78.361937	
LAR	LALITPUR			24.688222	78.395791	
DWA	DAILWARA			24.78059	78.392945	
JHA	JAKHAURA			24.870821	78.400513	
GKB	GHATAKA VARANA			25.506883	76.160353	
LRD	LAR ROAD	Uttar Pradesh	NER	26.21389	83.910183	Deoria, Uttar Pradesh
LHM	LEHRA MUHABBAT	Punjab	NR	30.236037	75.162817	National Highway 64, Punjab
JL	JALGAON JN			21.018115	75.562875	
ARE	ARNETHA			25.38977848	76.01867417	
LBG	LIMBGAON	Maharashtra	SCR	19.1764581	77.20613425	Huzur Sahib Nanded, Maharashtra
KPTN	KESHORAI PATAN			25.324522	75.937733	
GNCN	GURLA N CABIN			25.29723039	75.904656	
HPR	HIRAPUR			20.42454023	74.93666	
GQLN	GURLA N			25.29360315	75.90029863	
MASK	MAISAR KHANA	Punjab	NR	30.099805	75.13917	State Highway 12A, Punjab
LKBL	LAKHABAWAL	Gujarat	WR	22.409215	69.999514	Jamnagar, Gujarat
GQLW	GURLA W			25.29033018	75.8848308	
KZY	Kayalpattinam	Tamil Nadu	SR	8.566912	78.09973	Arumuganeri, Tamil Nadu
GQL	GURLA			25.270233	75.885268	
SNJL	SANJALI			21.57580912	72.98861337	
XX-CLDO	XX-CLDO					
DDYX	DDYX					
KURO	Korari	Uttar Pradesh	NR	26.48788	80.529002	State Highway 38, Uttar Pradesh
XX-SUNB	XX-SUNB					
KSB	KOSAMBA JN			21.464052	72.954598	
KCCN	KCCN			25.239081	75.879265	
MNVL	MNVL					
KMNP	Kishan Manpura	Rajasthan	NWR	27.299546	75.504945	State Highway 19, Rajasthan
STN	SITARAMPUR			23.723864	86.896472	
TNW	THAPAR NAGAR			23.769198	86.70137	
MAI	MEHSI	Bihar	ECR	26.354898	85.096319	Mehsi, Bihar
LMT	ALMATTI	Karnataka	SWR	16.3459	75.9005	Bijapur, Karnataka
KXK	Kharkhauda	Uttar Pradesh	NR	28.833445	77.739043	State Highway 18, Uttar Pradesh
LKDU	Lankalakoderu	Andhra Pradesh	SCR	16.534517	81.681244	Lankala Koderu, Andhra Pradesh
ABKP	AMBIKAPUR	Chhattisgarh	SECR	23.137032	83.145109	Surguja, Chhattisgarh
LM	LIMBDI	Gujarat	WR	22.56604	71.789599	Limbdi, Gujarat
LGO	LalgopalGanj	Uttar Pradesh	NR	25.642195	81.630185	Lal Gopalganj, Uttar Pradesh
CI	CHHAPRA KACHERI			25.785987	84.747095	
GJH	GOLDINGANJ			25.754174	84.827254	
KGWD	KAGWAD					
LAP	Lohapur	West Bengal	ER	24.302357	87.963719	Sagardighi Railway Station, West Bengal
JAQ	JANDRAPETA			15.809517	80.333681	
CLX	CHIRALA			15.830755	80.353602	
VRVL	VIRAVALLI			16.615947	80.912201	
KUP	KUP	Punjab	NR	30.60073163	75.85284596	Kup Khurd, Punjab
CRWL	CHAK RAKHWAL					
LLJ	LalGanj	Uttar Pradesh	NR	26.172392	80.973175	Lalganj, Uttar Pradesh
CKB	CHAUTH KA BARWARA			26.051333	76.149053	
CRKR	CHAURAKHERI	Rajasthan	WCR	24.567234	77.122019	Chaurakher, Rajasthan
DXD	DIGOD	Rajasthan	WCR	25.196344	76.015396	Kota, Rajasthan
KJME	KAJORAGRAM	West Bengal	ER	23.615327	87.184665	Near Andal, West Bengal
MAE	Matheran	Maharashtra	CR	18.989244	73.270911	Matheran, Maharashtra
MADA	Maonda	Rajasthan	NWR	27.809478	75.827673	State Highway 13, Rajasthan
VRPD	VIRAPANDY ROAD			11.59699	78.074581	
KBN	KARBIGWAN			26.200502	80.502629	
AUNG	AUNG			26.16423	80.544495	
LNN	LONAND	Maharashtra	CR	18.040769	74.190477	Jn Point Daund /Miraj /Pune, Maharashtra
SLV	SANDALPUR			26.113488	78.196395	
STLI	SITHOULI			26.145594	78.187004	
GWL	GWALIOR JN			26.216483	78.182292	
RRU	RAYARU			26.307454	78.129864	
BAO	BANMOR			26.355565	78.0989272	
KXA	Kuanriya	Rajasthan	NWR	25.130668	74.000153	State Highway 12, Rajasthan
NUB	NURABAD			26.406044	78.078092	
SANK	SANK			26.43052	78.059751	
MRA	MORENA			26.500504	78.003442	
HET	HETAMPUR			26.611148	77.942969	
GHER	GHER			26.666953	77.950981	
DHO	DHAULPUR			26.697592	77.906049	
KZB	Kurumbur	Tamil Nadu	SR	8.585755	78.03964	Thoothukudi, Tamil Nadu
NCU	Nallacheruvu	Andhra Pradesh	SCR	14.020565	78.177734	Chennai - Anantpur Rd, Andhra Pradesh
MIA	MANIA			26.805806	77.91965	
JJ	JAJAU			26.934561	77.936725	
BFP	BILOCHPURA AGRA			27.202619	77.987169	
LWS	LUKWASA	Madhya Pradesh	WCR	25.110195	77.590102	Lukwasa, Madhya Pradesh
RNKA	RUNKUTA			27.22285	77.897935	
TKEC	TUGLAKABAD EAST CABIN			28.547701	77.276461	
MALA	MALA	Uttar Pradesh	NER	28.592851	79.916972	Pilibhit, Uttar Pradesh
MBO	Mairabari	Assam	NFR	26.450839	92.421058	Nagaon, Assam
MAA	MAVAL	Rajasthan	NWR	24.432277	72.70044	National Highway 14, Rajasthan
KWI	KIVARLI	Rajasthan	NWR	24.54050716	72.8424187	Shri Amirgadh, Rajasthan
SLBN	SALAI BANWA			24.42121336	83.00889544	
DIWR	DIWR					
CUKI	CUKI					
NKJ	NEW KATNI JN			23.81363704	80.42045394	
MMM	MANDAPAM	Tamil Nadu	SR	9.280516	79.157354	National Highway 49, Tamil Nadu
MJHL	MAJADA HALT	Uttar Pradesh	NR	28.461762	78.743209	Majada Halt, Uttar Pradesh
MLMG	MALLEMADUGU	Andhra Pradesh	SCR	17.32513819	80.16058821	Khammam, Andhra Pradesh
RTGN	RATANGAON			23.83657609	79.89251063	
PTHD	PATOHAN			23.91401651	80.19046729	
MLSU	MALSAILU	Maharashtra	SCR	19.86804892	77.12323764	Hingoli, Maharashtra
XX-BDXO	XX-BDXO					
ABS	ABOHAR	Punjab	NR	30.13938342	74.19568618	Abohar, Punjab
MONJ	MONGLAJHORA	Assam	NFR	26.259236	89.963309	Dhubri Kochugaon Rd, Assam
MHO	MAHPUR	Uttar Pradesh	NER	25.605166	83.246984	Mahpur Bhimapar Marg, Uttar Pradesh
GSPR	GOSALPUR	Madhya Pradesh	WCR	23.381806	80.059225	Jabalpur, Madhya Pradesh
MML	MADAN MAHAL	Madhya Pradesh	WCR	23.159475	79.920425	Jabalpur, Madhya Pradesh
MLP	MALLAPUR	Karnataka	SWR	15.672447	75.610219	State Highway 30, Karnataka
ABW	Abutara Halt	West Bengal	NFR	26.0707762	89.5868746	Dinhata, West Bengal
VGL	VAGHLI			20.522649	75.074337	
MGB	Mudigubba	Andhra Pradesh	SCR	14.349934	77.994996	Mudigubba, Andhra Pradesh
MKSR	Mokalsar	Rajasthan	NWR	25.62535022	72.51804452	Mokalsar, Rajasthan
MYK	MAYAKONDA	Karnataka	SWR	14.284214	76.081381	State Highway 47, Karnataka
DKZ	DELHI KISHANGANJ	Delhi NCT	NR	28.664732	77.201256	Sarai Rohilla, Delhi NCT
MORA	MORAIYA	Gujarat	WR	22.946834	72.454814	National Highway 8A, Gujarat
KRZ	KHARAWAR	Haryana	NR	28.83154	76.681044	Kharawar, Haryana
MKDD	MUKUNDWADI HALT	Maharashtra	SCR	19.859544	75.367553	Aurangabad, Maharashtra
ABX	AMBARI	Maharashtra	SCR	19.6893607	78.21668478	Kinwat, Maharashtra
BQT	BAKTAR NAGAR			23.589945	87.156899	
RNG	RANIGANJ			23.602851	87.11698	
NMC	NIMCHA			23.626716	87.090288	
KPK	KALIPAHARI			23.6652	87.01593	
ASNE	ASANSOL EAST			23.686432	86.991176	
ASN	ASANSOL JN			23.691441	86.975152	
BCQ	BARACHAK			23.706726	86.928133	
MIAL	Milaoli	Madhya Pradesh	NCR	26.296423	78.120963	National Highway 3, Madhya Pradesh
ZARP	ZARAP	Maharashtra	KR	15.94768	73.734105	Sindhudurg, Maharashtra
MGI	Manigachi	Bihar	ECR	26.213719	86.146605	Darbhanga, Bihar
MHN	Mahanadi	West Bengal	NFR	26.882301	88.318628	Pankhabari Rd, West Bengal
MKRD	Machhakunda	Orissa	ECoR	18.566875	82.666955	Padwa Rd, Orissa
MHI	Manihari	Bihar	NFR	25.34321547	87.61972501	Manihari Railway Station, Bihar
HLG	Hillgrove	Tamil Nadu	SR			Nilgiris, Tamil Nadu
TOU	TELAPROLU			16.598822	80.890556	
MDKD	MADHUKUNDA	West Bengal	SER	23.62663	86.869091	Barakar, West Bengal
PMPR	PAMPORE			26.24510008	80.48354242	
MRJ	MIRAJ JN	Maharashtra	CR	16.819946	74.638839	Maniknagar Bypass, Maharashtra
BHA	BHANDAI			27.06906445	77.96680748	
MNWL	MANWAL	Jammu and Kashmir	NR	32.769105	75.132225	Jandrah, Jammu and Kashmir
AGC	AGRA CANTT			27.157992	77.990153	
RKM	RAJA KI MANDI			27.193811	77.996613	
KXM	KITHAM			27.253709	77.817054	
FHT	FARAH TOWN			27.318183	77.758086	
MDVL	MANDAVALLI	Andhra Pradesh	SCR	16.51880931	81.16074404	Mandavalli, Andhra Pradesh
FAR	FARAH			27.334474	77.743659	
CPLE	CHINPAI	West Bengal	ER	23.839677	87.460637	National Highway 60, West Bengal
BAD	BAAD			27.3959406	77.68965184	
VRBD	VRINDABAN ROAD			27.555461	77.622835	
AJH	AJHAI			27.63615	77.558423	
CHJ	CHATA			27.711992	77.502978	
KSV	KOSI KALAN			27.788551	77.445999	
BNCR	BANCHARI			27.953085	77.362553	
MJNL	MAJRI NANGAL	Rajasthan	NWR	28.011997	76.554869	State Highway 52, Rajasthan
DSPT	DANISHPET			11.85891916	78.13825634	
SHLK	SHOLAKA			27.973644	77.360583	
PWL	PALWAL			28.151841	77.342232	
AST	ASAOTI			28.250878	77.323569	
PYLA	PIYALA BLOCK HUT			28.288129	77.317824	
BVH	BALLABGARH			28.34086092	77.31277597	
TNT	TINNAPPATTI			11.812422	78.098803	
KPPR	KARUPPUR			11.724176	78.090379	
FDN	FARIDABAD NEW TOWN			28.376248	77.309368	
TKDC	TUGLAKABAD CABIN			28.458853	77.303032	
TKD	TUGLAKABAD			28.511963	77.294046	
MIN	Mihinpurwa	Uttar Pradesh	NER	28.02734412	81.38446715	Mihinpurwa, Uttar Pradesh
MME	Mul Marora	Maharashtra	SECR	20.053466	79.658279	Mul, Maharashtra
MDPB	MADHOPUR PUNJAB	Punjab	NR	32.359168	75.594728	Madhopur, Punjab
GILA	GHIALA	Punjab	NR	32.151615	75.643939	MDR 42, Punjab
MEX	MUKERIAN	Punjab	NR	31.941873	75.611838	Mukerian, Punjab
MLC	MALKISAR	Rajasthan	NWR	28.654232	73.862645	Bikaner, Rajasthan
KVJ	KESHAVGANJ	Rajasthan	NWR	24.856164	73.071329	Jawai Bandh, Rajasthan
NEMA	Nema Halt	Bihar	?	25.40959229	85.07224851	National Highway 22, Bihar
MV	MAYILADUTURAI JN	Tamil Nadu	SR	11.095237	79.62868	Mayiladuthurai, Tamil Nadu
NILE	NIMTITA	West Bengal	ER	24.625338	88.00764	NH-34, West Bengal
BLRD	BALA ROAD	Gujarat	WR	22.80462	71.703754	State Highway 19, Gujarat
MRTY	MURTI	Maharashtra	SCR	18.681887	76.591573	State Highway 169, Maharashtra
MCJ	MANJATTIDAL	Tamil Nadu	SR	10.792057	78.731401	Mela Kalkandar Kottai Tiruchchirappalli 620011, Tamil Nadu
VG	VIRAMGAM JN			23.129098	72.052968	
RHNE	ROHINI			20.36287145	74.85980072	
XSK	SOKALI			23.10318792	72.09033854	
JKA	JAKHVADA			23.08720761	72.13538132	
VCN	VIROCHANNAGAR			23.07848423	72.19618361	
TGR2	BLOCK AND CATCH SIDING CABINE NO.2			19.701406	73.499954	
MZH	MAUHARI	Madhya Pradesh	SECR	23.118661	81.769465	Amarkantak Rd, Madhya Pradesh
MVD	MULVAD	Karnataka	SWR	16.620372	75.746926	Bijapur, Karnataka
NDV	NIDVANDA	Karnataka	SWR	13.24514195	77.27312551	NH 207, Karnataka
CE	CHHARODI			23.04912352	72.25091861	
MRHA	Murahara	Bihar	?	24.91338044	86.93452611	Murahara, Bihar
WSE	VASAN IYAWA			23.02655761	72.31312501	
NANR	Naranpur	Orissa	ECoR	21.617209	85.637868	Naranpur Railway Station, Orissa
SPBK	SPBK					
SAU	SANAND			23.02421582	72.38474947	
GGM	GORA GHUMA			23.038848	72.454405	
ABD	AMBLI ROAD			23.05437	72.494044	
CLDY	CHANDLODIYA			23.074516	72.543606	
NDH	Nindhar Benar	Rajasthan	NWR	27.00388171	75.72909641	Benad Rd, Rajasthan
KOTA	KOTA JN			25.223553	75.8805	
SBTF	SABARMATI F CABIN			23.085912	72.570106	
MTH	MATAUNDH	Uttar Pradesh	NCR	25.418978	80.148507	National Highway 76, Uttar Pradesh
NAD	NAGDA JN			23.45592	75.412491	
KRSA	KHARSALIYA			22.70508794	73.55448093	
DRL	DEROL			22.630205	73.462158	
NDY	Nandi Halt	Karnataka	SWR	13.384142	77.712486	Nandi, Karnataka
BRC	VADODARA JN			22.310756	73.181065	
BKRL	BAKROL			22.58810268	73.41920428	
TNGR	THONGANUR			12.08227	78.358665	
BDY	BUDDIREDDIPPATI			12.04465861	78.3127518	
BQI	BOMMIDI			11.98469844	78.24628054	
LCR	LOKUR			11.927787	78.174049	
MZQ	MAJGAON ASSAM	Assam	NFR	26.430697	90.574137	National HIghway 31, Assam
CPN	CHAMPANER RD JN			22.541916	73.393378	
LAN	LOTANA			22.523268	73.363557	
SMLA	SAMLAYA JN			22.483966	73.302104	
AIR	ALINDRA ROAD			22.440575	73.239854	
PIO	PILOL			22.39641	73.186675	
MQX	MERALGRAM	Jharkhand	ECR	24.19691	83.709634	Garhwa, Jharkhand
CYI	CHHAYAPURI			22.388284	73.179698	
MYE	Mandhali	Punjab	NR	31.204703	75.831855	Mandhali, Punjab
SRWN	SARASWATINAGAR			21.251382	81.603905	
MWF	MAGARDAHA	Uttar Pradesh	ECR	24.388753	82.905844	Obra, Uttar Pradesh
MFQ	MAHROI	Madhya Pradesh	WCR	23.951414	80.919501	State Highway 10, Madhya Pradesh
LEK	LAKHAKHERA	Madhya Pradesh	WCR	23.7639	80.574139	Lakhakhera, Madhya Pradesh
NDM	NIDAMANURU	Andhra Pradesh	SCR	16.507237	80.730551	Vijayawada, Andhra Pradesh
MTR	MOTIPUR	Bihar	ECR	26.25703872	85.16819722	National Highway 28, Bihar
MRLI	Murli Halt	Jharkhand	ER	25.017163	87.773199	Pakur, Jharkhand
MWRN	Madwarani	Chhattisgarh	SECR	22.165407	82.711553	Janjgir-Champa, Chhattisgarh
DDAC	DDAC					
XX-ANK	XX-ANK					
RXM	ROOMA			26.35704	80.430357	
NIRA	NIRA	Maharashtra	CR	18.10496492	74.20908244	Satara, Maharashtra
HALT	HALT					
ULT	KULTI			23.737816	86.84887	
MTV	Matalkunta	Andhra Pradesh	SCR	17.768291	77.56294	Telangana Region, Andhra Pradesh
BRR	BARAKAR			23.7416829	86.818859	
KMME	KUMARDUBI			23.747453	86.794065	
MMU	MUGMA			23.751414	86.747614	
KAO	KALUBATHAN			23.758149	86.661294	
PKA	PRADHANKHUNTA			23.77259	86.515977	
MSTH	Misrikh Tirath	Uttar Pradesh	NR	27.422484	80.530303	Sitapur, Uttar Pradesh
MRIJ	Murliganj	Bihar	ECR	25.888506	87.000446	Murliganj, Bihar
DOKM	DOKRA HALT			23.782884	86.480808	
DHN	DHANBAD JN			23.790966	86.428956	
MGWN	MAHGAWAN HALT	Uttar Pradesh	NR	25.817256	82.696251	Nawab Yousuf Rd, Uttar Pradesh
DDD	DHONDHA DIH	Uttar Pradesh	NER	25.672848	83.79552	MDR 94E, Uttar Pradesh
KHED	KHED	Maharashtra	KR	17.712059	73.408815	Khed, Maharashtra
AT	ASNOTI	Karnataka	KR	14.876286	74.147683	Uttara Kannada, Karnataka
MTM	Machilipatnam	Andhra Pradesh	SCR	16.171258	81.137763	Machilipatnam, Andhra Pradesh
JN	JHUND			23.16060896	71.93614663	
SADL	SADLA			23.134597	71.850678	
BDI	BHADLI			21.02366325	75.67291233	
TRW	TARSOD			21.025557	75.633215	
OSA	AUSA ROAD	Maharashtra	CR	18.37722963	76.40799217	State Highway 77, Maharashtra
KJ	KAJGAON			20.573753	75.140405	
NMD	NOMODA	Rajasthan	WCR	26.280074	76.57945	MDR 111, Rajasthan
HDGR	HADGAON ROAD	Maharashtra	SCR	19.332339	77.722863	Nanded, Maharashtra
PRJ	PRANTIJ	Gujarat	WR	23.439324	72.862688	National Highway 8, Gujarat
CSN	CHALISGAON JN			20.464109	74.999049	
BRGZ	VADODARA E CABIN			22.363671	73.159395	
NRV	NARIYAR	Bihar	ECR	26.240376	85.217642	Nariyaar, Bihar
NRY	Nyoriya Husenpur	Uttar Pradesh	NER	28.734528	79.889661	Neoria Husainpur, Uttar Pradesh
PPF	PIPLAJ	Rajasthan	NWR	26.164809	74.377466	Beawar, Rajasthan
APA	AMARPURA	Rajasthan	NWR	26.110973	74.249302	Kharwa, Rajasthan
NUQ	NAGAR UNTARI	Jharkhand	ECR	24.285735	83.514165	Garhwa, Jharkhand
KSE	KOSAD			21.255892	72.86573	
SBC	BANGALORE CITY JN	Karnataka	SWR	12.977595	77.568083	Bengaluru, Karnataka
TLD	TILDA			21.550734	81.794586	
GED	GULEDAGUDDA RD	Karnataka	SWR	16.069516	75.695659	SH 44, Karnataka
NBL	NIMBAL	Karnataka	SWR	17.118384	75.859907	Bijapur, Karnataka
NVG	Nawagaon	Madhya Pradesh	CR	22.088704	78.436386	Nayagaon, Madhya Pradesh
NIL	Nilambur Road	Kerala	SR	11.278805	76.254779	Nilambur, Kerala
NOMD	Noamundi	Jharkhand	SER	22.15311	85.513684	National Highway 215, Jharkhand
ACH	Achalganj	Uttar Pradesh	NR	26.444642	80.545415	Bithar, Uttar Pradesh
OSRA	Osra	Madhya Pradesh	WR	23.1782623	75.7792945	Madhya Pradesh, Madhya Pradesh
PAGM	Pennada Agraharam	Andhra Pradesh	SCR	16.541296	81.577652	West Godavari, Andhra Pradesh
NLN	NAILALUNG	Assam	NFR	25.77437851	93.38880975	TV Centre Road, Assam
KDY	KETTANDAPATTI			12.626458	78.571491	
XX-GTLB	XX-GTLB					
UGD	UPPUGUNDURU			15.650668	80.194463	
XX-TNGC	XX-TNGC					
XX-HPTB	XX-HPTB					
CJM	CHINNA GANJAM			15.689502	80.236773	
KVDU	KADAVAKUDURU			15.72254051	80.2572977	
OTN	OATING	Assam	NFR	26.4298089	93.98727379	National Highway 39, Assam
NZR	NAZIRA	Assam	NFR	26.905961	94.72848	Nazira Ali, Assam
NMN	Namanasamudram	Tamil Nadu	SR	10.327487	78.777507	Namunasamudiran, Tamil Nadu
NPU	Nadiapur	Tripura	NFR	24.385641	92.204092	Nadiapur, Tripura
NNX	NANAUTA	Uttar Pradesh	NR	29.712202	77.442397	MDR 2W, Uttar Pradesh
MTJ	MATHURA JN			27.480145	77.673117	
ITRN	Itwari Jn (Ng)			21.156859	79.118302	
BTSR	BHUTESHWAR			27.50137	77.66784	
HDL	HODAL			27.886147	77.38869	
OKA	OKHLA			28.559332	77.264825	
OEL	OEL	Uttar Pradesh	NER	27.819798	80.74816	Oel, Uttar Pradesh
PD	PHARADAHAN	Uttar Pradesh	NER	27.993457	80.631949	SH 21, Uttar Pradesh
MOLK	MOLAKARAMPATTI			12.466956	78.541815	
KEY	KAGANKARAI			12.412541	78.510114	
KNNT	KUNNATHUR			12.360518	78.497376	
SLY	SAMALPATTI			12.311594	78.484032	
DST	DASAMPATTI			12.251026	78.438356	
MAP	MORAPPUR			12.124073	78.393874	
NSA	Nishangara	Uttar Pradesh	NER	28.112457	81.311271	Uttar Pradesh, Uttar Pradesh
OGM	Oorgaum	Karnataka	SWR	12.95409	78.259747	KGF, Karnataka
NYG	Nayagarh	Orissa	?	21.839609	85.433342	National Highway 215, Orissa
MHUR	Mohanpur	Jharkhand	ER	24.488461	86.785648	Mohanpur, Jharkhand
ONR	Coonoor	Tamil Nadu	SR	11.343714	76.791337	Coonoor, Tamil Nadu
OBM	Obalapuram	Andhra Pradesh	SWR	15.009799	76.836422	Bellary-Hiriyur Rd, Andhra Pradesh
KPRR	KOTAPAR ROAD	Chhattisgarh	ECoR	19.041434	82.30895	Bhansuli Kotpad PMGSY Rd, Chhattisgarh
INDRG	INDRG					
GNSYM	GNSYM					
JTX	JATPIPLI			23.07635433	71.70221634	
BAJN	BAJANA			23.10173524	71.77207677	
VSV	VASADVA			23.03516251	71.59528381	
DHG	DHRANGDHRA			22.9871651	71.4791076	
SUK	SUKHPUR			23.014848	71.243815	
HVD	HALVAD			23.0185158	71.1829095	
DHNL	DHANALA			23.009171	71.084085	
DVY	DEVALIYA			23.02777493	71.01248185	
KHXB	KHAKHRECHI			23.056445	70.90346	
WDHR	WADHARVA			23.07645	70.828521	
MALB	MALIYA MIYANA			23.10316687	70.75488469	
KATR	KATARIYA			23.289037	70.604533	
VONB	VONDH			23.303951	70.399876	
BCOB	BHACHAU BG			23.301391	70.344972	
CHIB	CHIRAI BG			23.208801	70.242149	
BMSB	BHIMASAR BG			23.186504	70.174975	
GIMC	GANDHIDHAM CABIN			23.095023	70.150716	
PIP	PIPLIA	Madhya Pradesh	WR	24.203693	75.007483	Panth Pipalia, Madhya Pradesh
PNF	PANGAON	Maharashtra	SCR	18.634293	76.635315	Pangaon, Maharashtra
PNRA	PANIARA	Uttar Pradesh	NER	25.902065	83.525851	National Highway 29, Uttar Pradesh
PRLI	PARLI VAIJNATH	Maharashtra	SCR	18.853005	76.524424	Parli-Vaijnath, Maharashtra
HRDR	HARSAR DEHRI	Himachal Pradesh	NR	32.104872	76.038491	Harsar Dehri, Himachal Pradesh
RKH	RAKHIYAL	Gujarat	WR	23.260621	72.903803	Rakhiyal, Gujarat
PLK	PALIA KALAN	Uttar Pradesh	NER	28.426644	80.582392	Palia Kalan, Uttar Pradesh
KVL	KIZHELUR	Tamil Nadu	SR	10.754288	79.743134	THIRUKKANNANGUDI Rd, Tamil Nadu
SHU	SHOLINGHUR			13.013974	79.484589	
PPA	PIPRA	Bihar	ECR	26.489784	84.985735	National Highway 28, Bihar
SBT	SABARMATI JN			23.077546	72.589282	
SBTA	SABARMATI A CABIN			23.050805	72.592931	
ANND	ANAND JN			22.561307	72.965733	
VXD	VADOD			22.515278	73.00645	
VDA	VASAD JN			22.452351	73.059991	
VS	VISHVAMITRI			22.283933	73.178656	
MPR	MAKARPURA			22.232706	73.175422	
BSCN	BHUSAWAL C CABIN			21.046545	75.821624	
PDL	PENDEKALLU	Andhra Pradesh	SCR	15.374513	77.647361	Kurnool, Andhra Pradesh
OLR	THRISSUR OLLUR HALT			10.473342	76.237184	
BDRL	BYADARAHALLI	Karnataka	SWR	12.5019534	76.75208323	State Highway 17, Karnataka
Y	YELIYUR	Karnataka	SWR	12.51062093	76.82957502	Bangalore-Mysore Rd, Karnataka
ACG	ACHEGAON			20.976217	75.934247	
CNBI	CHANDARI			26.428098	80.360645	
RPRL	RAPARLA HALT			15.619244	80.169121	
KPLL	KOTTA PANDILA PALLI			15.761414	80.281949	
VTM	VETAPALEMU			15.783376	80.30065	
IPPN	IPURUPALEM HALT			15.852303	80.385512	
PUU	Punalur	Tamil Nadu	SR	9.023336	76.916104	Punalur, Tamil Nadu
HJI	HOJAI	Assam	NFR	26.001794	92.851752	Hojai Rd. Ph:- 03674-252136., Assam
RHI	Rakhi	Rajasthan	NWR	25.68714801	72.55446924	MDR 13, Rajasthan
MHBG	Mahadev Buzurg	Uttar Pradesh	NER	27.451001	82.87452	Mahadeva Buzrug, Uttar Pradesh
PGC	Panchgachia	Bihar	ECR	25.969294	86.598221	Station Rd, Bihar
GDPT	GUDAPARTI			17.02817475	82.13113916	
SLO	SAMALKOT JN			17.044827	82.168724	
PAP	PITHAPURAM			17.11087	82.257512	
PGP	Panduranga Pura	Andhra Pradesh	SCR	17.718238	80.76459	Manuguru, Andhra Pradesh
GLP	GOLLAPROLU			17.15166449	82.29081756	
MVRM	MALLAVARAM			17.18102505	82.31528514	
DGDG	DURGADA GATE			17.21247657	82.34899409	
RVD	RAVIKAMPADU			17.230245	82.368151	
ANV	ANNAVARAM			17.269633	82.419677	
PRTN	Pratapnagar	Gujarat	WR	22.281143	73.210289	Vadodara, Gujarat
TMPM	TIMMAPURAM			17.28893639	82.45041264	
RGT	RAJGHAT HALT			21.764462	87.155076	
RRJ	RAMARAJU PALLI	Andhra Pradesh	SCR	15.041948	77.617367	Rayalaseema Region, Andhra Pradesh
KVTA	KARUVATTA HALT	Kerala	SR	9.316791	76.431242	Ashramam- Pulipra, Kerala
SMYD	SMYD					
PLM	PANELI MOTI	Gujarat	WR	21.874341	70.152647	Paneli Moti, Gujarat
RTGH	Ratangarh Junction	Rajasthan	NWR	28.06658671	74.62360257	Ratangarh, Rajasthan
SBI	SABARMATI JN			23.072985	72.587162	
PMH	Parao Mahna	Punjab	NR	30.811762	75.272772	Mehna, Punjab
GI	GUDUVANCHERI			12.844886	80.057147	
UPM	URAPPAKKAM			12.867247	80.071751	
VDR	VANDALUR			12.89128	80.084393	
PRGL	PERUNGULATTUR			12.905451	80.095486	
PLSN	Palsana	Rajasthan	NWR	27.484876	75.38008	Palsana, Rajasthan
RNW	Renwal	Rajasthan	NWR	27.149463	75.356234	Kishangarh Renwal, Rajasthan
CTT	CHITRASANI	Gujarat	NWR	24.267558	72.488653	Chitrasani, Gujarat
IQG	IQBAL GADH	Gujarat	NWR	24.34603286	72.53378154	Banaskantha, Gujarat
SZA	SAROTRA ROAD	Gujarat	NWR	24.377144	72.592045	Sarotra, Gujarat
NANA	NANA	Rajasthan	NWR	24.925895	73.110095	Nana, Rajasthan
BBQ	BASIN BRIDGE JN			13.102361	80.271221	
TMVL	TIRUMULLAIVAYIL			13.11554896	80.13704247	
KBT	KADAMBATTUR			13.099513	79.862172	
TO	TIRUVALANGADU			13.090096	79.763145	
EL	ELAMANUR	Tamil Nadu	SR	10.879069	78.57336	NH 67, Tamil Nadu
SUBL	HUBLI SOUTH			15.332581	75.17639	
RR	RICHHA ROAD	Uttar Pradesh	NER	28.717269	79.488904	State Highway 37, Uttar Pradesh
RGH	RAMGARHWA	Bihar	ECR	26.87384283	84.79714865	NH 28A, Bihar
SES	SEMARI	Rajasthan	NWR	24.07001	73.841822	MDR 11, Rajasthan
PUC	PUDUCHATIRAM	Tamil Nadu	SR	11.54052991	79.73039395	NH 45A, Tamil Nadu
RHA	Ranaghat Junction	West Bengal	ER	23.173344	88.568184	Ranaghat, West Bengal
PVL	PASUPATIKOVIL	Tamil Nadu	SR	10.884228	79.19204	Ayyampet, Tamil Nadu
RPZ	Ranapratapnagar	Rajasthan	NWR	24.582417	73.728056	Udaipur, Rajasthan
RAGM	RAJAGAMBIRAM	Tamil Nadu	SR	9.725053	78.409255	Rajagambeeram, Tamil Nadu
CVD	CHAVADIPALAIYAM	Tamil Nadu	SR	11.255404	77.800933	SH 84, Tamil Nadu
RCRA	Ramchaura	Uttar Pradesh	NER	26.9979519	83.26840578	National Highway 29, Uttar Pradesh
RJAK	RAJNAGAR	Madhya Pradesh	NCR	24.90347607	79.87690026	Rajnagar, Madhya Pradesh
DPL	DANAULI PHLWRIA	Bihar	ECR	25.420471	86.249406	Danauli Phlwria, Bihar
SFE	Sanodiya	Rajasthan	NWR	27.011244	75.279108	Hingonia, Rajasthan
BH	BHARUCH JN			21.706907	72.997689	
BDWD	BODWAD			20.9035827	76.017046	
KLHD	KOLHADI			20.900243	76.058938	
DMD	DHARMADAM	Kerala	SR	11.778949	75.46377	Kannur District, Kerala
QLD	QUILANDI	Kerala	SR	11.446139	75.693924	Quilandi, Kerala
SK	SAKHUN	Rajasthan	NWR	26.73807863	75.09118941	Ajmer, Rajasthan
HNHL	Harnahalli	Karnataka	SWR	14.04849031	75.45828601	Harnahalli, Karnataka
AJJ	ARAKKONAM			13.081512	79.667991	
AVN	ANAVARDIKHANPET			13.05050406	79.56735043	
RMV	RAMAVARAPPADU	Andhra Pradesh	SCR	16.52620138	80.67971388	Vijayawada, Andhra Pradesh
GOY	GOVINDPURI			26.454423	80.313203	
JTJ	JOLARPETTAI			12.560852	78.57782	
CPNL	KANPUR C PANEL			26.453655	80.318069	
DEOR	DIYODAR	Gujarat	WR	24.113489	71.770888	Banaskantha, Gujarat
PFL	PIPRALA	Gujarat	WR	23.652484	71.097619	National Highway 15, Gujarat
GMC	KANPUR GOODS MARSHAL			26.452292	80.33956	
RMP	RAHIMATPUR	Maharashtra	CR	17.612152	74.17217	Satara, Maharashtra
RRP	Rairangpur	Orissa	SER	22.440956	86.1642075	Mayurbhanj, Orissa
RJY	RAJAMUNDRY			16.984159	81.783901	
PTPR	Pratabpur	Uttar Pradesh	NER	28.47641889	79.81454552	Pilibhit, Uttar Pradesh
RSNR	Rai Singh Nagar	Rajasthan	NWR	29.535956	73.450472	Raisinghnagar, Rajasthan
RNB	Ranpura	Rajasthan	NCR	26.579427	77.44262	Rajpura, Rajasthan
RSA	Risama	Chhattisgarh	SECR	21.058881	81.324776	Durg Rajhara Rd, Chhattisgarh
TI	TIRUNINRAVUR			13.123744	80.026949	
RLX	Ramanujampalli	Andhra Pradesh	SCR	14.440531	77.87191	Ramanujampalli Station, Andhra Pradesh
VEU	VEPPAMPATTU			13.123937	79.998727	
PLMG	PULIYAMANGALAM			13.08349683	79.68623783	
KSVM	KESAVARAM			16.930994	81.879858	
DWP	DWARAPUDI			16.927556	81.922661	
AWR	ALWAR	Rajasthan	NWR	27.559273	76.621265	Alwar, Rajasthan
APT	ANAPARTI			16.935817	81.953181	
BVL	BIKKAVOLU			16.96931683	82.03114807	
PBD	PEDABRAMADVAM			16.990821	82.078986	
MPU	MEDAPADU			17.005091	82.096133	
CRPM	CHANDRAMPALEM			17.08540953	82.22310966	
HVM	HAMSAVARAM			17.309947	82.484867	
TUNI	TUNI			17.36108	82.542462	
GLU	GULLIPADU			17.409805	82.63345	
NRP	NARSIPATNAM RD			17.452852	82.724605	
REG	REGUPALEM			17.505201	82.790267	
BVM	BAYYAVARAM			17.660147	82.930592	
KSK	KASIMKOTA			17.673315	82.963751	
AKP	ANAKAPALLE			17.695503	83.008851	
THY	THADI			17.686438	83.064292	
DVD	DUVVADA			17.703843	83.152059	
ROL	Rajuli	Maharashtra	SECR	20.171116	79.703505	Rajoli, Maharashtra
MRB	MUNIRABAD	Karnataka	SWR	15.308524	76.335537	Munirabad, Karnataka
RTK	Ramtek	Maharashtra	SECR	21.400715	79.326499	Ramtek, Maharashtra
RIM	Rajim	Chhattisgarh	SECR	20.969475	81.867426	Nawapara Nagar, Chhattisgarh
SJNP	SUJANPUR	Punjab	NR	32.31198	75.613465	Sujanpur, Punjab
SGRA	SANGARIA	Rajasthan	NWR	29.792508	74.466053	Sangariya, Rajasthan
TBM	TAMBARAM			12.92603569	80.11915738	
TBMS	TAMBARAM SANATORIUM			12.937978	80.131614	
CMP	CHROMEPET			12.951627	80.141157	
PV	PALLAVARAM			12.968273	80.152451	
JSR	JASRA	Uttar Pradesh	NCR	25.280002	81.774617	Jasra, Uttar Pradesh
SBHR	Subrahmanya Road	Karnataka	SWR	12.73127246	75.55761503	Nettana Railway Station, Karnataka
SCL	SILCHAR	Assam	NFR	24.830338	92.786795	03842-263094, Assam
SHM	KOLKATA SHALIMAR	West Bengal	SER	22.555508	88.315615	Howrah/Kolkata, West Bengal
SCO	SATUNA	Maharashtra	SCR	19.494861	76.348052	Satona, Maharashtra
SAPT	Sugapahari	Jharkhand	ER	24.27891967	86.56873572	Madhupur, Jharkhand
XX-TNAB	XX-TNAB					
SAF	SALKHAPUR	Uttar Pradesh	NR	25.655084	82.680471	Kathiravan Paramalpatti Rd, Uttar Pradesh
NGP	NAGPUR			21.153567	79.089004	
SKS	SALEKASA			21.30163	80.493224	
SOD	SOJAT ROAD	Rajasthan	NWR	25.862203	73.755672	Pali, Rajasthan
SMV	Sumaoli	Madhya Pradesh	NCR	26.37298891	77.91546154	State Highway 2, Madhya Pradesh
SGRL	SINGRAULI	Madhya Pradesh	ECR	24.204257	82.642735	Singrauli, Madhya Pradesh
SKW	Sheikhupur	Uttar Pradesh	NER	28.003862	79.10473	State Highway 33, Uttar Pradesh
SAK	Sak Bahadurpur	Gujarat	WR	22.178375	73.559848	Vadodara, Gujarat
SAHI	SATHI	Bihar	ECR	27.015885	84.503862	Paroraha, Bihar
SFA	SANHERA HALT	Uttar Pradesh	NR	28.903375	77.282339	Sunehra/Khekra, Uttar Pradesh
SFDE	SAFIDON	Haryana	NR	29.39793	76.661424	Safidon, Haryana
SD	SIDHAULI	Uttar Pradesh	NER	27.281002	80.837587	Sidhauli, Uttar Pradesh
MDVE	MAHENDRA VADI			13.022631	79.517851	
AMG	ALAMNAGAR			26.84708	80.860312	
SDG	SAHADAI BUZURG	Bihar	ECR	25.66149086	85.45508755	Buzurg, Bihar
SGDP	Sagadapata	Orissa	ECoR	21.244692	85.909396	Orissa, Orissa
PNK	PANKI			26.459172	80.236441	
SLGR	SIMALUGURI JN	Assam	NFR	26.917281	94.756816	way to SLGR, Assam
SG	SHAHGARH	Uttar Pradesh	NER	28.559235	80.043015	Pilibhit, Uttar Pradesh
MNI	MANGAON	Maharashtra	KR	18.247286	73.275679	Lonere - Mangaon, Maharashtra
KXJ	Karimganj Junction	Assam	NFR	24.860717	92.373769	Karimganj Town, Assam
HAA	HARWADA	Karnataka	KR	14.740762	74.259657	Kochi - Panavel Rd, Karnataka
ANKL	ANKOLA	Karnataka	KR	14.645347	74.332936	Uttara Kannada, Karnataka
SDC	SAIDABAD	Uttar Pradesh	NER	25.379137	82.120195	Handia, Uttar Pradesh
MS	CHENNAI EGMORE			13.077678	80.260193	
KRV	KARAVADI			15.553014	80.113156	
ANB	AMMANABROLU			15.596402	80.148353	
KAQ	KOLANUKONDA			16.448173	80.604782	
KCC	KRISHNA CANAL			16.477152	80.604553	
SPRM	Sitapuram Halt	Orissa	ECoR	18.814443	83.982854	Paralakhemundi, Orissa
SLPM	Shivalingapuram	Andhra Pradesh	ECoR	18.196655	83.066187	Coastal Andhra Region, Andhra Pradesh
BZA	VIJAYAWADA JN			16.518262	80.618648	
RYC	Rayakkottai	Tamil Nadu	SWR	12.514891	78.027508	Hosur- Dharmapuri Highway, Tamil Nadu
GALA	GUNADALA			16.537426	80.667911	
SBW	Shewbabudih	Jharkhand	SER	23.659482	86.390668	Sbewbabudi, Jharkhand
MBD	MUSTABADA			16.546882	80.731768	
GWM	GANNAVARAM			16.555839	80.795715	
PAVP	PEDDA AVUTAPALE			16.562545	80.839432	
SDI	Sagardighi	West Bengal	ER	24.287789	88.105398	Murshidabad District, West Bengal
SDNR	Seydunganallur	Tamil Nadu	SR	8.639358	77.834992	Thoothukudi, Tamil Nadu
RUT	RATNAL	Gujarat	WR	23.186898	69.897403	SH 46, Gujarat
ERS	ERNAKULAM JN			9.969542	76.290672	
DK	Dakor		WR	22.747203	73.1585918	
MGLI	Mangli			20.643536	79.666123	
SVH	Sonadanga	West Bengal	ER	23.636393	88.354092	National Highway 34, West Bengal
SMBX	SAMBA	Jammu and Kashmir	NR	32.528358	75.120256	Ram Nagar, Jammu and Kashmir
SEX	Seroni Road	Madhya Pradesh	NCR	25.943966	76.884471	State Highway 23, Madhya Pradesh
SOS	SOMESAR	Rajasthan	NWR	25.520226	73.450999	Somesar, Rajasthan
SUKU	Suku	Orissa	ECoR	18.714329	82.726061	State Highway 48, Orissa
PWU	PARANUR			12.7302	79.98366	
SKL	SINGAPERUMAL KOIL			12.76246043	80.00105896	
MMNK	MARAIMALAM NAGAR			12.79662	80.019875	
CTM	KATTANGULATTUR			12.805715	80.026118	
POTI	POTHERI HALT			12.820868	80.03693	
TLM	TRISULAM			12.98064	80.166111	
MN	MINAMBAKKAM			12.98432	80.174625	
PZA	PALAVANTHANGAL			12.990115	80.186651	
STM	ST THOMAS MOUNT			12.994906	80.199392	
GDY	GUINDY			13.007672	80.211922	
SP	SAIDAPET			13.02415	80.224183	
MBM	MAMBALAM			13.038154	80.228164	
MKK	KODAMBAKAM			13.052566	80.231305	
NBK	NUNGAMBAKKAM			13.065363	80.232742	
MSC	CHENNAI CHETPAT			13.074663	80.24337	
SQF	SUKRITIPUR	Assam	NFR	24.913078	92.582849	K Rd, Assam
SXR	SERNDANUR	Tamil Nadu	SR	11.869105	79.518251	National Highway 45C, Tamil Nadu
PRAR	PAROR	Himachal Pradesh	NR	32.08098	76.460155	National Highway 20, Himachal Pradesh
HNH	HANUMANAHALLI	Karnataka	SWR	14.35894762	75.99878145	Hiretogaleri, Karnataka
SPGR	SAMPIGE ROAD	Karnataka	SWR	13.270203	76.760983	Tumkur, Karnataka
SPX	SAPATGRAM	Assam	NFR	26.334709	90.109558	Dhubri, Assam
SSZ	SADDA SINGHWALA	Punjab	NR	30.02825581	75.32479556	State Highway 12A, Punjab
CWLE	CHOWRIGACHA	West Bengal	ER	23.942472	88.186451	Chowrigacha Railway Station, West Bengal
LRU	LALPUR UMRI	Rajasthan	WCR	26.429998	76.680536	SH 1, Rajasthan
MXL	MOKHOLI	Rajasthan	WCR	26.160967	76.460845	MDR 111, Rajasthan
TNGL	TORANAGALLU	Karnataka	SWR	15.203137	76.663924	Toranagallu, Karnataka
SVHE	SISVINHALLI	Karnataka	SWR	15.43003605	75.31936155	Dharwad, Karnataka
LKX	LAKSHMIPUR	West Bengal	ER	23.502512	88.302374	Lakshmipur Railway Station, West Bengal
MYGL	MIYAGAM KARJAN JUNCTION NG			22.050132	73.119763	
SWC	SHIVRAMPUR	Uttar Pradesh	NCR	25.219375	80.826783	National Highway 76, Uttar Pradesh
SPDM	SINGHPUR DUMRA	Madhya Pradesh	NCR	25.06578142	79.89649549	Singhpurdumra, Madhya Pradesh
DMLE	DUMURDAHA	West Bengal	ER	23.040053	88.432662	Dumurdahadham, West Bengal
SRZ	SARDARGARH	Rajasthan	NWR	29.364244	73.740791	Sri Ganganagar, Rajasthan
DL	DALADI	Gujarat	WR	22.585067	71.069304	Daladi, Gujarat
BRGY	VADODARA D CABIN			22.344458	73.159087	
CSTM	MUMBAI CST	Maharashtra	CR	18.944481	72.836903	Mumbai, Maharashtra
KNHN	KANTHAN JN			21.225502	79.238908	
MLD	MALIHABAD			26.930598	80.715032	
G	GONDIA JN			21.462435	80.190842	
SYF	Semai	Madhya Pradesh	NCR	26.282698	77.516308	State Highway 2, Madhya Pradesh
SRTE	Soorothee	Rajasthan	NCR	26.657818	77.702774	Bari, Rajasthan
DBEC	DEVBALODA CHARODA			21.21335	81.45049	
SRR	SHORANUR JN			10.758855	76.272196	
LATI	LATIA CABIN			22.027897	82.402106	
BPH	BELPAHAR			21.8272123	83.8490763	
DNGD	Dungarda	Gujarat	WR			Gujarat, Gujarat
PHVP	PHVP					
SSI	Shirsai	Maharashtra	CR	18.314696	74.578044	Daund-Baramati Rd Daund, Maharashtra
BSBP	BIR SHIBPUR			22.473359	88.053112	
MRGM	MAURIGRAM			22.58015403	88.2560779	
SPV	Sivapur	Karnataka	SWR	13.647065	75.939298	Bangalore Honavar Rd, Karnataka
SRF	Sagar Jambagaru	Karnataka	SWR	14.142728	75.154712	Sagar, Karnataka
SMPA	Shampura	Rajasthan	WCR	25.222941	75.233108	Bhilwara, Rajasthan
DXK	DHANA KHERLI	Uttar Pradesh	NCR	26.950169	77.535779	Fatehpur Sikri, Uttar Pradesh
RBS	RUPBAS	Rajasthan	NCR	26.99038038	77.59096323	Roopvas, Rajasthan
FTS	FATEHPUR SIKRI	Uttar Pradesh	NCR	27.093989	77.670597	Agra, Uttar Pradesh
PTLI	PATHAULI	Uttar Pradesh	NCR	27.15684319	77.92459376	Agra Fort, Uttar Pradesh
TNR	TANGUTURU			15.337535	80.033546	
OGL	ONGOLE			15.498064	80.057404	
RMW	ROSHAN MAU			26.479318	79.984729	
MTO	MAITHA			26.476492	80.025181	
MAO	MADGAON	Goa	KR	15.267911	73.970724	Madgaon. Ph:- 0832-2712790., Goa
SXB	SAMBRE	Karnataka	SWR	15.891068	74.593121	Belagavi, Karnataka
SNE	SHENOLI	Maharashtra	CR	17.200729	74.252881	Shenoli Station, Maharashtra
SW	SEHRAMAU	Uttar Pradesh	NER	28.360763	80.296582	State Highway 21, Uttar Pradesh
NKB	NAGRAKOTA	West Bengal	NFR	26.885533	88.917581	Nagrakata, West Bengal
GRU	GAROPARA	West Bengal	NFR	26.65743767	89.4852617	National Highway 31C, West Bengal
SMLG	Shimiliaguda	Andhra Pradesh	ECoR	18.30364	82.957105	Way to Araku, Andhra Pradesh
THP	Taherpur	West Bengal	ER	23.259379	88.543119	State Highway 11, West Bengal
VJM	VYASARPADI JEEVA			13.108338	80.256873	
PER	PERAMBUR			13.10702	80.244533	
ADH	ANDHERI	Maharashtra	WR	19.1174289	72.846853	Mumbai, Maharashtra
SYE	Sindewahi	Maharashtra	SECR	20.2955	79.668805	Bhendala, Maharashtra
SSKL	Suskal	Gujarat	?	22.316377	73.806077	State Highway 11, Gujarat
SUP	Srungavarapukota	Andhra Pradesh	ECoR	18.116239	83.132531	Srungavarapu kota, Andhra Pradesh
CGL	CHENGALPATTU			12.692864	79.981519	
CNP	CNP					
GOT	GOT	Uttar Pradesh	NER	28.870965	78.823001	MDR 65W, Uttar Pradesh
TKHA	TAKHA	Uttar Pradesh	NCR	27.135743	78.767259	Takha, Uttar Pradesh
DMP	Dharampur Himachal	Himachal Pradesh	NR	30.900491	77.023914	Dharampur, Himachal Pradesh
TVL	TADWAL	Maharashtra	SWR	17.393191	75.975729	Mundhewadi, Maharashtra
UDZ	UDAIPUR CITY	Rajasthan	NWR	24.566862	73.699632	Udaipur, Rajasthan
UMRA	UMRA	Rajasthan	NWR	24.522588	73.771734	State Highway 32, Rajasthan
TT	TITTE	Tamil Nadu	SR	10.844904	79.1834	Thanjavur, Tamil Nadu
TGB	Tangarbasuli	Jharkhand	SER	23.374032	85.06380544	Ranchi, Jharkhand
KGMR	KANGRA MANDIR	Himachal Pradesh	NR	32.09449	76.276521	Kangra, Himachal Pradesh
TOM	TONDAMANPATTI	Tamil Nadu	SR	10.786552	78.823761	Tondaimanpatti, Tamil Nadu
KTSH	KOTMI SONAN HLT			22.024158	82.360215	
TRB	TIRUVERUMBUR	Tamil Nadu	SR	10.787167	78.776419	Thiruverumbur, Tamil Nadu
PPI	PIPARIYA	Madhya Pradesh	WCR	22.753941	78.354538	Piparia, Madhya Pradesh
XX-BSBC	XX-BSBC					
MWA	MANDWA	Madhya Pradesh	CR	21.517291	76.389861	East Nimar, Madhya Pradesh
NPNR	NEPANAGAR	Madhya Pradesh	CR	21.463933	76.397032	East Nimar, Madhya Pradesh
UA	UPLETA	Gujarat	WR	21.746916	70.282434	Dist. Rajkot, Gujarat
SAV	SAVDA	Maharashtra	CR	21.111116	75.910659	Jalgaon, Maharashtra
HSD	HOSDURGA ROAD	Karnataka	SWR	13.86327375	76.13323312	Nilagiri Rd, Karnataka
TKU	Tanakallu	Andhra Pradesh	SCR	13.922427	78.201224	Tanakallu, Andhra Pradesh
SKM	SINGARAYAKONDA			15.253118	80.027126	
AAP	AMBIAPUR			26.515364	79.826878	
TPT	TIRUPATTUR JN			12.497951	78.561419	
VLD	Vayalpad	Andhra Pradesh	SCR	13.634506	78.624967	Vayalpadu, Andhra Pradesh
CAM	CHHOTA AMBANA			23.76275318	86.57461305	
PKL	PAPINAYAKNAHALI	Karnataka	SWR	15.236109	76.490876	Bellary, Karnataka
LTI	LATTERI			12.966994	79.065255	
TPQ	Topokal	Chhattisgarh	ECoR	19.00708	81.878645	Raikot, Chhattisgarh
KVN	KAVANUR			12.948577	78.969273	
CLE	CHINTALPALLI	Andhra Pradesh	SCR	17.914856	79.701487	Narsampet Rd, Andhra Pradesh
GYM	GUDIYATTAM			12.937471	78.916157	
JJK	JHINJHAK			26.554994	79.734225	
VLT	VALATHOOR			12.889517	78.839324	
UHP	UDHAMPUR	Jammu and Kashmir	NR	32.92664	75.154881	Railway road, Jammu and Kashmir
MPI	MELPATTI			12.859507	78.797049	
AB	AMBUR			12.782934	78.721266	
VGM	VINNAMANGALAM			12.728899	78.678716	
VN	VANIYAMBADI			12.678487	78.621651	
TAZ	TARGAON	Maharashtra	CR	17.514242	74.155817	Satara, Maharashtra
TLR	Tulsipur	Uttar Pradesh	NER	27.53176993	82.41140968	Tulasipur, Uttar Pradesh
SAN	SANDILA			27.059455	80.517354	
YY-DKJC	YY-DKJC					
TLE	Talgaria	Jharkhand	SER	23.681626	86.335511	National Highway 32, Jharkhand
RBD	RAHIMABAD			26.99934325	80.6006388	
KFD	KARANJADI	Maharashtra	KR	17.998115	73.404252	Raigad, Maharashtra
MEH	MELALATHUR			12.917803	78.875384	
TII	Tingrai	Assam	NFR	27.464468	95.535143	National Highway 38, Assam
UM	UMARDASHI	Gujarat	WR	24.10032097	72.42056256	Chitrasani, Gujarat
VJ	VIRINCHIPURAM			12.961297	79.024717	
GIMB	GANDHIDHAM BG			23.069086	70.147754	
MAS	CHENNAI CENTRAL			13.0847613	80.2748563	
PEW	PERAMBUR LOCOMOTIVE WORKS			13.107826	80.225105	
SPAM	SENJI PANAMBAKKAM			13.093945	79.83276	
THBN	THANA BHAWAN	Uttar Pradesh	NR	29.59266321	77.41043377	Thana Bhawan, Uttar Pradesh
TEP	Tempa	Maharashtra	SECR	20.678242	79.605223	Tempa, Maharashtra
MUQ	MARUDUR	Tamil Nadu	SR	10.914737	78.450293	Nagappattinam - Trichy - Karur- Coimbatore - Mettupalayam - Ooty - Gundlupet Road(Vandikara Street), Tamil Nadu
VMD	Vadlamannadu	Andhra Pradesh	SCR	16.300176	81.098875	Krishna, Andhra Pradesh
UNDI	UNDI	Andhra Pradesh	SCR	16.58037548	81.46418718	West Godavari, Andhra Pradesh
EKH	EKSARI HALT	Bihar	ECR	25.134973	85.889325	Eksari, Bihar
TLS	Bettahalsoor	Karnataka	SWR	13.166876	77.606186	Bengaluru, Karnataka
TPY	Tadakalpudi	Andhra Pradesh	SCR	17.530163	80.532205	Kothagudem To Bhadrachalam Rd, Andhra Pradesh
UDGR	Udgir	Maharashtra	SCR	18.39060183	77.10994304	Dist. Latur, Maharashtra
KZT	KULITTHURAI	Tamil Nadu	SR	8.302348	77.218817	Marthandam, Tamil Nadu
PTM	PADALAM			12.590197	79.950844	
OV	OTIVAKKAM			12.623128	79.975653	
TRX	TIRUMANI			12.670639	79.988514	
UKH	UKHALI	Maharashtra	SCR	18.912675	76.605814	State Highway 169, Maharashtra
VAA	Bhaga Junction	Jharkhand	SER	23.723331	86.405555	Jamadoba, Jharkhand
SAE	SIMARIA			25.410723	86.013734	
KZJT	KAZIPET TOWN			17.983151	79.517705	
KZJE	KAZIPET E CABIN			17.975697	79.561183	
VLR	VELLORE CANT	Tamil Nadu	SR	12.910718	79.127493	Vellore-632001, Tamil Nadu
UGP	UGARPUR	Uttar Pradesh	NCR	27.351481	79.511652	Ugarpur, Uttar Pradesh
VAN	Vadhvana	Gujarat	WR	22.152185	73.487264	Vadodara, Gujarat
VDL	VITHISVARANKOL	Tamil Nadu	SR	11.195825	79.703785	Pullirukkuvelur, Tamil Nadu
AO	AONLA	Uttar Pradesh	NR	28.296051	79.16915	Dist. Bareilly, Uttar Pradesh
DBR	DABHAURA	Uttar Pradesh	NCR	25.11793	81.303125	Dabhaura, Uttar Pradesh
NU	NARSINGHPUR	Madhya Pradesh	WCR	22.943112	79.214385	Narsimhapur, Madhya Pradesh
GAR	GADARWARA	Madhya Pradesh	WCR	22.899459	78.791734	Narsinghpur, Madhya Pradesh
JUH	JUJHARPUR			22.604977	77.75641	
KMNN	KHAMANON			30.775754	76.488695	
AMLO	AMLO		ECR	23.768893	85.980234	
AMSA	AMMASANDRA	Karnataka	SWR	13.264571	76.7114857	Tumkur, Karnataka
GRJA	GORINJA	Gujarat	WR	22.17599113	69.04119418	Khambhalia-Dwarka (SH 6), Gujarat
GTW	GATORA			22.053427	82.22767	
VEI	VELLIYANI	Tamil Nadu	SR	10.841	78.114795	Dindigul - Guziliamparai - Karur Rd, Tamil Nadu
DLQ	DALELNAGAR			27.118537	80.419624	
VID	VILAVADE	Maharashtra	KR	16.785593	73.619321	Ratnagiri, Maharashtra
KT	KUMTA	Karnataka	KR	14.436871	74.420652	Kumta, Karnataka
PHD	PHAPHUND			26.63211832	79.55425521	
KNS	KANCHAUSI			26.59792371	79.63542606	
VTE	Venkatagiri Kote Halt	Karnataka	SWR	13.32831	77.73159	National Highway 7, Karnataka
AGI	AMGURI	Assam	NFR	26.812601	94.524011	Amguri, Assam
APB	ANUPPAMBATTU			13.304293	80.230769	
PON	PONNERI			13.332319	80.198799	
KVP	KAVARAIPPETTAI			13.36347	80.146879	
GPD	GUMMIDIPUNDI			13.409631	80.123431	
ELR	ELAVUR			13.458351	80.116178	
AKM	ARAMBAKKAM			13.532686	80.074371	
TADA	TADA			13.587948	80.035435	
AP	ASHOKAPURAM	Karnataka	SWR	12.273762	76.635315	Mysore, Karnataka
AKAT	AKKAMPET			13.64910607	80.01886341	
SPE	SULLURUPETA			13.696463	80.018161	
PEL	POLIREDDIPALEM			13.7594908	79.98002648	
ALY	ALLAHABAD CITY	Uttar Pradesh	NER	25.44241	81.829736	Allahabad(0532-1072), Uttar Pradesh
DVR	DORAVARI CHATRAM			13.814297	79.951308	
VRB	VISHRAMBAG	Maharashtra	CR	16.85057	74.602231	Sangli, Maharashtra
NYP	NAYADUPETA			13.908321	79.900898	
UWNR	Udwant Nagar Halt	Bihar	ECR	25.496532	84.611313	State Highway 12, Bihar
PYA	PEDAPARIYA			14.021481	79.875372	
ODUR	ODUR			14.072185	79.855368	
GDR	GUDUR JN			14.148227	79.845121	
MBL	MANUBOLU			14.226551	79.87707	
KMLP	KOMMARAPUDI			14.257777	79.893501	
DIG	DUGGIRALA			16.327559	80.62357	
URR	Umred	Maharashtra	SECR	20.850672	79.330741	Umred, Maharashtra
TYM	Tirumayam	Tamil Nadu	SR	10.246016	78.759423	Pudukkottai, Tamil Nadu
UCR	Unchahar Junction	Uttar Pradesh	NR	25.902315	81.300143	Unchahar, Uttar Pradesh
GBHA	GAROBIGHA HALT		?	24.826792	85.467153	
AMX	Amlakhurd	Madhya Pradesh	SCR	21.510235	76.650685	MSH 6, Madhya Pradesh
TVNL	TIRVNLNLUR ROAD			11.798583	79.380205	
KDMD	KANDAMBAKKAM			11.811502	79.386975	
VM	VILLUPURAM JN			11.942971	79.500101	
MYP	MUNDILYAMPAKKAM			11.99568049	79.51168651	
VVN	VIKRAVANDI			12.037928	79.538038	
PEI	PERANI			12.104212	79.552577	
NMO	NEDI MOLLYANUR			12.128075	79.56707	
MTL	MAILAM			12.160501	79.6022	
TMV	TINDIVANAM			12.229411	79.651335	
PCLM	PANCHALAM			12.275612	79.691931	
OLA	OLAKUR			12.306463	79.721919	
KSGL	KARASANGAL			12.333838	79.749958	
TZD	TOZHUPPEDU			12.367081	79.783575	
ACK	ACHARAPAKKAM			12.406776	79.821722	
MLMR	MELMARUVATTUR			12.429554	79.833801	
VPH	Vachaspati Nagar	Bihar	ECR	26.400204	86.325158	National Highway 57, Bihar
PQM	PAKKAM			12.465125	79.850569	
VTL	Vadtal Swaminarayan	Gujarat	WR	22.591636	72.876748	Vadtal, Gujarat
MMK	MADURANTAKAM			12.50442	79.893087	
GMN	GOREGAON	Maharashtra	WR	19.164447	72.849389	Mumbai, Maharashtra
WDA	WADRENGDISA	Assam	NFR	25.263973	93.177527	Diakkawn Rd, Assam
BAF	Bap	Rajasthan	?	27.28818218	72.32740792	Jodhpur, Rajasthan
AHH	AHMADGARH	Punjab	NR	30.683642	75.829518	Ahmedgarh, Punjab
AGE	Angai	Rajasthan	NCR	26.606593	77.46692	Angai, Rajasthan
AHI	ASHTI	Maharashtra	CR	17.84473678	75.40306979	State Highway 161, Maharashtra
ALP	ALAPAKAM	Tamil Nadu	SR	11.61780334	79.72722737	NH 45A, Tamil Nadu
BANL	BHATANGLI	Maharashtra	?	18.446007	76.678145	MSH3, Maharashtra
AMW	AMAN VADI	Maharashtra	SCR	20.300507	77.065281	Washim, Maharashtra
AYM	ADIYAKKAMANGALAM	Tamil Nadu	SR	10.756748	79.68058	Thiruvarur, Tamil Nadu
ASV	ASARVA JN	Gujarat	WR	23.043981	72.612937	Ahmedabad, Gujarat
AMT	AMMAPET	Tamil Nadu	SR	10.779506	79.315738	Ammapet, Tamil Nadu
ATT	ATARI	Punjab	NR	31.594934	74.607241	Atari, Punjab
JJA	JAJAN PATTI	Rajasthan	WCR	27.354894	77.573854	State Highway 33, Rajasthan
ARS	ARASUR	Tamil Nadu	SR	11.270467	79.724704	NH 45A, Tamil Nadu
KNDP	KHANDIP	Rajasthan	WCR	26.641031	76.911821	State Highway 1, Rajasthan
YDM	Yedamangala	Karnataka	SWR	12.714668	75.443085	Panja Kadaba Rd, Karnataka
NNW	NARAYANPUR TATWAR	Rajasthan	WCR	26.344259	76.635578	Sawai Madhopur, Rajasthan
BA	BANDRA	Maharashtra	WR	19.05445443	72.84045439	Mumbai, Maharashtra
AEJ	ARNEJ	Gujarat	WR	22.582088	72.268322	Arnej, Gujarat
NPKM	NANDIYAMPAKKAM			13.268081	80.2758	
DDCE	DUNDI	Madhya Pradesh	WCR	23.557854	80.216657	Dundi, Madhya Pradesh
GRO	GURRA	Madhya Pradesh	WCR	22.632067	77.86729	Itarsi, Madhya Pradesh
KVZ	KAVALI			14.915993	79.988271	
TTU	TETTU			15.042824	80.005821	
UPD	ULAVAPADU			15.167112	80.013364	
KTZ	KHUTWANSA	Madhya Pradesh	WCR	22.545189	77.602425	Hoshangabad, Madhya Pradesh
KKN	KHIRKIYA	Madhya Pradesh	WCR	22.166444	76.859447	State Highway 15, Madhya Pradesh
BALI	Bhaili	Gujarat	WR	22.26624501	73.13197684	Vadodara, Gujarat
ATQ	Arantangi	Tamil Nadu	SR	10.16446906	78.99684814	Aranthangi, Tamil Nadu
AGAE	AGRADWIP	West Bengal	ER	23.58096	88.226117	Agradwip, West Bengal
DSNR	DASHNAGAR			22.59863362	88.30780299	
TPKR	TIKIAPARA			22.599036	88.324322	
PFMA	PFMA					
AMLP	Amalpur	Gujarat	WR	22.161144	73.508313	Vadodara, Gujarat
AUS	Anupshahr	Rajasthan	NWR	28.94795111	75.2112298	Anupshaher Rd, Rajasthan
ARVI	Arvi	Maharashtra	CR			Dist. Wardha, Maharashtra
ARX	Areli	Uttar Pradesh	NER			Areli, Uttar Pradesh
ASM	Asarma	Gujarat	WR			SH 166, Gujarat
ATB	Alattambadi	Tamil Nadu	SR			Mazavarayanallu Rd, Tamil Nadu
ATDA	Atladara	Gujarat	WR			Gujarat, Gujarat
ATX	Alinagar Tola	Bihar	ECR			Purnea, Bihar
ASLU	Aslu	Rajasthan	NWR	28.368988	75.074842	National Highway 65, Rajasthan
AYI	Ayingudi	Tamil Nadu	SR			Peravurani - Aranthangi Rd, Tamil Nadu
GHSR	GHASARA HALT			26.72284	79.360808	
ULD	ACHALDA			26.701949	79.404392	
AEL	Ateli	Haryana	NWR	28.100118	76.253105	Dist. Mahendragarh, Haryana
WTR	WATHAR	Maharashtra	CR	17.89054	74.135767	Satara, Maharashtra
WLH	VALHA	Maharashtra	CR	18.18363474	74.16055393	Indraprastha Rd, Maharashtra
BAAR	Bandar P.H.	West Bengal	?	22.052122	88.086816	Haldia, West Bengal
AE	Amreli	Gujarat	WR	21.607831	71.228012	Amreli, Gujarat
MST	MASIT			27.269929	80.257914	
BGH	BAGHAULI			27.228081	80.296314	
TPND	TALOJA PANCHAND	Maharashtra	CR	19.078901	73.087316	Navi Mumbai, Maharashtra
ADVI	ADAVALI	Maharashtra	KR	16.921753	73.592514	Ratnagiri, Maharashtra
AGL	AMARGOL	Karnataka	SWR	15.41179212	75.09820837	Hubli, Karnataka
AS	ARJANSAR	Rajasthan	NWR	28.933796	73.871969	Bikaner, Rajasthan
BAKT	Barhara Kothi	Bihar	ECR	25.776942	87.096319	Purnia, Bihar
CM	Campierganj	Uttar Pradesh	NER	27.05777	83.267384	National Highway 29, Uttar Pradesh
DB	Dabhoi Junction	Gujarat	WR	22.137755	73.415466	Dabhoi, Gujarat
ULU	ULUNDURPET			11.702177	79.317787	
AGZ	AMAGURA	Chhattisgarh	ECoR	19.068103	82.147342	Markel, Chhattisgarh
AGB	AMBAGAON	Chhattisgarh	ECoR	19.062527	82.239507	Ambagaon, Chhattisgarh
MYKR	MATYAKHERI HALT			24.309449	74.951915	
BBLK	B L DASPURI	Uttar Pradesh	NCR	27.31699936	79.36351861	B L Daspuri, Uttar Pradesh
ARV	ARNI ROAD	Tamil Nadu	SR	12.630801	79.209033	Kalambur, Tamil Nadu
BARI	Bari	Rajasthan	NCR	26.65005846	77.61817468	Bari, Rajasthan
BAT	Batala Junction	Punjab	NR	31.8214816	75.1944316	Batala, Punjab
BBV	BABHULGOAN	Maharashtra	CR	17.778326	75.383427	State Highway 161, Maharashtra
ASI	Arseni	Uttar Pradesh	NR	27.243104	80.39386	MORADABAD, Uttar Pradesh
APE	ANDANAPPETTAI	Tamil Nadu	SR	10.758823	79.844096	Pappakoil, Tamil Nadu
BEHR	BEOHARI	Madhya Pradesh	WCR	24.0002687	81.3797154	Beohari, Madhya Pradesh
ARNH	Arjunahalli	Karnataka	SWR	12.512857	76.391729	Arjunahalli, Karnataka
BFG	Bagthar	Uttar Pradesh	NCR	26.79623183	77.52218903	Bandh, Uttar Pradesh
BBAR	BARA	Madhya Pradesh	WCR	24.001215	81.211862	Mahroi, Madhya Pradesh
BDYP	Bidyadharpur	West Bengal	ER	22.425122	88.452872	Bidyadharpur, West Bengal
AKL	Anakhol	Gujarat	WR			State HIghway 133, Gujarat
ASAN	ASAN	Haryana	NR	29.40129	76.882594	Panipat, Haryana
ATUL	ATUL	Gujarat	WR	20.54459335	72.92713359	Valsad, Gujarat
AONI	Amoni	Assam	NFR	26.448121	92.919609	Amoni, Assam
BASA	Banosa	Maharashtra	CR			Daryapur, Maharashtra
BATS	Bhatsar	Gujarat	WR			Brahmanwada, Gujarat
HRI	HARDOI			27.399414	80.147877	
BBE	BAGHI BARDIHA	Bihar	ECR	24.953077	85.623332	Baghi Bardiha, Bihar
BFX	BAGHI GHAUSPUR	Bihar	ECR	25.051952	85.684033	Baghi Ghauspur, Bihar
BCF	Bankapasi	West Bengal	ER			Bankapasi, West Bengal
BDV	BADANAVALU	Karnataka	SWR	12.0755655	76.74904447	Nanjungudu-Chamarajanagara Rd, Karnataka
BCHR	Bachar	Gujarat	WR			Palej, Gujarat
BCM	Buranpudi	Bihar	ECR			Supaul, Bihar
BDKE	Bhadsivni	Maharashtra	CR			Bhadsivni, Maharashtra
PGU	PADUGUPADU			14.496976	79.989954	
KJJ	KODAVALURU			14.564331	79.994908	
TMC	TALAMANCHI			14.607124	79.998171	
AXR	ALLURU ROAD			14.710541	79.989036	
BTTR	BITRAGUNTA			14.7685848	79.983146	
SVPM	S VENKTESWRPALM			14.806671	79.982262	
KPO	KARANPURA			27.12304679	76.77836492	
BUDA	BHUDA			27.12898602	76.81453797	
MURD	MANDAWAR MAHUA RD			27.15609766	76.85082269	
ANDN	Anand Nagar	Uttar Pradesh	NER	27.103714	83.270698	Pharenda, Uttar Pradesh
GOS	GHOSRANA			27.179904	76.90338	
DTF	DANTLA			27.19715121	76.96107011	
BDRN	Bhadran	Gujarat	WR			Borsad, Gujarat
KL	KHERLI			27.20025677	77.03642447	
ARK	Arakku	Andhra Pradesh	ECoR	18.333991	82.86256	Araku, Andhra Pradesh
TBL	TARCHERRA BRLRM			27.205008	77.104134	
BF	Bagetar	Assam	NFR			North Cachar Hills, Assam
NBI	NADBAI			27.21367431	77.20808751	
PPEA	PAPRERA			27.226004	77.308829	
HK	HELAK			27.234442	77.378757	
BTE	BHARATPUR JN			27.237107	77.488613	
ATR	Attar	Madhya Pradesh	WR	21.998734	76.204918	East Nimar, Madhya Pradesh
NHB	NOH BACHHAMDI			27.223369	77.546395	
IK	IKRAN			27.211065	77.608741	
CIK	CHIKSANA			27.199896	77.663925	
ANY	Arumuganeri	Tamil Nadu	SR	8.579144	78.091842	Arumuganeri, Tamil Nadu
BAKA	Banka	Bihar	?	24.86590103	86.91169349	Banka, Bihar
AH	ACHHNERA JN			27.18176023	77.7578389	
TDL	TUNDLA JN			27.207747	78.233285	
BAW	CHIK BANAVAR	Karnataka	SWR	13.073539	77.506341	Bengaluru, Karnataka
PVN	PAVUNUR			11.600544	79.315806	
BFN	Bugana	Haryana	NR	29.2588222	75.82781506	National Highway 65, Haryana
ANF	Anandapuram	Karnataka	SWR	14.073324	75.209164	Anandapuram, Karnataka
BBN	Barbil	Odisha	SER	22.104577	85.369058	Kiriburu, Odisha
HNG	HIRANGAON			27.175703	78.314619	
FZD	FIROZABAD			27.147415	78.386691	
MNR	MAKKHANPUR			27.119485	78.4715	
SKB	SHIKOHABAD JN			27.085686	78.574955	
KAA	KAURARA			27.029	78.664813	
BDN	BHADAN			26.9793918	78.7374946	
BBL	BALRAI			26.92050239	78.82371022	
JGR	JASWANTNAGAR			26.872978	78.893731	
SB	SARAI BHOPAT			26.837847	78.944709	
ETW	ETAWAH			26.78597	79.021502	
EKL	EKDIL			26.76628	79.116455	
BNT	BHARTHANA			26.7502248	79.2163612	
DBM	DABOLIM	Goa	SWR	15.389334	73.849937	Mormugao, Goa
AUWA	AUWA	Rajasthan	NWR	25.665207	73.564613	Somesar, Rajasthan
JP	JAIPUR			26.920203	75.786923	
BEB	Beldanga	West Bengal	ER	23.9320594	88.2429681	Beldanga, West Bengal
BHLI	BOHALI	Maharashtra	CR	17.58877327	75.27417044	State Highway 161, Maharashtra
BASN	BHAINSWAN	Haryana	NR	29.094392	76.680769	Gohana, Haryana
BHNA	Bhayna	West Bengal	ER	23.31226134	88.64165886	Mamjoan Rd, West Bengal
BHME	BHANDARIDAH		ECR	23.75667293	86.05509864	
BCU	BHUCHCHU	Punjab	NR	30.209882	75.0951862	Bhucho Mandi, Punjab
BHL	BHILWARA	Rajasthan	NWR	25.3435508	74.6307734	Bhilwara, Rajasthan
KVA	KAVAS	Rajasthan	NWR	25.867466	71.538716	NH-112 Barmer-Jodhpur Hwy, Rajasthan
BDW	BANDANWARA	Rajasthan	NWR	26.1253008	74.6913786	Bandanwara, Rajasthan
BJV	Bijauria	Uttar Pradesh	NER	28.574785	79.655274	Bareilly, Uttar Pradesh
BHJ	Barhaj Bazar	Uttar Pradesh	NER	26.283912	83.731497	Barhaj, Uttar Pradesh
DRD	DAHANU ROAD	Maharashtra	WR	19.991217	72.743368	Dahanu, Maharashtra
BJRA	BHAJERA			27.10077459	76.65687449	
BDXT	BASAI DHANKOT	Haryana	NR	28.464735	76.983187	Gurgaon, Haryana
BCHN	Bochasan Junction	Gujarat	WR	22.402073	72.847673	Anand, Gujarat
BHT	Bhattu	Haryana	NWR	29.387323	75.34013	Bhattu Kalan, Haryana
SHR	SIHORA ROAD	Madhya Pradesh	WCR	23.467136	80.110265	Jabalpur, Madhya Pradesh
SGBJ	SURGAON BANJARI	Madhya Pradesh	WCR	21.946109	76.544215	Khandwa, Madhya Pradesh
BADR	Bhader	Gujarat	WR	21.36507	70.928979	Amreli, Gujarat
TLA	TITVALA			19.296504	73.202714	
BJUD	BAJUD	Gujarat	WR	21.736131	71.827925	State Highway 31, Gujarat
KON	KUDALNAGAR			9.944876	78.108666	
BDSW	Budhsinghwala	Rajasthan	NWR	29.83170841	74.22266068	Hanumangarh, Rajasthan
BER	BEAWAR	Rajasthan	NWR	26.1089078	74.3149711	Beawar, Rajasthan
BGDA	Bogada	Orissa	?	20.27871423	86.58817179	Bogada, Orissa
AWG	Awa Garh	Uttar Pradesh	NCR	27.464247	78.4734	Awagarh, Uttar Pradesh
SBK	SHAHBAZ KULI	Uttar Pradesh	NER	25.632101	83.674653	Shahbaz Quli, Uttar Pradesh
ENR	ENNORE			13.21819572	80.32212448	
NLS	NELLORE SOUTH			14.444475	79.983464	
AVL	AMRITVEL	Gujarat	WR	21.077372	71.679671	Amrutwel Rd, Gujarat
NLR	NELLORE			14.460592	79.989383	
BGR	Bhagdara	Maharashtra	CR			Bhagdara, Maharashtra
BGA	BAGALIA	West Bengal	SER	23.44693617	86.51904643	Purulia, West Bengal
BERO	BERO	West Bengal	SER	23.548271	86.726609	Purulia, West Bengal
XX-MEJB	XX-MEJB					
BHHT	Barhara	Bihar	?			Barhara, Bihar
DVBH	MAKUDAN VIRAPANDI BLOCK HUT			11.580796	78.037941	
AVT	Avati	Karnataka	SWR	13.299092	77.726679	Avati, Karnataka
XX-KJMB	XX-KJMB					
BHOJ	Bhoj Padra	Gujarat	WR			Vadodara Jambusar, Gujarat
BIV	Bamhani Banjur	Madhya Pradesh	SECR	22.438916	80.324566	Bamhani, Madhya Pradesh
BGB	Budge Budge	West Bengal	ER	22.49310248	88.19469228	Kolkata, West Bengal
BHRD	Baghara Road		SER			
DDBC	DDBC					
UMNR	UMESHNAGAR	Bihar	ECR	25.461085	86.431195	National Highway 31, Bihar
BHWR	Bhitiharwa Ashram	Bihar	ECR			Pashchim Champaran, Bihar
BDBP	BASUDEBPUR	Bihar	ER	24.63552704	87.9825355	Basudebpur, Bihar
MOL	MULI ROAD	Gujarat	WR	22.676562	71.43486	Surendranagar, Gujarat
AZA	AZARA	Assam	NFR	26.09934	91.613927	Guwahati, Assam
BAHI	Balenahalli	Karnataka	SWR	14.250321	76.566376	State Highway 48, Karnataka
BDHP	BHUDPUR	Uttar Pradesh	NR	29.21809388	77.2911683	State Highway 57, Uttar Pradesh
SHW	SAMHON			26.734186	79.320694	
PATA	PATA			26.6666191	79.47941834	
PJY	PARA JANI HALT			26.596933	79.634896	
RURA	RURA			26.485377	79.908216	
BPU	BHAUPUR			26.46811536	80.12429014	
CNB	KANPUR CENTRAL			26.45424	80.350966	
CHK	CHAKERI			26.38116	80.406546	
SSL	SIRSAUL			26.297301	80.462852	
RAMA	RAMVA			25.89115342	80.85329936	
BKF	Bhikhna Thori	Bihar	ECR	27.333596	84.61057	WestChamparan, Bihar
BGJT	Bagha Jatin	West Bengal	ER	22.482615	88.387421	Kolkata, West Bengal
BGPL	Baghuapal	Orissa	ECoR	21.042219	86.013166	Orissa, Orissa
BEHS	Bihar Sharif	Bihar	ECR	25.206116	85.5390747	06112-222306, Bihar
BHRB	Bhairabi	Mizoram	?	24.19545969	92.54106045	Kolasib, Mizoram
BDWL	BIRADHWAL	Rajasthan	NWR	29.17411682	73.89651623	National Highway 15, Rajasthan
BANE	BASNI	Rajasthan	NWR	26.222963	73.010639	Jodhpur, Rajasthan
BHZ	BIHARA	Assam	NFR	24.9628178	92.689054	K Rd, Assam
BHI	BAHERI	Uttar Pradesh	NER	28.777391	79.5003221	SH 37, Uttar Pradesh
BHB	BADLA GHAT	Bihar	ECR	25.5537629	86.5871439	Bihar, Bihar
BJNR	BIJAINAGAR	Rajasthan	NWR	25.931003	74.6530589	Bijainagar, Rajasthan
BGHI	BAGAHAI ROAD	Madhya Pradesh	WCR	24.555903	81.018663	Baghai Road, Madhya Pradesh
BDDR	BADODAR	Gujarat	WR	21.361073	70.295846	National Highway 8D, Gujarat
BIJ	Birnagar	West Bengal	ER	23.2358754	88.551252	Birnagar, West Bengal
BJO	BIJNOR	Uttar Pradesh	NR	29.3856298	78.1468047	Bijnor, Uttar Pradesh
BHLA	BEHULA	West Bengal	ER	23.1819674	88.4287921	Behula, West Bengal
BLQR	BILASPUR ROAD	Uttar Pradesh	NER	28.865601	79.254263	Rampur, Uttar Pradesh
BHLE	Barahat	Bihar	ER	24.92060047	87.0100838	State Highway 19, Bihar
BGAE	BALAGARH	West Bengal	ER	23.1215453	88.4525522	Balagarh, West Bengal
BJRI	BIJURI	Madhya Pradesh	SECR	23.2503386	82.1189461	Shahdol, Madhya Pradesh
BHTA	BHATIYA	Gujarat	WR	22.0881542	69.2803623	National Highway 8E, Gujarat
BKRO	BOKARO THERMAL		ECR	23.7851503	85.8755782	
CHCR	CHACHER			21.241422	79.354918	
DNL	DHANOLI			21.32210987	80.42759081	
LLP	Lalitgram	Bihar	ECR	26.35666473	87.01226592	Lalitgram, Bihar
NI	NAYDONGRI			20.34843095	74.83663308	
HJN	HOWRAH JN. CABIN			22.583533	88.342811	
PKE	PIMPAR KHED			20.30745533	74.75599973	
PJN	PANJHAN			20.275504	74.606561	
HSL	HISVAHAL			20.283239	74.57099	
PNV	PANEVADI			20.26527	74.494903	
MMR	MANMAD JN			20.249887	74.438305	
TGR3	BLOCK AND CATCH SIDING CABINE NO.3			19.674468	73.485951	
BDGP	BADANAGUPPE	Karnataka	SWR	11.990316	76.861228	SH 57, Karnataka
KYN	KALYAN JN			19.234716	73.12974	
PMR	PITAMBARPUR			28.200105	79.538072	
BIQ	BANSI PAHARPUR	Rajasthan	NCR	26.93277	77.457241	Rupbas, Rajasthan
CTTP	CHITRAPUR HALT	Karnataka	KR	14.036148	74.536566	Uttara Kannada, Karnataka
BMDI	Brahmanwada	Gujarat	WR			State Highway 7, Gujarat
BFD	BORHAT	Assam	NFR	27.164263	95.277512	Nahar Rd, Assam
BGM	BELGAUM	Karnataka	SWR	15.8492433	74.5095639	Belgaum, Karnataka
BGU	BAIRGANIA	Bihar	ECR	26.738282	85.273334	Barahwa Pool Rd, Bihar
BGRM	Biggabas Ramsara	Rajasthan	NWR	28.04769242	74.20154743	National Highway 11, Rajasthan
BEML	BEML Nagar	Karnataka	SWR	12.9786413	78.24197815	KGF, Karnataka
BKT	BAKSHI KA TALAB	Uttar Pradesh	NER	26.983452	80.922331	Bakshi Ka Talab, Uttar Pradesh
BFPA	Bhopatpur	Uttar Pradesh	NER	28.3754641	79.8051375	Bhopatpur, Uttar Pradesh
BJP	BIJAPUR	Karnataka	SWR	16.8310603	75.7400012	Bijapur, Karnataka
BILA	Bheslana	Rajasthan	NWR	27.065209	75.304187	Jobner to Nawa Rd, Rajasthan
VJA	VEJANDLA	Andhra Pradesh	SCR	16.237226	80.519729	Guntur, Andhra Pradesh
SJL	SANGAM JAGARLAMUDI	Andhra Pradesh	SCR	16.246589	80.570521	High School Rd, Andhra Pradesh
BDE	Bodeli	Gujarat	WR	22.2701906	73.7165798	Vadodara, Gujarat
GCAB	GCAB			21.204608	81.431558	
BIA	BHILAI			21.2025983	81.4217238	
BPHB	BHILAI POWER HOUSE			21.208119	81.375901	
BQR	BHILAI NAGAR			21.2013382	81.3343451	
BADK	BARKA	Uttar Pradesh	NR	29.07256469	77.27330216	State Highway 57, Uttar Pradesh
BDKT	Badakhandita	Orissa	ECoR	20.3654487	86.08383554	State Highway 12, Orissa
BELA	Bela	Bihar	ECR	24.97843	84.981353	Gaya, Bihar
VDE	VEDAYAPALEM			14.404478	79.957106	
TRL	TIRUVALLUR			13.115764	79.913105	
BIDR	Bidar	Karnataka	SCR	17.9116836	77.5137793	Bidar, Karnataka
WCN	WIMCO NAGAR			13.180491	80.305807	
KAVM	KATHIVAKKAM			13.204344	80.316742	
VKT	VENKATACHALAM			14.327256	79.92732	
BHM	Bahram	Punjab	NR	31.197575	75.894193	Behram, Punjab
BGPA	Bageshapura	Karnataka	SWR	13.14380344	76.22935519	Bageshapura, Karnataka
BHRJ	Becharji	Gujarat	WR	23.516602	72.029413	State Highway 7, Gujarat
SDM	SURAREDDIPALEM			15.407571	80.045682	
PRH	POWERPET			16.713189	81.106602	
VGT	UNGUTURU			16.824498	81.42356	
BMGM	BRAHMANAGUDEM			16.93025821	81.67527695	
KYM	KADIYAN			16.914338	81.832674	
BBPM	BALABHADRAPURAM			16.96580143	82.00037566	
NASP	NARASINGAPALLI			17.606751	82.891038	
GPT	GOPALAPATNAM			17.748818	83.214877	
VKD	BAKHRABAD			22.118541	87.36345	
NYA	NARAYANGARH			22.174233	87.380456	
BPE	BENAPUR			22.27135231	87.37624084	
HIJ	HIJILLI			22.319921	87.320169	
BKL	BONA KALU	Andhra Pradesh	SCR	17.031591	80.261499	Bonakalu, Andhra Pradesh
BLO	BHULON	Rajasthan	WCR	24.635909	76.968812	Kota, Rajasthan
BMHR	BAMANHERI	Uttar Pradesh	NR	29.514762	77.70639	Muzaffarnagar, Uttar Pradesh
BME	BARMER	Rajasthan	NWR	25.7445219	71.397067	Barmer, Rajasthan
BLC	BOLDA	Maharashtra	SCR	19.5520321	77.2735908	Parbhani, Maharashtra
BKWA	BAKAYANWALA	Rajasthan	NR	30.143292	73.985818	Diwan Khera, Rajasthan
BLDI	BHILDI	Gujarat	WR	24.194251	72.008187	Bhildi, Gujarat
BJ	BAHJOI	Uttar Pradesh	NR	28.4014996	78.6315064	Bahjoi, Uttar Pradesh
ADIJ	AHMEDABAD JN			23.025715	72.601716	
BMSR	Bhimasar	Gujarat	WR	23.53366094	70.88691945	Kutch, Gujarat
BLWR	BILESHWAR	Gujarat	WR	22.382129	70.830427	Rajkot, Gujarat
BKDE	BUDHAKHERA	Haryana	NR	29.378719	76.557193	SH 14, Haryana
HCAB	BMY H CABIN			21.220991	81.464891	
KOK	KORUKKUPET JN			13.1204898	80.27837727	
BHY	BHAYAVADAR	Gujarat	WR	21.84783718	70.23614486	Sahid Kharachia, Gujarat
BL	VALSAD	Gujarat	WR	20.6085595	72.9335291	Valsad, Gujarat
TNP	TONDIARPETTAI			13.12624	80.28092114	
BNSP	BANSAPAHAR	Uttar Pradesh	WCR	25.055505	81.050022	Uttar Pradesh, Uttar Pradesh
ULB	ULUBARIA			22.472428	88.093209	
BLP	Balrampur	Uttar Pradesh	NER	27.41582061	82.1606699	Balrampur, Uttar Pradesh
VOC	V.O.C. NAGAR			13.14030163	80.28745678	
CTRE	CHITTERI			13.068172	79.597909	
TUG	THALANGAI			13.003678	79.426128	
APH	ANUPGARH	Rajasthan	NWR	29.1968977	73.2045643	Sri Ganganagar, Rajasthan
WJR	WALAJAH ROAD JN			12.970676	79.360511	
BJMR	BAIJNATH MANDIR	Himachal Pradesh	NR	32.05262566	76.65152894	Baijnath, Himachal Pradesh
MCN	MUKUNDARAYAPURM			12.977678	79.289067	
TVT	TIRUVOTTIYUR			13.160025	80.296454	
BOTR	Bhavdhari	Haryana	NWR			Bhiwani, Haryana
BOX	Bhojasar	Rajasthan	NWR			State Highway 8, Rajasthan
BMR	BIKRAMPUR	Madhya Pradesh	WCR	23.082226	79.586316	Balaghat, Madhya Pradesh
BPAH	Benipur Halt	Bihar	ECR			Darbhanga, Bihar
BKH	BANKHEDI	Madhya Pradesh	WCR	22.7748819	78.5379969	Bankheri, Madhya Pradesh
AKRA	Akra	West Bengal	ER	22.514668	88.249021	Kolkata, West Bengal
BPF	BANAPURA	Madhya Pradesh	WCR	22.47035755	77.48073161	Seoni Malwa, Madhya Pradesh
BLKR	BALLEKERE HALT	Karnataka	SWR	13.502322	76.023514	National Highway 206, Karnataka
SUCH	SUCHINDRAM	Tamil Nadu	SR	8.149479	77.466792	Suchindram, Tamil Nadu
BJWS	Bojawas	Haryana	NWR	28.312786	76.252868	State Highway 24, Haryana
BLGA	Belagula	Karnataka	SWR	12.38569868	76.58870326	Belagula, Karnataka
BLLI	BALLI	Goa	KR	15.1517258	74.0209756	Bali, Goa
BJMD	Bara Jamda	Jharkhand	SER	22.1665327	85.412392	Kiriburu, Jharkhand
BMP	Bramhapuri	Maharashtra	SECR	20.603943	79.867537	Brahmapuri, Maharashtra
BIC	Bichia	Uttar Pradesh	NER	28.1830705	81.2720808	Bichia, Uttar Pradesh
BILK	Bilkha	Gujarat	WR	21.4430784	70.6004021	Bilkha, Gujarat
BMPR	Badampahar	Orissa	SER	22.2640234	86.1808182	National Highway 6, Orissa
BMGR	Bamangram	West Bengal	NFR	25.62213987	88.19128322	Hemtabad, West Bengal
BPN	Banpur	West Bengal	ER	23.45186861	88.76185515	Banpur-Majhdia Rd, West Bengal
BMLL	Bamla	Haryana	NWR	28.832464	76.244079	State Highway 16A, Haryana
BMW	Bamhni	Maharashtra	SECR	20.922361	79.364152	Nagpur, Maharashtra
KOTR	KORATTUR			13.113345	80.184062	
PCW	PERAMBUR CARRIAGE WORKS			13.10724	80.238659	
VLK	VILLIVAKKAM			13.110062	80.209621	
BNHL	Bellenahalli	Karnataka	SWR	14.243859	76.554391	Chitradurga, Karnataka
PVM	PATTARAVKKAM			13.114872	80.166656	
ABU	AMBATTUR			13.11430598	80.15252491	
ANNR	ANNANUR			13.116018	80.126743	
KMSI	Kumsi			14.051954	75.402042	
AVD	AVADI			13.118247	80.100518	
HC	HINDU COLLEGE			13.118538	80.074903	
PAB	PATTABIRAM			13.11926	80.065424	
NEC	NEMILICHERRY HALT			13.121643	80.045378	
SVR	SEVVAPET ROAD			13.124997	79.966688	
PTLR	PUTLUR HALT			13.122922	79.9371	
EGT	EGATTUR HALT			13.106198	79.88406	
BJE	Bhojudih Junction	Jharkhand	SER	23.642175	86.4469993	Jairampur More to Baliapur, Jharkhand
MAF	MANUR			13.096025	79.801508	
MSU	MOSUR			13.08573489	79.71884098	
MLPM	MELPAKKAM			13.080671	79.659245	
MRLM	MARUDALAM			12.99726	79.399298	
BPZ	BAZPUR	Uttarakhand	NER	29.1578998	79.1463827	Bazpur, Uttarakhand
BRY	BAREILLY	Uttar Pradesh	NER	28.3372843	79.4109744	Bareilly, Uttar Pradesh
BQZ	BALLALPUR	West Bengal	ER	24.747459	87.912243	Farakka, West Bengal
BNN	BARNALA	Punjab	NR	30.3703968	75.5492466	Barnala, Punjab
BNJL	BINJHOL HALT	Haryana	NR	29.344605	76.923781	Panipat, Haryana
KAV	KALAMNA			21.168195	79.140955	
BNH	BHIMNATH	Gujarat	WR	22.245963	71.92503	Bhimnath, Gujarat
BNVD	BHANVAD	Gujarat	WR	21.9330444	69.7988578	Bhanvad, Gujarat
BRGM	Baraigram Junction	Assam	NFR	24.684059	92.344106	National Highway 44, Assam
BSPR	BISHRAMPUR	Chhattisgarh	SECR	23.179178	82.98289	District Sarguja, Chhattisgarh
BRH	BAIKUNTHPUR RD	Chhattisgarh	SECR	23.317286	82.5298836	NH 78, Chhattisgarh
SAL	SALWA			21.236542	79.292976	
BTKL	Bhatkal	Karnataka	KR	13.987012	74.56730199	Bhatkal, Karnataka
TAR	THARSA			21.256602	79.41467	
TMR	TUMSAR ROAD			21.342437	79.751419	
GJ	GANGAJHARI			21.443153	80.058885	
BNSR	BHAGWANSAR	Rajasthan	NWR	29.343806	73.859791	Bhagwan Sar, Rajasthan
PJB	PANIAJOB			21.183732	80.693768	
THL	TIRUVALAM			12.974779	79.245745	
BQH	Bhanohad Punjab	Punjab	NR	30.85173825	75.70970576	Bhanohad, Punjab
SVUR	SEVUR			12.971785	79.189821	
KPD	KATPADI JN			12.972734	79.135341	
BPRA	BARIPURA	Uttar Pradesh	NCR	25.340728	79.943488	National Highway 86, Uttar Pradesh
PCKM	PACHACHAKUPAM			12.822656	78.757365	
BRPM	Baripur Mandala	Gujarat	WR			Mandala, Gujarat
BRTL	Bharthali	Gujarat	WR			National Highway 8, Gujarat
DGG	DONGARGARH			21.185492	80.759857	
BPO	Baripada	Orissa	SER	21.9227408	86.73709	Baripada, Orissa
BO	Borsad	Gujarat	WR	22.401548	72.909158	Borsad, Gujarat
JTR	JATKANHAR			21.1798	80.821965	
BS	Banisar	Rajasthan	NWR	28.06756342	73.89548792	Benisar, Rajasthan
ATH	ANTAH	Rajasthan	WCR	25.1611771	76.3072684	Antah, Rajasthan
BON	BHONRA	Rajasthan	WCR	25.17106114	76.19767366	Kota, Rajasthan
BOV	Bhatgaon	Chhattisgarh	SECR	21.171626	81.712724	Bhatgaon, Chhattisgarh
MUA	MUSRA			21.152966	80.879372	
BNCE	BANGALORE EAST	Karnataka	SWR	13.00148	77.6184701	Bengaluru, Karnataka
KNDV	KNDV					
BRP	Baruipur Junction	West Bengal	ER	22.366658	88.431647	Baruipur, West Bengal
AAH	ITEHAR	Madhya Pradesh	NCR	26.562635	78.683783	State Highway 19, Madhya Pradesh
RYT	RAYAT PURA	Madhya Pradesh	NCR	26.456937	78.381881	National Highway 92, Madhya Pradesh
BBY	BHADROLI	Madhya Pradesh	NCR	26.30595	78.181356	Gwalior, Madhya Pradesh
BAKL	BAKAL			21.123637	80.940946	
BTKB	Bathna Krittibas Halt	West Bengal	ER	23.2363136	88.48266943	Bathna Krittibas, West Bengal
GD	GONDA JN			27.154613	81.978152	
AKZ	Akashi	Jharkhand	SER	23.3851244	84.88778586	Ranchi, Jharkhand
BR	BANDH BARETA	Rajasthan	NCR	26.910367	77.364108	Dumariya, Rajasthan
DAN	DHANETA			28.512294	79.264748	
CKYD	CHAKRA ROAD	Uttar Pradesh	NER	26.001213	83.672178	Chakara Road Halt, Uttar Pradesh
MUP	MURHIPAR			21.183141	81.148154	
BOKE	BHOKE	Maharashtra	KR	17.0490546	73.3810615	Maharashtra, Maharashtra
RSM	RASMARA			21.204118	81.2164	
PHQ	PARDHANDE			20.72929519	75.37694143	
PC	PACHORA JN			20.668385	75.34831	
BSKH	Basukinath	Jharkhand	ER	24.388941	87.045099	Basukinath, Jharkhand
BSKN	Bhesana Manknaj	Gujarat	WR	23.49875695	72.33120864	State Highway 41, Gujarat
GAA	GALAN			20.60959981	75.27700034	
NGD	NAGARDEVLA			20.60300165	75.19810611	
AV	ASVALI			19.817371	73.751085	
PI	PADLI			19.783928	73.665733	
GO	GHOTI			19.722911	73.635944	
IGP	IGATPURI			19.694053	73.562379	
SHAD	SHAHAD			19.244702	73.158611	
ASE	ASAUDAH	Haryana	NR	28.73653776	76.85877285	Delhi-Rohtak Corridor, Haryana
ABO	ASTHAL BOHAR	Haryana	NR	28.857765	76.629155	Rohtak, Haryana
KZH	KILA ZAFARGARH	Haryana	NR	29.080581	76.4289532	NH 71, Haryana
BNQL	BHANKALA HALT	Uttar Pradesh	NR	29.84559084	77.47434932	State Highway 57, Uttar Pradesh
BQA	BANKURA	West Bengal	SER	23.2243871	87.0746875	Bankura, West Bengal
BRLI	Barauli	Uttar Pradesh	NCR	26.552056	77.424988	National Highway 11B, Uttar Pradesh
BPRH	Balpur Halt	Chhattisgarh	SECR	22.115136	82.694138	Umreli, Chhattisgarh
BNKI	Banmankhi Junction	Bihar	ECR	25.885092	87.193664	Purnia, Bihar
AIP	ATTIPPATTU			13.26116317	80.28894591	
MJR	MINJUR			13.281979	80.260192	
BRJ	Brace Bridge	West Bengal	ER	22.517861	88.301496	Kolkata, West Bengal
BZGT	Bazurghat	Assam	NFR	24.607593	92.383418	Bazurghat, Assam
ALGP	Algapur	Assam	?	24.754753	92.595918	Hailakandi, Assam
TAN	TARANA ROAD			23.264582	76.067017	
DWO	DOIWALA	Uttarakhand	NR	30.175451	78.12218	Dehradun, Uttarakhand
BRSQ	BRAR SQUARE	Delhi NCT	NR	28.613526	77.14079	Delhi Cantonment, Delhi NCT
KAT	KHATAULI	Uttar Pradesh	NR	29.273712	77.736988	Khatauli, Uttar Pradesh
BUB	Bissau	Rajasthan	NWR	28.2401014	75.0612084	Bissau, Rajasthan
PQY	PABLI KHAS	Uttar Pradesh	NR	29.05601	77.698335	Meerut, Uttar Pradesh
GUH	GULDHAR	Uttar Pradesh	NR	28.703752	77.455792	Ghaziabad, Uttar Pradesh
BRRD	BORDI ROAD	Gujarat	WR	20.122424	72.766138	Bordi, Gujarat
BRU	BHAIROGANJ	Bihar	ECR	27.15141815	84.24239742	Bhairoganj, Bihar
BTH	BETTIAH	Bihar	ECR	26.8058847	84.5229561	Bettiah, Bihar
MKU	MALKAPUR			20.891974	76.202946	
BSDL	BHARSENDI	Madhya Pradesh	WCR	24.036488	82.06039	Sidhi, Madhya Pradesh
BSC	Bulandshahr	Uttar Pradesh	NR	28.3919187	77.8482415	Bulandshahr, Uttar Pradesh
BTPG	Betheria Ghola	West Bengal	ER	22.350122	88.573321	Betheria Ghola, West Bengal
BTPD	Bethampurdi	Andhra Pradesh	SCR	17.543986	80.573657	Kothagudem To Bhadrachalam Rd, Andhra Pradesh
BTG	BASHARATGANJ	Uttar Pradesh	NR	28.288009	79.2851956	Bareilly, Uttar Pradesh
BTIC	BHATINDA CANTT	Punjab	NR	30.19088	74.954044	State Highway 17, Punjab
ALL	ALAL	Punjab	NR	30.377725	75.72074952	Mullowal, Punjab
WADO	WADODA			20.88854467	76.27984696	
KJL	KHUMGAON BURTI			20.866943	76.401107	
NN	NANDURA			20.838889	76.460158	
BTD	BOTAD JN	Gujarat	WR	22.1828706	71.6655966	Botad, Gujarat
BU	BASWA	Haryana	NWR	27.149686	76.575644	Alwar, Haryana
AK	AKOLA JN			20.723084	77.005497	
DKS	DAREKASA			21.271299	80.580751	
BUGL	Buglanwali	Rajasthan	NWR	29.79175067	74.23897337	Hanumangarh, Rajasthan
BSX	BASAR	Andhra Pradesh	SCR	18.86512	77.938506	Basara, Andhra Pradesh
BWZ	Baddowal	Punjab	NR	30.862117	75.742678	Baddowa, Punjab
BSQ	BARSI TAKLI	Maharashtra	SCR	20.576054	77.060902	Dist. Akola, Maharashtra
PARH	PARAKHEDA	Madhya Pradesh	WCR	25.705583	77.642772	Shivpuri, Madhya Pradesh
BLNR	BIRLANAGAR			26.237555	78.1953108	
BUQ	Bargi	Madhya Pradesh	SECR	22.995933	79.875125	Bargi Nagar - Ghansore Rd, Madhya Pradesh
SIKD	SIKRODA KWANRI			26.569564	77.962853	
BSJ	Bhupalsagar	Rajasthan	NWR	24.84776209	74.21161319	Rajsamand, Rajasthan
BRPK	Bisharpara Kodaliya	West Bengal	ER	22.676284	88.434731	Kolkata, West Bengal
TY	TULUKAPATI	Tamil Nadu	SR	9.467439	77.936903	National Highway 7, Tamil Nadu
BYSA	Basulyasutahata	West Bengal	SER	22.12030128	88.13056325	Haldia, West Bengal
BRG	BARGARH	Uttar Pradesh	NCR	25.16427042	81.45005848	Kaushambi, Uttar Pradesh
KSRA	KASARA			19.647159	73.472003	
OMB	OOMBERMALI			19.628026	73.422651	
MH	Marahra		CR	25.100178	85.446664	
KE	KHARDI			19.579952	73.393442	
THS	THANSIT			19.549981	73.351813	
BSGR	Bhagsar	Punjab	NR	30.452385	74.401977	Ramgarh Chungha, Punjab
ATG	ATGAON			19.5031813	73.32769124	
ASO	ASANGAON			19.439278	73.307859	
VSD	VASIND			19.406422	73.267689	
KDV	KHADAVLI			19.35621892	73.21871043	
ABY	AMBIVLI			19.267587	73.17171	
DIVA	DIVA			19.188394	73.041905	
SNRD	MUMBAI SANDHURST ROAD	Maharashtra	CR	18.962311	72.839733	Mumbai, Maharashtra
BXB	Banga	Punjab	NR	31.177139	75.999562	Nawan Shahar, Punjab
TNA	THANE			19.185757	72.975417	
BVW	Bahminiwala	Punjab	NR	30.54894	74.193132	State Highway 20, Punjab
MLND	MULUND			19.172355	72.956933	
KUF	KAURHA			27.462683	80.102675	
KAR	KARNA			27.32161	80.196235	
NHU	NAHUR			19.154646	72.946683	
BTQ	Betnoti	Orissa	SER	21.74134	86.8435187	Betnoti, Orissa
BSN	BANASANDRA	Karnataka	SWR	13.265332	76.659317	SH19, Karnataka
MOI	MORI BERA	Rajasthan	NWR	25.035575	73.136306	Nana, Rajasthan
BRLY	BIROLIYA	Rajasthan	NWR	25.170546	73.192517	Biroliya Rd, Rajasthan
RT	ROHAT	Rajasthan	NWR	25.92147561	73.09531882	SH 64, Rajasthan
BSRX	BAGEVADI RD	Karnataka	SWR	16.47986853	75.82814753	Bagevadi, Karnataka
AIPP	ATTIPPATTU PUDU NAGAR			13.249326	80.299606	
BZG	Bilga	Punjab	NR	31.058267	75.666841	Bilga, Punjab
LMC	LAKHAMANCHI	Gujarat	WR	22.57181241	71.14841382	State Highway 113, Gujarat
BDME	Baidyanathdham Deoghar	Jharkhand	ER	24.4892623	86.6920701	Deoghar, Jharkhand
BTW	BARSI TOWN	Maharashtra	CR	18.240993	75.718169	Barshi, Maharashtra
BWW	Barwaha	Madhya Pradesh	WR	22.2554459	76.0302621	Barwah, Madhya Pradesh
JWLS	JAWAN WALA SHEHAR	Himachal Pradesh	NR	32.14165	76.003772	Jawan Wala Shehar, Himachal Pradesh
KIM	KIM			21.399697	72.926702	
CDLD	Chandlodiya	Gujarat	WR			Ahmadabad, Gujarat
CDMA	Chandeshwarsthan	Bihar	ECR			Chandeshwarsthan, Bihar
SER	SAMAYANALLUR			9.981546	78.035087	
CDD	Chandod	Gujarat	WR	21.99195697	73.45218164	State Highway 160, Gujarat
DPH	DADHAPARA			22.028156	82.123182	
JRMG	JAIRAMNAGAR			22.034344	82.296511	
UGN	UGAON			20.122592	74.136829	
BXT	Bamanhat	West Bengal	NFR	26.07628446	89.62797753	Kurigram Nageshwari Rd, West Bengal
BXK	BANDARKHAL	Assam	NFR	25.069785	92.800717	Diakkawn Rd, Assam
BWX	BAHMAN DIWANA	Punjab	NR	30.225526	74.849153	Behman Diwana, Punjab
BYHA	BARYA RAM	Uttar Pradesh	NR	25.566931	82.226592	THAKUR Rd, Uttar Pradesh
CRK	CHARKHERA	Madhya Pradesh	WCR	22.367273	77.171177	Harda, Madhya Pradesh
BUTA	BHADUTALA	West Bengal	SER	22.485657	87.3208	Lalgarh-Medinipur Road, West Bengal
CDGR	CHANDRAKONA RD	West Bengal	SER	22.739076	87.340588	Chandrakona Rd, West Bengal
BZO	BARSOLA	Haryana	NR	29.394379	76.231711	District Jind, Haryana
DG	DINDIGUL JN			10.35381	77.985472	
VO	VELLODU			10.317776	77.951415	
ABI	AMBATURAI			10.272226	77.924468	
KQN	KODAIKANAL ROAD			10.179613	77.909593	
VDP	VADIPPATTI			10.086114	77.945674	
CDQ	CHADOTAR	Gujarat	WR	24.18394723	72.37251094	National Highway 14, Gujarat
BWL	BAWAL	Haryana	NWR	28.070281	76.572402	Bawal, Haryana
BVRT	BHIMAVARAM TOWN	Andhra Pradesh	SCR	16.547348	81.516853	Bhimavaram, Andhra Pradesh
BQN	BAGRI NAGAR	Rajasthan	NWR	25.895725	73.787801	Marwar, Rajasthan
KYR	KARUPPATTI			10.044465	77.948393	
SDN	SHOLAVANDAN			10.02227	77.965082	
CIO	Chikhli Road	Gujarat	WR			SH 179, Gujarat
BUG	BAGAHA	Bihar	ECR	27.130045	84.066991	Bagaha, Bihar
CAI	CHANPATIA	Bihar	ECR	26.94163	84.530639	Sikta-Mainatad Rd, Bihar
CAA	CHAKIA	Bihar	ECR	26.417182	85.04636	Chakia, Bihar
CKNA	Chikna		ECR			
BXM	BELRAYAN	Uttar Pradesh	NER	28.379381	80.915268	Tikapur, Uttar Pradesh
BVQ	BHILAVDI	Maharashtra	CR	17.008048	74.516781	Sangli, Maharashtra
ANR	ANARA	West Bengal	SER	23.481082	86.559763	Purulia, West Bengal
BWPL	Balwant Pura Chelasi	Rajasthan	NWR	27.9104715	75.4432869	Jhunjhunu, Rajasthan
CATD	Chataud		SECR	21.015051	81.73716	
CID	Chiraidongri	Madhya Pradesh	SECR	22.411418	80.287402	Chiraidongri, Madhya Pradesh
KGFR	KATHGHAR RIGHT BANK			28.83210834	78.80822653	
KGFE	KATHGHAR EAST			28.832685	78.8095	
BHGJ	Bihariganj	Bihar	ECR	25.732599	86.992655	Kishanganj, Bihar
HTGR	HATHIGADH	Gujarat	WR	21.6201	71.444628	SH 115, Gujarat
CHBN	Chandkhira Bagn	Assam	NFR	24.515852	92.287381	National Highway 44, Assam
YY-MMRX	YY-MMRX					
MKY	MEKKUDI	Tamil Nadu	SR	10.87109	78.628737	Nagappattinam - Trichy - Karur- Coimbatore - Mettupalayam - Ooty - Gundlupet Road(Vandikara Street), Tamil Nadu
MIL	MILAK			28.612475	79.164117	
NRS	NAGARIA SADAT			28.550179	79.205555	
BXC	Barwala	Haryana	NR	29.367534	75.887031	Barwala, Haryana
BLM	BALAMU JN			27.167363	80.352497	
UTA	UMAR TALI			27.086986	80.473465	
CBG	Charbhuja Road	Rajasthan	NWR	25.352228	73.946241	Amet, Rajasthan
HNA	HONNAVAR	Karnataka	KR	14.316931	74.433196	Honavar, Karnataka
SEN	SENAPURA	Karnataka	KR	13.71768018	74.68401195	Udupi, Karnataka
CGX	Chargola	Assam	NFR	24.845884	92.416794	National Highway 44, Assam
TMP	TAMARAIPADI			10.40234176	78.04459174	
VDM	VADAMADURA			10.43633558	78.10215996	
AYR	AYYALUR			10.483391	78.157049	
KFC	KALPATTICHATRAM			10.51806567	78.23436756	
VPJ	VALYAMPATTI			10.54405502	78.3098144	
CII	CHETTIYAPATTI			10.57564455	78.36623184	
BYR	BHAYANDAR	Maharashtra	WR	19.311766	72.853039	Thane, Maharashtra
BHU	BHANDU MOTIDAU	Gujarat	WR	23.709061	72.389339	Mahesana, Gujarat
CG	Canning	West Bengal	ER	22.313264	88.667458	Canning, West Bengal
CGLA	Changotola		?	22.22994616	80.11878948	
CHKB	CHAKKI BANK	Punjab	NR	32.259653	75.636651	Pathankot, Punjab
JAR	Junair Halt			25.27360737	85.25069635	
CH	CHANDAUSI JN	Uttar Pradesh	NR	28.458626	78.780268	Chandausi, Uttar Pradesh
BSLX	BSLX					
DGI	DUNGRI	Gujarat	WR	20.687336	72.949119	NH 8, Gujarat
BIS	BISWA BRIDGE			20.88515715	76.33919345	
YAD	YEULKHED			20.724559	77.07497	
KKT	Kath Kuiyan			26.85680184	84.04787091	
BGN	BORGAON			20.7290593	77.1796502	
DDY	DUDWINDI	Punjab	NR	31.237553	75.258143	Kapurthala, Punjab
KTP	KATEPURNA			20.723777	77.259381	
SUM	SUMMIT			20.2117506	74.34312998	
LS	LASALGAON			20.154848	74.225976	
DDN	DEHRADUN	Uttarakhand	NR	30.3140377	78.0336011	Dehradun, Uttarakhand
MZR	MURTAJAPUR			20.736468	77.354825	
CDSL	CHANDRESAL	Rajasthan	WCR	25.212948	75.943986	Kota, Rajasthan
CDG	CHANDIGARH	Chandigarh	NR	30.7019773	76.82208	Darua, Chandigarh
MANA	MANA			20.761491	77.469063	
MNDA	MANDURA			20.78015	77.522584	
CPJ	KAPTANGANJ JN	Uttar Pradesh	NER	26.926388	83.699907	Captainganj, Uttar Pradesh
AWS	ASWANI HALT	Bihar	ECR	27.15958	84.051843	Bagaha, Bihar
KUM	KURAM			20.808396	77.58733	
TKI	TAKLI			20.833253	77.65695	
KKJ	KAKORI			26.885454	80.79835	
LNWT	LUCKNOW WEST (ALH)			26.829443	80.909614	
DES	DESARI	Bihar	ECR	25.66835936	85.40876566	Vaishali, Bihar
NR	NIPHAD			20.096584	74.079481	
BD	BADNERA JN			20.8567925	77.7323197	
BKJ	BARKUR	Karnataka	KR	13.4774588	74.7596804	Udupi, Karnataka
BFR	BEKAL FORT	Kerala	SR	12.385524	75.042786	Pallikere, Kerala
DMK	Dilmili	Chhattisgarh	ECoR	18.987443	81.737851	National Highway 16, Chhattisgarh
DGHR	Deoghar	Jharkhand	ER	24.51178242	86.69712126	Deoghar, Jharkhand
ALUR	Alur Halt	Karnataka	SWR	12.98251226	75.99049337	Hassan - Alur Rd, Karnataka
TMT	TIMTALA			20.812496	77.79476	
MLR	MALKHED			20.821793	77.862831	
CND	CHANDUR			20.8045192	77.9821558	
DIP	DIPORE			20.79317	78.040981	
DMN	DHAMANGAON			20.784674	78.138054	
TLN	TALNI			20.754248	78.230026	
PLO	PULGAON JN			20.726734	78.318111	
KAOT	KAOTHA			20.737041	78.376203	
DAE	DAHEGAON			20.729315	78.463093	
WR	WARDHA JN			20.732777	78.594157	
SEGM	SEVAGRAM			20.739076	78.619225	
VADR	WARUD			20.74716554	78.65067139	
TGP	TULJAPUR			20.800701	78.808237	
BOK	BORKHEDI			20.86017604	78.97444766	
BTBR	BUTI BORI			20.91847276	79.01362896	
CBX	CHAND BHAN	Punjab	NR	30.445148	74.880021	Jaitu, Punjab
GMG	GUMGAON			20.993596	79.030314	
DEV	DEVARAYI	Karnataka	SWR	15.44947863	74.57136413	State Highway 34, Karnataka
KRI	KHAPTI			21.049338	79.048839	
AJNI	AJNI			21.12685881	79.08251975	
KP	KAMPTEE			21.21172	79.197947	
CGA	CHENGEL			22.486845	88.13891	
DGBZ	Dongri Buzurg	Maharashtra	SECR	21.573844	79.676645	State Highway 251, Maharashtra
BVA	BAURIA JN			22.50359112	88.16352161	
NALR	NALPUR			22.529208	88.185699	
DEEG	Deeg	Rajasthan	NCR	27.48655053	77.32451142	Bharatpur, Rajasthan
ABB	ABADA			22.547877	88.199392	
SEL	SANKRALL			22.56130949	88.20907435	
ADL	ANDUL			22.575169	88.239643	
SRC	SANTRAGACHI JN			22.58393	88.284011	
RMJ	RAMRAJATALA			22.587778	88.295438	
DGNR	Durganagar	West Bengal	ER	22.650758	88.419	Kolkata, West Bengal
MPA	MANAPARAI			10.60756201	78.41776524	
BHGN	BHILGAON	Assam	NFR	26.354394	93.926117	National Highway 39, Assam
SMDM	SAMUDRAM			10.652687	78.493545	
KLS	KOLATUR			10.700678	78.547696	
CHB	CHABUA	Assam	NFR	27.48142071	95.17205813	Chabua, Assam
DEO	DEOKALI	Uttar Pradesh	NER	27.977317	80.705156	State Highway 90, Uttar Pradesh
CHNR	CHHAN ARORIAN	Jammu and Kashmir	NR	32.46131096	75.35904533	Chhan Arorian, Jammu and Kashmir
BDHY	BUDHI	Jammu and Kashmir	NR	32.440429	75.432931	Kathua, Jammu and Kashmir
CKKN	CHAK KALAN	Punjab	NR	32.083103	75.623498	National Highway 1A, Punjab
BNGL	BHANGALA	Punjab	NR	32.01951482	75.61231335	National Highway 1A, Punjab
CDH	Chakdaha	West Bengal	ER	23.078406	88.529672	Chakdaha, West Bengal
CGH	CHOLANG	Punjab	NR	31.61726	75.639894	Adda Cholang, Punjab
DIC	DAHISAR	Maharashtra	WR	19.250166	72.859587	Mumbai, Maharashtra
CHN	Chhina	Punjab	NR	31.902255	75.271993	Ghuman Kalan Rd, Punjab
MLYA	Maliya	West Bengal	ER	22.831668	88.136281	Maliya, West Bengal
DMU	Dhamua	West Bengal	ER	22.290179	88.392178	Sherpur Dhamua Rd, West Bengal
DON	DERAWAN HALT	Jharkhand	SER	23.230257	76.104438	Derawan, Jharkhand
BSP	BILASPUR JN			22.057473	82.167585	
DMJ	Dharmaj	Gujarat	WR			State Highway 6, Gujarat
DLB	DAULATABAD	Maharashtra	SCR	19.916367	75.210494	Maharashtra., Maharashtra
DHT	DHAMARA GHAT	Bihar	ECR	25.590821	86.599522	Bihar, Bihar
DLGN	DHALGAON	Maharashtra	CR	17.1209672	74.9887134	Jath Rd, Maharashtra
DKY	DHOKI	Maharashtra	CR	18.353216	76.102989	Dhoki Town, Maharashtra
DLSR	DALHOGI ROAD		?	32.289064	75.750843	
DRBR	Deoraha Baba Road		NER	26.283979	83.871091	
DLR	DULLAHAPUR	Uttar Pradesh	NER	25.799898	83.423264	SH 67, Uttar Pradesh
DCAB	DCAB			21.226612	81.477969	
DKE	DIHAKHO	Assam	NFR	25.427907	93.126587	Diakkawn Rd, Assam
CABN	BHILAI CABIN			21.236052	81.499084	
DNEA	DANEA		ECR	23.799131	85.658334	
DPLN	Diplana	Rajasthan	NWR	29.18257263	74.88112288	State Highway 36, Rajasthan
KMI	KUMHARI			21.243782	81.516054	
DOW	Davol		WR	22.39911	72.953112	
DHR	DHARNAODA	Rajasthan	WCR	24.592205	77.099253	Dharnawada, Rajasthan
SZB	SARONA CABIN			21.25327191	81.57361633	
DHPR	DAPPAR	Punjab	NR	30.51764095	76.80750986	National Highway 22, Punjab
R	RAIPUR JN			21.256462	81.629328	
WRC	W R S COLONY PH			21.277968	81.639183	
URK	URKURA			21.289034	81.644569	
DUMR	Dumra	Bihar	ECR	26.576993	85.533639	NH 77, Bihar
DISA	DISA	Gujarat	WR	24.2371252	72.1796003	Disa, Gujarat
CKV	CHERUKUVADA	Andhra Pradesh	SCR	16.58967159	81.42156278	Cherukawada, Andhra Pradesh
LKO	LUCKNOW			26.830675	80.925291	
DLI	OLD DELHI	Delhi NCT	NR	28.661816	77.228356	Shyama Prasad Mukherji Marg, Delhi NCT
DOLK	Dholikua	Gujarat	WR			Gujarat, Gujarat
MDH	MANDHAR			21.33807	81.704606	
SLH	SILIARI			21.426336	81.755534	
BKTH	BAIKUNTH			21.4976724	81.7800294	
CHV	CHARVATTUR	Kerala	SR	12.213321	75.15435	Kasaragod district, Kerala
CDRA	CHANDERA	Kerala	SR	12.179818	75.168292	Kasaragod, Kerala
BYL	BELHA			21.961973	82.077189	
PUG	PUNGGUDI			10.748083	78.620151	
TPJ	TIRUCHIRAPPALLI			10.794067	78.685355	
CHBT	CHAKARBHATHA			22.003082	82.112168	
DTRD	Diyatara Road	Rajasthan	?	27.73359625	72.83991879	Diyatra, Rajasthan
IB	IB			21.815777	83.948781	
DSNB	Darsana Border	Bangladesh	?			Chuadanga, Bangladesh
KGP	KHARAGPUR JN			22.341432	87.328456	
FLR	PHULESWAR			22.47787564	88.1160489	
DHH	Dinhata	West Bengal	NFR	26.0707762	89.5868746	Dinhata, West Bengal
DKDP	Dakshin Durgapur	West Bengal	ER	22.308871	88.399338	Dakshin Durgapur, West Bengal
DJRZ	To Darjeeling	West Bengal	NFR	26.8521353	88.3332302	Darjeeling, West Bengal
DJG	DULIAJAN	Assam	NFR	27.367712	95.306952	Duliajan, Assam
DKM	DIKOM	Assam	NFR	27.46422657	95.08067428	A T Rd, Assam
DHNA	Dhachna	Bihar	NFR	25.64647321	87.98693869	National Highway 34, Bihar
JTIN	Jethian			24.92954815	85.31412773	
DURP	Durgapuri	Madhya Pradesh	NCR			Khojeepura, Madhya Pradesh
DMR	Dharmanagar	Tripura	NFR	24.366946	92.168247	Dharmanagar, Tripura
DPDP	Dhapdhapi	West Bengal	ER	22.315994	88.459855	Dhapdhapi, West Bengal
ENB	Ellenabad	Rajasthan	NWR	29.44410399	74.65793411	State Highway 23, Rajasthan
DLCR	Dullabcherra	Assam	NFR	24.505297	92.477671	Anipur Nivia Rd, Assam
DVH	Devi Halt	Madhya Pradesh	SECR	21.706411	78.86207	Devi, Madhya Pradesh
DGX	Dagaon	Assam	NFR	26.444446	92.613689	Mathaouri Rd, Assam
DKWA	Dokwa	Rajasthan	NWR	28.579787	75.323364	National Highway 65, Rajasthan
DUH	Dudda	Karnataka	SWR	13.08842214	76.2042468	Dudda, Karnataka
DHI	Dhule	Maharashtra	CR	20.887752	74.768847	Dhule, Maharashtra
DHU	Dhubulia	West Bengal	ER	23.483546	88.441145	Nadia, West Bengal
DOGL	Donigal	Karnataka	SWR	12.90404781	75.73412168	Mangalore - Bangalore Hwy, Karnataka
DSM	DARASURAM	Tamil Nadu	SR	10.944384	79.356384	Kumbakonam, Tamil Nadu
DWX	DEWAS	Madhya Pradesh	WR	22.977556	76.051191	Dewas, Madhya Pradesh
DOR	DUNDARA	Rajasthan	NWR	25.895799	72.796892	Dhundhara, Rajasthan
DMH	Dauram Madhepura	Bihar	ECR	25.908513	86.782638	Madhepura, Bihar
DPK	Dholipal	Rajasthan	NWR	29.76082671	74.25159995	Dholipal, Rajasthan
AHO	ADARSHNAGAR	Rajasthan	NWR	26.41157993	74.65343249	Ajmer, Rajasthan
DNN	Dina Nagar	Punjab	NR	32.134789	75.467351	Dinanagar, Punjab
DPC	Darliput	Orissa	ECoR	18.365186	82.746519	Darliput, Orissa
DWK	DWARKA	Gujarat	WR	22.251023	68.980434	Dwarka, Gujarat
RJN	RAJ NANDGAON			21.101186	81.039019	
DWM	Darwha Moti Bagh Junction	Maharashtra	CR			Darwha, Maharashtra
DOZ	DAURAI	Rajasthan	NWR	26.395604	74.619546	Madar, Rajasthan
PMS	PARMALKASA			21.140859	81.09869	
DOC	Daun Kalan	Punjab	NR	30.37921906	76.45856896	National Highway 64, Punjab
MXA	MARAUDA	Chhattisgarh	SECR	21.15958	81.35973	Bhilai, Chhattisgarh
ER08	Kalinagar	West Bengal	ER			State Highway 6, West Bengal
BQF	BARAHMUAFI	Uttar Pradesh	WCR	25.039892	81.009932	Uttar Pradesh, Uttar Pradesh
DOE	DEORI	Madhya Pradesh	WCR	23.298435	80.009808	Jabalpur, Madhya Pradesh
DRHI	DAGARHKERI	Madhya Pradesh	WCR	22.08127321	76.82640176	State Highway 15, Madhya Pradesh
DGN	DONGARGAON	Madhya Pradesh	CR	21.641314	76.364067	Borgaon, Madhya Pradesh
KBSN	KASBE-SUKENE			20.072296	74.027149	
KW	KHERVADI			20.046948	73.973978	
ODHA	ODHA			20.01601	73.910456	
NK	NASIK ROAD			19.947627	73.841897	
LT	LAHAVIT			19.852905	73.815119	
KJMG	KANJUR MARG			19.128181	72.928041	
GC	GHATKOPAR			19.085985	72.908591	
LTT	LOKMANYA TILAK TERM			19.07032	72.891739	
DRB	Debari	Rajasthan	NWR	24.606987	73.805352	Debari, Rajasthan
FAP	FAKHARPUR HALT	Uttar Pradesh	NR	28.846965	77.293521	Fakharpur, Uttar Pradesh
DSA	DELHI SHAHDARA	Delhi NCT	NR	28.673098	77.293154	Circular Rd, Delhi NCT
GZT	GHAZIPUR GHAT	Uttar Pradesh	NER	25.60028	83.604802	Ghazipur, Uttar Pradesh
PGN	PERUGAMANI	Tamil Nadu	SR	10.889271	78.54751	Nagappattinam - Trichy - Karur- Coimbatore - Mettupalayam - Ooty - Gundlupet Road(Vandikara Street), Tamil Nadu
DMV	DIMAPUR	Nagaland	NFR	25.905702	93.727816	Dimapur, Nagaland
DWF	DUDH SAGAR WATER FALLS	Karnataka	SWR	15.31333714	74.31403358	National Highway 4A, Karnataka
FSG	PHURSUNGI	Maharashtra	CR	18.455829	74.026016	Phursungi, Maharashtra
FLU	Phulia	West Bengal	ER	23.229897	88.49634	Fulia, West Bengal
DPS	Dangoaposi	Jharkhand	SER	22.167964	85.59273	Nurda, Jharkhand
DZKT	Durga Chak Town	West Bengal	SER	22.066831	88.136032	Haldia, West Bengal
EPR	Mumbai Elphinstone Road	Maharashtra	WR	19.00694	72.835426	Mumbai, Maharashtra
ELL	Eraligu	Assam	NFR	24.665398	92.332631	Eraligu, Assam
DLN	DILDARNAGAR JN			25.419424	83.668324	
DNWH	Daniyawan Bazar Halt	Bihar	?	25.43450362	85.29089511	Daniawan, Bihar
AHM	AHIMANPUR	Uttar Pradesh	NER	25.252404	82.511544	St Ravidas Nagar, Uttar Pradesh
FA	FALNA	Rajasthan	NWR	25.235808	73.234953	Falna, Rajasthan
DODH	Dodh	Punjab	NR	30.841607	74.521937	State Highway 20, Punjab
DRGJ	DARAGANJ	Uttar Pradesh	NER	25.44265	81.87999	Allahabad, Uttar Pradesh
DQN	Dhanera	Gujarat	NWR	24.506528	72.032364	Dhanera, Gujarat
DUMK	Dumka	Jharkhand	ER	24.289527	87.254975	Dumka, Jharkhand
SRGM	SRIRANGAM			10.857918	78.696348	
GOC	PONMALAI GOLDEN ROCK			10.791837	78.709755	
DZK	Durgachak	West Bengal	SER	22.082011	88.155274	Haldia, West Bengal
TPTN	TIRUCHIRAPALI TOWN			10.829084	78.702834	
UKV	UTTAMARKOVIL			10.877948	78.702346	
BXS	PICHCHANDARKOVL			10.881112	78.720236	
VLDE	VALADI			10.872869	78.757917	
MAND	MANDURAI			10.873068	78.786196	
LLI	LALGUDI			10.875733	78.813672	
KTTR	KATTUR			10.895834	78.855173	
PMB	PULLAMBADI			10.940214	78.917573	
KKPM	KALLAKKUDI PLGH			10.966119	78.948759	
KLGM	KALLAGAM			11.02561453	79.0054263	
SLTH	SILLAKKUDI			11.09563342	79.03686199	
ALU	ARIYALUR			11.150035	79.068318	
OTK	OTTAKOVIL			11.222726	79.109674	
VER	VELLUR HALT			11.242453	79.13845	
SNDI	SENDURAI			11.256462	79.168778	
MTUR	MATHUR			11.318107	79.205803	
ICG	ICHCHANGADU			11.3710038	79.21975512	
PNDM	PENNADAM			11.397963	79.219978	
TLNR	TALANALLUR			11.436374	79.24125	
VRT	VRIDDHACHALM TN			11.482273	79.279462	
DPD	DOSAPADU	Andhra Pradesh	SCR	16.468807	80.938771	Krishna, Andhra Pradesh
GAMI	Gogameri	Rajasthan	NWR	29.16024403	75.03507564	MDR 18, Rajasthan
GANI	GHARNI	Maharashtra	?	18.47697	76.758368	MSH3, Maharashtra
DVN	DEVTHANA	Maharashtra	SCR	19.274562	77.689981	Nanded, Maharashtra
DXH	DUHAI	Uttar Pradesh	NR	28.730283	77.480363	Uttar Pradesh, Uttar Pradesh
DWLE	Dhauni	Bihar	ER	25.01032968	86.99304098	Dhauni, Bihar
DUI	DHURI JN	Punjab	NR	30.372741	75.866603	Dhuri, Punjab
FPS	Fatehpur Shekhawati	Rajasthan	NWR	28.000728	74.971043	Fatehpur, Rajasthan
DWJ	DWARKAGANJ	Uttar Pradesh	NR	26.316418	82.109076	Sultanpur, Uttar Pradesh
DI	DOMBIVILI			19.218218	73.0869	
VK	VIKHROLI			19.11196	72.928312	
VVH	VIDYAVIHAR			19.079258	72.897181	
VGN	VANGAON	Maharashtra	WR	19.882845	72.763185	Thane, Maharashtra
GALG	GoldingGanj	Bihar	?			GoldingGanj, Bihar
EKR	Ekangarsarai	Bihar	ECR	25.2224815	85.2322638	Ekangar Sarai, Bihar
GGN	GURGAON	Haryana	NR	28.489165	77.010739	Gurgaon, Haryana
DTW	DATEWAS	Punjab	NR	29.893255	75.616682	Bareta, Punjab
NAI	Nangi	West Bengal	ER	22.500256	88.223984	Kolkata, West Bengal
FN	Farukhnagar	Haryana	NR	28.467066	76.828486	Gurgaon, Haryana
GDL	GONDAL	Gujarat	WR	21.972471	70.795588	Gondal, Gujarat
GAH	Gawnaha	Bihar	ECR	27.269839	84.520176	Pashchim Champaran, Bihar
GAL	GHATLA	Rajasthan	NWR	27.731813	76.628452	State Highway 14, Rajasthan
AI	ADIPUR	Gujarat	WR	23.0770527	70.0786586	Dist. Kachchh, Gujarat
CHG	MUMBAI CHINCHPOKLI	Maharashtra	CR	18.986789	72.832659	Mumbai, Maharashtra
DWZ	Dantewara	Chhattisgarh	ECoR	18.907733	81.354536	Dantewada, Chhattisgarh
DXR	DIGSAR	Gujarat	WR	22.712403	71.499375	State Highway 17, Gujarat
FTD	Fatehabad Chowk Junction	Madhya Pradesh	WR	23.009106	75.673338	Indore, Madhya Pradesh
DZB	Dahina Zainabad	Haryana	NWR	28.29107857	76.39169434	Tumna Rd, Haryana
TMLP	TIRUMALPUR	Tamil Nadu	SR	12.956333	79.673488	Tirumalpur, Tamil Nadu
CJE	KANCHIPURAM EAST	Tamil Nadu	SR	12.84113719	79.71204368	Kanchipuram, Tamil Nadu
DUJ	DUBRAJPUR	West Bengal	ER	23.803358	87.378973	Dubrajpur, West Bengal
DGU	DIGARU	Assam	NFR	26.173306	91.977861	Digaru, Assam
BRHU	BARAHU	Assam	NFR	26.12043338	92.13951242	National Highway 37, Assam
DML	DHARAMTUL	Assam	NFR	26.189127	92.36716	Dharamtul, Assam
BHGP	Bhagirathpur	Uttar Pradesh	NER	27.326628	83.38771	National Highway 29, Uttar Pradesh
DHRY	DHALPUKHURI	Assam	NFR	25.981051	92.880626	Hojai Rd, Assam
BRLF	BAR LANGFER S	Assam	NFR	25.755626	93.225136	Lumding, Assam
SLX	SELENG HAT	Assam	NFR	26.78343803	94.48276269	National Highway 61, Assam
DBRG	DIBRUGARH	Assam	NFR	27.46360657	94.93525791	Dibrugarh, Assam
DIL	DILAWARNAGAR			26.9601891	80.6674744	
NDJ	NANDGANJ	Uttar Pradesh	NER	25.54457	83.396867	National Highway 29, Uttar Pradesh
DYU	DIYURI	Uttar Pradesh	NER	28.603253	79.87601	Diyuri, Uttar Pradesh
JAT	JAMMU TAWI	Jammu and Kashmir	NR	32.706975	74.880117	Jammu Cantt, Jammu and Kashmir
KNDI	KANDRORI	Himachal Pradesh	NR	32.184403	75.668807	District Kangra Pin- 176402, Himachal Pradesh
DYP	Daryapur	Uttar Pradesh	NR	26.182799	81.248588	National Highway 24B, Uttar Pradesh
BMK	BIRANG KHERA	Punjab	NWR	29.91256971	74.63586429	MDR 105, Punjab
DHRR	DHIRERA	Rajasthan	NWR	28.363519	73.616355	Bikaner, Rajasthan
CBN	CHIT BARAGAON	Uttar Pradesh	NER	25.744109	84.00154	Chitbaragaon, Uttar Pradesh
CPR	CHHAPRA			25.78832	84.725004	
DRI	DUMRI JUARA			25.748425	84.869395	
SEE	SONPUR JN			25.696849	85.166851	
FRDH	Faridaha Halt	Uttar Pradesh	NER	25.557959	83.126022	Aunrihar, Uttar Pradesh
KLL	KALOL JN	Gujarat	WR	23.244576	72.50363	Kalol, Gujarat
DNW	DANGARWA	Gujarat	WR	23.401485	72.441253	Jagudan, Gujarat
CHP	CHHAPI	Gujarat	WR	24.034518	72.400221	Banaskantha, Gujarat
SOH	SIROHI ROAD	Rajasthan	NWR	24.791042	73.039834	Pindwara, Rajasthan
TN	TUTICORIN	Tamil Nadu	SR	8.806109	78.155359	Thoothukudi, Tamil Nadu
GBA	GARHBETA	West Bengal	SER	22.844562	87.320972	Medinipur, West Bengal
ELM	ELIMALA	Kerala	SR	12.0686868	75.2308476	Kannur District, Kerala
GARA	Garha	Bihar	ECR	26.426289	85.520966	NH 77, Bihar
GJN	Gajner	Rajasthan	NWR	27.9358522	73.0615538	National Highway 15, Rajasthan
GIA	Garia	West Bengal	ER	22.465959	88.404673	Kolkata, West Bengal
ERL	ERANIEL	Tamil Nadu	SR	8.212549	77.308161	Kanyakumari, Tamil Nadu
VRI	VRIDHACHALAM JN			11.534965	79.316073	
MPLY	MEPPULIYUR			11.676385	79.306638	
PRKL	PARIKKAL			11.778527	79.370923	
KGZ	KARUNGUZHI			12.531919	79.91149	
PNDP	PANDILLAPALLI	Andhra Pradesh	SCR	17.171933	80.170234	Pandillapalli Railway Station, Andhra Pradesh
GLV	GULVANCHI	Maharashtra	CR	17.172707	75.05678	Jath Rd, Maharashtra
GHH	GARHI HARSARU	Haryana	NR	28.43755	76.929697	Gurgaon, Haryana
GOP	GOP JAM	Gujarat	WR	22.05396965	69.90809078	State Highway 27, Gujarat
GDZ	Gundardehi	Chhattisgarh	SECR	20.948836	81.302351	Gundardehi, Chhattisgarh
GDB	GIDDARBAHA	Punjab	NR	30.201319	74.663342	Giddarbaha, Punjab
GJW	Gajuwala	Punjab	NR	29.585509	75.871735	State Highway 2, Punjab
GMIA	GUMIA		ECR	23.802651	85.828922	
GDHA	GODHA	Uttar Pradesh	NR	28.005897	78.141225	Godha, Uttar Pradesh
GHUM	Ghoom	West Bengal	NFR	27.008643	88.254223	Darjeeling, West Bengal
GNPT	Ganpatpura	Gujarat	WR			Gujarat, Gujarat
LRJ	LAKSAR JN			29.754038	78.019628	
GSDH	GARSANDA HALT	Jharkhand	ECR	25.142617	86.011307	Garsanda, Jharkhand
GELA	Ghadela Halt	Madhya Pradesh	SECR	21.714044	78.888017	State Highway 19, Madhya Pradesh
GHQ	GARHWA	Jharkhand	ECR	24.1751953	83.8132154	Garhwa, Jharkhand
GDV	GUDIVADA JN	Andhra Pradesh	SCR	16.429888	80.987594	Krishna District, Andhra Pradesh
GNDI	GONDWALI	Madhya Pradesh	WCR	24.217438	82.519981	Bargawa, Madhya Pradesh
KEI	KASHI			25.326564	83.031939	
BBRM	BABA BHAGWAN RAM HALT			25.31588767	83.03840618	
VYN	VYASNAGAR			25.29701	83.071351	
GNK	Garhnokha	Bihar	ECR	25.09724423	84.12283778	State Highway 12, Bihar
BHBV	BLOCK HUT B			25.274869	83.102203	
BSB	VARANASI JN			25.327281	82.986468	
DKI	DHARMKUNDI	Madhya Pradesh	WCR	22.51203837	77.55101444	Hoshangabad, Madhya Pradesh
NGL	NANGAL	Uttar Pradesh	NR	29.832554	77.62227	Saharanpur, Uttar Pradesh
MOZ	MUZAFFARNAGAR	Uttar Pradesh	NR	29.468689	77.707807	MuzaffarNagar, Uttar Pradesh
DRLA	DAURALA	Uttar Pradesh	NR	29.114015	77.70616	Meerut, Uttar Pradesh
MDNR	MODINAGAR	Uttar Pradesh	NR	28.827907	77.571716	Ghaziabad, Uttar Pradesh
BRI	BHIRINGI	Madhya Pradesh	WCR	22.227752	76.941024	Harda, Madhya Pradesh
GEDE	Gede	West Bengal	ER	23.491197	88.786737	R 748, West Bengal
THK	THAKRULI			19.225768	73.097678	
GHE	GHEVRA	Delhi NCT	NR	28.691982	76.998536	Ghevra, Delhi NCT
GHA	GOLEHWALA	Punjab	NR	30.789872	74.704406	Golehwala, Punjab
GAW	Gainjahwa	Uttar Pradesh	NER	27.45465576	82.24506479	MDR 10E, Uttar Pradesh
GNZ	Gahndran Halt	Punjab	NR	31.117935	75.424279	Malsian Rd, Punjab
MGSO	MGSO					
GH	GHUGHULI	Uttar Pradesh	NER	27.05395161	83.71377455	Ghughli Bazar, Uttar Pradesh
DLWS	DLWS					
SJGH	SARAI JAGDISH	Uttar Pradesh	NER	25.30009	82.365134	National Highway 2, Uttar Pradesh
KARD	KAMAN ROAD	Maharashtra	CR	19.33655	72.919123	Section 2, Maharashtra
GOV	Govindpuri	Uttar Pradesh	NCR			Kanpur, Uttar Pradesh
AML	AMALSAD	Gujarat	WR	20.811373	72.956092	Amalsad, Gujarat
GPLG	Gopalpurgram	West Bengal	ER			Contai Nandakumar Rd, West Bengal
GQD	Gourdaha Halt	West Bengal	ER			Gourdaha, West Bengal
GTQ	Gumtali Halt	Punjab	NR	31.065852	75.636453	Gumtali, Punjab
GLD	Ghelda	Gujarat	WR	23.36169342	72.20310173	State Highway 133, Gujarat
LRJC	LAKSAR NORTH CABIN			29.767009	78.00176	
GCT	GHAZIPUR CITY	Uttar Pradesh	NER	25.583144	83.568045	Ghazipur, Uttar Pradesh
GIS	Garhi Sandra	Rajasthan	NCR	26.668256	77.76513	Dholpur, Rajasthan
GUV	GURUVAYUR	Kerala	SR	10.596896	76.045457	Guruvayoor 0487-2556820, Kerala
EOCM	EOCM			25.315812	83.196038	
KCA	KUCHMAN			25.318878	83.21503	
SLD	SAKALDIHA			25.331472	83.289193	
TLAM	TULSI ASHRAM			25.34227434	83.35123572	
DHA	DHEENA			25.354392	83.423069	
DTVL	DATIVLI	Maharashtra	CR	19.187012	73.059049	Kalyan Shilphata Rd, Maharashtra
KLMG	KALAMBOLI GOODS	Maharashtra	CR	19.035116	73.114949	Navi Mumbai, Maharashtra
BHCL	BAHORA CHANDIL			25.364918	83.489726	
ZNA	ZAMANIA			25.373856	83.54365	
DRV	DARAULI			25.393753	83.601802	
USK	USIA KHAS			25.434324	83.706967	
PEN	PEN	Maharashtra	CR	18.73560446	73.08679785	Pen, Maharashtra
GKA	Gokhula	Bihar	ECR	27.069813	84.539763	Dhaminaha, Bihar
CMC	CHEMANCHERI	Kerala	SR	11.405279	75.720039	Dist. Kozhikode, Kerala
ETR	ELATTUR	Kerala	SR	11.346337	75.741119	Kozhikode district, Kerala
GPBN	Gandhi Park Halt		?	18.652066	77.893393	
CLT	KOZHIKODE	Kerala	SR	11.246234	75.780407	Calicut, Kerala
FK	FEROK	Kerala	SR	11.1749722	75.8302845	Feroke, Kerala
PGI	PARPANANGADI	Kerala	SR	11.04591	75.861006	Parappanangadi, Kerala
BPZA	BHARATHAPUZHA H			10.758914	76.290829	
VTK	VALLATHOL NAGAR			10.731563	76.280933	
BWH	BHADAURA			25.4504253	83.738354	
GIO	Goriyan	Rajasthan	NWR	27.547928	75.26559	National Highway 11, Rajasthan
GLA	GARLA	Andhra Pradesh	SCR	17.487076	80.139236	Garla, Andhra Pradesh
GOD	GIDARPINDI	Punjab	NR	31.152633	75.124514	Jalandhar, Punjab
GVH	Govind Garh	Rajasthan	NCR	27.499556	76.988058	Govindgarh, Rajasthan
GRB	GARHDHRUBESWAR	West Bengal	SER	23.509341	86.617006	Purulia, West Bengal
GNW	Gangiwara	Madhya Pradesh	CR	22.097988	78.846139	Chhindwara, Madhya Pradesh
PHLG	PHLG					
GRI	GURIYA	Rajasthan	NWR	25.998261	73.955291	Pali, Rajasthan
HBE	Habibpur	West Bengal	ER	23.211967	88.538423	National Highway 34, West Bengal
GWV	GOWDAVALLI	Andhra Pradesh	SCR	17.609541	78.468191	Rangareddy, Andhra Pradesh
GLGT	Golaghat	Assam	NFR	26.508626	93.9611898	Golaghat, Assam
MDRR	MADHAVNAGAR ROA	Madhya Pradesh	WCR	23.78661021	80.39482433	Madhavnagar, Madhya Pradesh
GMD	GURAMKHEDI	Madhya Pradesh	WCR	22.68220648	78.07782073	Sohagpur, Madhya Pradesh
HGA	Hogla	West Bengal	ER	22.255044	88.452384	Hogla H, West Bengal
BGTA	BAGRA TAWA	Madhya Pradesh	WCR	22.6307113	77.9937073	Bagra Tawa, Madhya Pradesh
AIA	AJARAKA	Rajasthan	NWR	27.959391	76.564209	Ajaraka, Rajasthan
GNJ	GUNJI	Karnataka	SWR	15.54311556	74.47936742	Belagavi, Karnataka
H	Venkatagiri Kote Halt	Karnataka	SWR			Venkatagiri Kote, Karnataka
GPB	GHATPRABHA	Karnataka	SWR	16.2407189	74.75982295	Ghatprabha, Karnataka
GTRA	GOTRA HALT	Uttar Pradesh	NR	28.807889	77.30096	Gotra, Uttar Pradesh
GLTA	GAHLOTA	Rajasthan	NWR	26.67237152	74.96755654	Kishangarh, Rajasthan
GNA	GONEANA	Punjab	NR	30.318715	74.90948	Goniana, Punjab
GJS	Gajsinghpur	Rajasthan	NWR	29.658053	73.436739	State Highway 3, Rajasthan
GJUT	GANGSAR JAITU	Punjab	NR	30.445082	74.879511	Jaitu, Punjab
GUS	GHUMASAN	Gujarat	WR	23.378699	72.449853	State Highway 41, Gujarat
GSD	Ghosunda	Rajasthan	NWR	24.871222	74.534527	Chittaurgarh, Rajasthan
HBP	HARPAR BOCHAHA	Bihar	ECR	25.60343734	85.75716073	Pagra Rd, Bihar
MRLA	MARIYAL GANGAVA					
GLE	Gajulaguden	Andhra Pradesh	SCR	17.609727	80.657904	Gajulaguden, Andhra Pradesh
GOPG	Gopalganj	Bihar	NER	26.454202	84.435547	Harkhua, Bihar
GOK	GOKARNA ROAD	Karnataka	KR	14.582791	74.367197	Uttara Kannada, Karnataka
CS	KANNUR SOUTH	Kerala	SR	11.866899	75.400253	Kannur, Kerala
GNL	Gongle	Maharashtra	SECR	21.222011	80.147349	Gondia, Maharashtra
ETK	ETAKKOT	Kerala	SR	11.806195	75.443797	NH 17, Kerala
GQN	Garhani	Bihar	ECR	25.41189315	84.56961566	Garhani, Bihar
GNC	Gandhinagar Capital	Gujarat	WR	23.233379	72.629162	Gandhinagar, Gujarat
HJO	Harangajao	Assam	NFR			North Cachar Hills, Assam
GUA	Gua	Jharkhand	SER	22.218519	85.381896	Kiriburu, Jharkhand
HKH	Haranya Kheri	Madhya Pradesh	WR	22.583661	75.776745	National Highway 3, Madhya Pradesh
GVL	Gudlavalleru	Andhra Pradesh	SCR	16.348371	81.046037	Gudlavalleru, Andhra Pradesh
GWYR	Greenways Road	Tamil Nadu	SR	13.0202759	80.25171539	Chennai, Tamil Nadu
GSP	Gurdaspur	Punjab	NR	32.044111	75.420769	Gurdaspur, Punjab
HKD	Hailakandi	Assam	?	24.680276	92.56789	Hailakandi, Assam
GNPR	Gunupur	Orissa	ECoR	19.0690589	83.8099599	Gunupur, Orissa
GULR	GULER	Himachal Pradesh	NR	32.004278	76.151266	State Highway 22, Himachal Pradesh
GSW	GURSAR SHNEWALA	Punjab	NWR	30.13892651	74.8861199	Bagwali, Punjab
HRD	Harsud	Madhya Pradesh	WCR			Harsud, Madhya Pradesh
HAPA	HAPA	Gujarat	WR	22.468974	70.11814	Jamnagar, Gujarat
GZN	NEW GHAZIABAD	Uttar Pradesh	NR	28.674404	77.438008	Ghaziabad, Uttar Pradesh
HSWS	Hansiawas	Rajasthan	NWR			Hansiawas, Rajasthan
HPT	HOSPET JN	Karnataka	SWR	15.286807	76.38578	Hospet, Karnataka
HLZ	Haldia	West Bengal	SER	22.045284	88.06589	Sutahata, West Bengal
HEM	HIMAYATNAGAR	Maharashtra	SCR	19.416709	77.868855	Nanded, Maharashtra
HTD	HATUNDI	Rajasthan	NWR	26.35427916	74.6445661	Ajmer, Rajasthan
HLAR	HOLE ALUR	Karnataka	SWR	15.81959	75.646461	Badami Rd, Karnataka
HPP	HARPALPUR	Madhya Pradesh	NCR	25.290501	79.335461	Dist - Chhatarpur, Madhya Pradesh
GSL	GODAPIASAL	West Bengal	SER	22.530677	87.320806	Godapiasal, West Bengal
HLDR	HALDAUR	Uttar Pradesh	NR	29.29008155	78.27506046	State Highway 76, Uttar Pradesh
GVD	GHOLVAD	Maharashtra	WR	20.08688	72.737991	Gholvad, Maharashtra
HSA	HASIMARA	West Bengal	NFR	26.72689	89.347661	Hasimara, West Bengal
GTT	GOMTA	Gujarat	WR	21.873815	70.729702	Gomta, Gujarat
GTF	GUMTHAL	Uttar Pradesh	NR	28.484002	78.757645	Raja Ka Sahaspur, Uttar Pradesh
HSI	HARSAULI	Rajasthan	NWR	27.864848	76.615189	Harsoli, Rajasthan
HRSR	Harish Nagar Halt	West Bengal	ER	23.469777	88.777989	BSF Rd, West Bengal
GSO	GHASO	Haryana	NR	29.531288	76.143369	District Jind, Haryana
HNK	HANAKERE	Karnataka	SWR	12.565639	76.979837	Mandya, Karnataka
AII	AJMER JN	Rajasthan	NWR	26.456612	74.637464	Ajmer, Rajasthan
HIL	Hilsa	Bihar	ECR	25.317354	85.277079	Hilsa, Bihar
GXG	Geong	Haryana	NR	29.82235844	76.46639704	Haryana, Haryana
HBN	Haibargaon	Assam	NFR	26.355638	92.672506	Nagaon, Assam
HLW	Hirnawali	Rajasthan	NWR	29.71012065	74.27241649	Hirnawali, Rajasthan
HRT	Harnaut	Bihar	ECR	25.37176284	85.54072241	Harnaut, Bihar
HBF	Hadobhangi Halt	Orissa	ECoR	18.8219371	83.94176085	Paralakhemundi, Orissa
HRF	Hathras Kila	Uttar Pradesh	NCR	27.5948763	78.05801799	Hathras(05722-242803), Uttar Pradesh
GRPA	Garhpura	Bihar	ECR	25.65472	86.209037	Begusarai, Bihar
HSR	Hisar	Haryana	NWR	29.152341	75.724305	Hisar, Haryana
GTM	Ghatampur	Uttar Pradesh	NCR	26.151304	80.174712	Ghatampur, Uttar Pradesh
GRMA	Ghormara	Jharkhand	ER	24.442298	86.86392	Deoghar, Jharkhand
PCV	Palakkodu	Tamil Nadu	SWR	12.297418	78.072073	Dharmapuri, Tamil Nadu
HAH	Hosa Agrahara	Karnataka	SWR	12.57045962	76.36181943	Hosa Agrahara, Karnataka
HPI	Harapatti	Bihar	?	25.881402	87.092628	State Highway 65, Bihar
IDR	INDI ROAD	Karnataka	SWR	17.211289	75.919616	Bijapur, Karnataka
HLDD	HALDI ROAD	Uttarakhand	NER	29.039597	79.459679	NH 87, Uttarakhand
IZN	IZZATNAGAR	Uttar Pradesh	NER	28.388266	79.421171	Bareilly, Uttar Pradesh
HSQ	HUSAINPUR	Punjab	NR	31.301125	75.320851	Kapurthala, Punjab
HNM	HINAUTARAMBAN	Madhya Pradesh	WCR	24.575192	80.943062	Satna, Madhya Pradesh
HLX	HILARA	Assam	NFR	24.951767	92.620511	Cachar, Assam
INDR	Indira Nagar	Tamil Nadu	SR			Chennai, Tamil Nadu
HYB	HYDERABAD DECCAN	Andhra Pradesh	SCR	17.393363	78.467377	Hyderabad, Andhra Pradesh
JCU	JAICHOLI	Rajasthan	WCR	27.131193	77.397778	SH 1, Rajasthan
HTK	HATKANAGALE	Maharashtra	CR	16.748424	74.422067	Hatkanangale, Maharashtra
HMT	HIMMATNAGAR	Gujarat	WR	23.591655	72.960358	Himatnagar, Gujarat
JAM	JAMNAGAR	Gujarat	WR	22.493992	70.053879	Jamnagar, Gujarat
HGJ	HARDUAGANJ	Uttar Pradesh	NCR	27.99047562	78.12802585	Aligarh, Uttar Pradesh
HMI	HIMMATANA	Punjab	NR	30.458736	75.867119	SH 11, Punjab
HRNG	HARPUR NAG HALT	Bihar	ECR	26.386419	85.077136	National Highway 28, Bihar
HW	HARIDWAR JN	Uttarakhand	NR	29.947787	78.154899	Haridwar, Uttarakhand
INDM	Indore Junction MG	Madhya Pradesh	WR	22.717139	75.868072	Indore, Madhya Pradesh
IHP	INCHHAPURI	Haryana	NR	28.319499	76.7189807	Gurgaon, Haryana
HWX	HABAIPUR	Assam	NFR	25.871926	92.985863	Station Rd, Assam
HMRR	HAMARAPUR	Maharashtra	CR	18.81964	73.086161	Raigad, Maharashtra
HIND	HIND	Uttar Pradesh	NR	29.53038883	77.36347438	State Highway 57, Uttar Pradesh
HTNL	HITNAL	Karnataka	SWR	15.335637	76.291469	National Highway 63, Karnataka
HJL	HEJJALA	Karnataka	SWR	12.8482855	77.41841687	Bengaluru, Karnataka
JGNR	Jogendranagar	Tripura	NFR	23.812162	91.310464	Agartala, Tripura
HVR	HAVERI	Karnataka	SWR	14.7943	75.410686	Haveri, Karnataka
JDL	JAGDEVWALA	Rajasthan	NWR	28.31085828	73.45574981	Bikaner, Rajasthan
HEI	HEGGERE HALT	Karnataka	SWR	13.341342	77.048296	Heggere, Karnataka
HHL	HIREHALI	Karnataka	SWR	13.28157594	77.18876395	NH 4, Karnataka
JDP	Jadabpur	West Bengal	ER	22.495442	88.374697	Kolkata, West Bengal
JHD	Jehanabad	Bihar	ECR	25.224705	84.989964	Jahanabad, Bihar
HRM	Hadmadiya	Gujarat	WR	20.934947	70.841154	Junagadh, Gujarat
HDM	Hirdamali	Maharashtra	SECR	21.342807	80.197137	Gondia, Maharashtra
JJPR	Jhanjharpur Bazar Halt	Bihar	?			Jhanjharpur, Bihar
JARI	Jari	Gujarat	NWR	24.587316	72.061232	Dhanera, Gujarat
HTW	Hathua	Bihar	NER	26.36890188	84.34025274	Hathua, Bihar
HLV	Haliyuru	Karnataka	SWR	14.222474	76.336804	State Highway 48, Karnataka
BETI	Bhetasi		WR	22.421624	73.032237	
KMNR	Kamalnagar	Karnataka	SCR	18.240644	77.178835	Kamal Nagar, Karnataka
JKL	Jalal Khali	West Bengal	?	23.347508	88.513628	State Highway 11, West Bengal
HPLE	Hatpuraini	Bihar	ER	25.15582554	86.98506958	Bhagalpur, Bihar
JGN	Jagraon	Punjab	NR	30.801197	75.472759	Jagraon, Punjab
HPA	Hampapura	Karnataka	SWR	12.479685	76.394664	Hampapura, Karnataka
IAM	Mai Halt		?	25.15663244	84.98781945	
JHDC	Jehanabad Court	Bihar	ECR	25.20114348	84.98415623	National Highway 83, Bihar
JOR	Jalor	Rajasthan	NWR	25.35418	72.63429	Jalor, Rajasthan
JBP	JABALPUR	Madhya Pradesh	WCR	23.164636	79.950919	Jabalpur, Madhya Pradesh
IRN	Irgaon	Jharkhand	SER	23.421551	84.783251	Lohardaga, Jharkhand
JHK	JETHUKE	Punjab	NR	30.288215	75.318381	Jettuke, Punjab
JNA	JULANA	Haryana	NR	29.120124	76.396508	Julana, Haryana
IDJ	IDALHOND	Karnataka	SWR	15.70792852	74.5181454	Garlgunj - Idalhond Rd, Karnataka
IDL	INDALVAI	Andhra Pradesh	SCR	18.548665	78.244351	Indalvai, Andhra Pradesh
JJR	JEJURI	Maharashtra	CR	18.286557	74.171451	Pune, Maharashtra
JRBM	JIRIBAM	Assam	NFR	24.79884918	93.12437581	Rd, Assam
JRNA	Jirania	Tripura	NFR	23.827373	91.431986	Jirania Railway Station, Tripura
JCY	JIND CITY	Haryana	NR	29.309693	76.317477	Jind, Haryana
JDNX	JOGINDER NAGAR	Himachal Pradesh	NR	31.988433	76.788887	Joginder Nagar, Himachal Pradesh
IGL	IRINGAL	Kerala	SR	11.548117	75.608869	Kochi - Panavel Rd, Kerala
AILM	AILAM	Uttar Pradesh	NR	29.27199471	77.29153494	State Highway 57, Uttar Pradesh
JONR	Jeonara Ph	Madhya Pradesh	SECR	22.467657	80.073534	Nainpur, Madhya Pradesh
JAK	Jakanur	Karnataka	SWR	15.845019	75.650291	Badami Rd, Karnataka
IBL	INDRABIL	West Bengal	SER	23.445294	86.781647	Purulia District, West Bengal
JOS	JOGESHWARI	Maharashtra	WR	19.136551	72.849066	Mumbai, Maharashtra
JDN	JAGUDAN	Gujarat	WR	23.521841	72.401649	Mehsana, Gujarat
PBS	Purab Sarai	Bihar	ER			Munger, Bihar
JGG	JANGIGANJ	Uttar Pradesh	NER	25.30531731	82.35067155	Allahabad, Uttar Pradesh
JMNR	Jamner	Maharashtra	CR	20.80642761	75.77482302	Jamner, Maharashtra
JTG	Jatinga	Assam	NFR	25.13258515	93.00795844	Jatinga, Assam
JMB	Jambusar Junction	Gujarat	WR			Bharuch Jambusar, Gujarat
JMBC	Jambusar City	Gujarat	WR			Jambusar, Gujarat
JTP	Jetpur	Gujarat	WR	21.735313	70.615184	Jetpur, Gujarat
JMRA	Jamira	Assam	?	24.307199	92.527405	Bairabi Rd, Assam
JONA	Jonha	Jharkhand	SER			State Highway 2, Jharkhand
JPAH	Jagdishpur Halt	Bihar	ECR			Darbhanga, Bihar
JBB	Jambur	Gujarat	WR	21.032797	70.593046	Jambur, Gujarat
ITKY	Itky	Jharkhand	SER	23.3522114	85.12709598	Ranchi, Jharkhand
JJN	Jhunjhunun	Rajasthan	NWR	28.10688406	75.39017865	Jhunjhunu, Rajasthan
JBU	Jabugam	Gujarat	WR	22.28593	73.7605	Vadodara, Gujarat
JTTN	Jorhat Town	Assam	NFR	26.750692	94.217106	Jorhat, Assam
JBW	Jhabelwali	Punjab	NR	30.510447	74.602033	State Highway 16, Punjab
JSA	Jasai	Rajasthan	?	25.716785	71.24586	State Highway 40, Rajasthan
IDAR	Idar	Gujarat	WR	23.835435	73.01088	Sabarkantha, Gujarat
JLLO	Jhilo	Rajasthan	NWR	27.850784	75.890113	State Highway 13, Rajasthan
HZR	Hafizpur	Uttar Pradesh	NR	28.671653	77.785833	Hafizpur, Uttar Pradesh
JK	Jakolari	Punjab	NR	32.218706	75.545676	National Highway 15, Punjab
JPO	Jora Alapur	Madhya Pradesh	NCR	26.344599	77.802358	Joura, Madhya Pradesh
JPV	Jamtara Paraswara	Madhya Pradesh	SECR	23.091964	79.960351	Howbadh Jabalpur, Madhya Pradesh
JRJ	JARGAON	Uttar Pradesh	NR	28.560472	78.768653	Chandausi, Uttar Pradesh
JTRD	JATH ROAD	Maharashtra	CR	17.2166	75.110555	State Highway 71, Maharashtra
KCB	KUSLAMB	Maharashtra	CR	18.274834	75.777193	State Highway 77, Maharashtra
KCNR	KACHNARA ROAD	Madhya Pradesh	WR	23.829547	75.101751	State Highway 31, Madhya Pradesh
JWO	JAWAD ROAD	Rajasthan	WR	24.557577	74.764389	National Highway 79, Rajasthan
JYM	JAI SAMAND ROAD	Rajasthan	NWR	24.22064	73.86827	Dengari, Rajasthan
KEG	KARENGI	Uttar Pradesh	NR	28.346844	79.041353	Karengi, Uttar Pradesh
JSM	JAISALMER	Rajasthan	NWR	26.91655	70.928239	Jaisalmer, Rajasthan
JID	JAGI ROAD	Assam	NFR	26.126114	92.197461	Jagiroad, Assam
JKN	JAKHANIAN	Uttar Pradesh	NER	25.740942	83.369563	State Highway 67, Uttar Pradesh
KEQ	KACHHPURA	Madhya Pradesh	WCR	23.168783	79.903128	Jabalpur, Madhya Pradesh
JRS	JORAVASAN	Gujarat	WR	20.729778	72.96576	Joravasan, Gujarat
JLR	JETALSAR JN	Gujarat	WR	21.729374	70.57391	Rajkot, Gujarat
JHT	JUNEHTA	Madhya Pradesh	WCR	22.78247	78.596143	State Highway 22, Madhya Pradesh
KB	KHAIRATABAD	Uttar Pradesh	NER	27.521338	80.740844	Sitapur National Highway 24, Uttar Pradesh
JIR	JIRA ROAD	Gujarat	WR	21.450312	71.345267	SH 236, Gujarat
JJT	JAI JAI WANTI	Haryana	NR	29.16948	76.369265	Jind, Haryana
JKP	JHAREKAPUR	Uttar Pradesh	NER	27.680642	80.728934	Sitapur, Uttar Pradesh
JSB	Yamuna South Bank	Uttar Pradesh	NCR	25.902334	80.226651	Uttar Pradesh, Uttar Pradesh
JPH	JHANTIPAHARI	West Bengal	?	23.353363	86.904491	Bankura District, West Bengal
JNKR	Janakinagar	Bihar	ECR	25.881604	87.116949	Chapra, Bihar
KAGR	KAGANGARH	Punjab	NR	29.83946	75.739115	MDR 102, Punjab
KFP	Kukra Khapa	Madhya Pradesh	SECR	21.825569	78.897525	State Highway 19, Madhya Pradesh
KALD	Kalanad	Kerala	SR			Kizur Rd, Kerala
KALN	Kalana	Rajasthan	NWR			MDR 18, Rajasthan
KAPM	Kottapalem	Andhra Pradesh	ECoR			Vishakhapatnam, Andhra Pradesh
KBGN	Khubagaon	Maharashtra	CR			Khubagaon, Maharashtra
JYP	JEYPORE	Orissa	?	18.896375	82.554679	Jeypore, Orissa
JKHI	Jakhod Khera	Haryana	NWR	29.209394	75.57373	Jakhodlkhera, Haryana
KCO	Kachhia Bridge	Uttar Pradesh	NER	27.944171	78.863805	State Highway 33, Uttar Pradesh
KAVI	Kavi	Gujarat	WR	22.47229105	88.39808403	Bharuch, Gujarat
JNK	Jhinkpani	Jharkhand	SER	22.42001063	85.77066198	Jorapokhar, Jharkhand
KAI	KAIRLA	Rajasthan	NWR	25.84743545	73.1955095	Pali, Rajasthan
JPM	JIYAPURAM	Tamil Nadu	?	10.873546	78.606343	NH 67, Tamil Nadu
KCY	Kaichar	West Bengal	ER			Kaichar, West Bengal
KDRA	Kadampura	Bihar	ECR			Kadampura, Bihar
JRG	Jugpura	Orissa	?	21.668795	86.912796	Mayurbhanj, Orissa
JOH	Juharpura	Rajasthan	NWR	28.199319	74.84733	State Highway 69, Rajasthan
JOK	Jodhka	Haryana	?	29.493382	75.218369	Sirsa, Haryana
JTDM	Jatdumri Halt		?	25.47449293	85.0950628	
VI	Villianur	Puducherry	SR	11.919269	79.757506	NH 45A, Puducherry
JKS	Jaksi	Gujarat	WR	23.22230252	72.107648	State HIghway 138, Gujarat
KBGH	Karea Kadambagachhi	West Bengal	ER	22.705299	88.534887	State Highway 2, West Bengal
JRL	Jharili	Haryana	NWR	28.50653	76.374648	Jhajjar, Haryana
JHWR	Jhawar	Punjab	NR	32.002349	75.377777	National Highway 15, Punjab
KAJ	Kaliyaganj	West Bengal	NFR	25.6393	88.330404	RaiGanj, West Bengal
KBE	KUREBHAR	Uttar Pradesh	NR	26.409469	82.111598	MDR 66E, Uttar Pradesh
KGM	KATHGODAM	Uttarakhand	NER	29.266583	79.54633	Kathgodam, Uttarakhand
KDGI	KUDGI	Karnataka	SWR	16.530215	75.811482	NH 13, Karnataka
KHHJ	Khatkar Kalan	Punjab	NR	31.166967	76.02555	Nawan Shahar, Punjab
KDLG	KUNDALGARH	Rajasthan	NWR	24.02828	73.81051	Dungarpur, Rajasthan
KCF	KALCHINI	West Bengal	NFR	26.687507	89.447487	NH 31C, West Bengal
JVA	JAVALE	Maharashtra	CR	17.298963	75.157805	State Highway 71, Maharashtra
JUA	JARAUNA	Uttar Pradesh	NR	25.55713	82.399136	Alamganj, Uttar Pradesh
JSP	JAYASINGPUR	Maharashtra	CR	16.791339	74.551613	Jaysingpur, Maharashtra
KBI	KAMBRGANVI	Karnataka	SWR	15.459597	74.875061	State Highway 34, Karnataka
KDMR	KODIYAR MANDIR	Gujarat	WR	21.739201	72.004602	SH 21, Gujarat
KIQ	Khai Phemeki	Punjab	NR	30.901617	74.551218	State Highway 20, Punjab
JWP	JWALAPUR	Uttarakhand	NR	29.928457	78.120775	Jwalapur, Uttarakhand
KBR	KABRAI	Uttar Pradesh	NCR	25.38519122	80.0382403	National Highway 76, Uttar Pradesh
KCR	KHONKER	Madhya Pradesh	WCR	25.316453	77.578988	Shivpuri, Madhya Pradesh
KGW	KARIGANURU	Karnataka	SWR	15.251727	76.43343	Bellary, Karnataka
KBL	KOPPAL	Karnataka	SWR	15.353868	76.143959	Koppal, Karnataka
KGI	KENGERI	Karnataka	SWR	12.918047	77.48431	Bengaluru, Karnataka
KBU	KASU BEGU	Punjab	NR	30.856795	74.671641	Kasu Begu, Punjab
KGX	KANGINHAL	Karnataka	SWR	15.447817	75.719041	Gadag, Karnataka
KHAR	KHAR	Maharashtra	WR	19.069166	72.840078	Mumbai, Maharashtra
KILE	KANDIVLI	Maharashtra	WR	19.204551	72.852098	Mumbai, Maharashtra
JTY	JETHI	Gujarat	NWR	24.291967	72.507154	BANASKANTHA, Gujarat
JSD	Jaisingder	Rajasthan	?	25.755537	70.358859	Barmer, Rajasthan
KIE	Khiria Khurd	Uttar Pradesh	NER			Shahbaznagar, Uttar Pradesh
KKGT	Kalkalighat	Assam	NFR	24.58042021	92.29527176	National Highway 44, Assam
BOMN	Bommagundanakere	Karnataka	SWR	14.59167	76.68023	Bellary-Hiriyur Rd, Karnataka
KAY	Karaimadai	Tamil Nadu	SR	11.238611	76.957617	Karamadai, Tamil Nadu
KKK	Khakharia	Gujarat	WR	21.653052	70.932064	State Highway 110, Gujarat
KALI	Kaili	Uttar Pradesh	NR	28.785394	77.75277	State Highway 18, Uttar Pradesh
KKAE	Kaikala	West Bengal	ER	22.83998676	88.09337895	State Highway 2, West Bengal
JTH	Jhoktahal Singh	Punjab	NR	30.80909	74.495544	Jhoktahal Sing, Punjab
JRX	Juriagaon	Assam	NFR	26.441079	92.644475	Mathaouri Rd, Assam
KGKD	Kang Khurd	Punjab	NR	31.126338	75.213236	Kang Khurd, Punjab
KARH	Kakraha Rest House	Uttar Pradesh	NER	27.998447	81.420529	State Highway 26, Uttar Pradesh
KLCR	Katlicherra	Assam	?	24.453018	92.547042	Bairabi Rd, Assam
KHGR	Kashinagar Halt	West Bengal	ER	21.90539421	88.20132346	Kashinagar, West Bengal
KCHV	Kachchanvilai	Tamil Nadu	SR	8.579344	78.022519	Thoothukudi, Tamil Nadu
KDBM	Khed Brahma	Gujarat	WR	24.029406	73.041259	Khedbrahma, Gujarat
JTS	Jatusana	Haryana	NWR	28.331448	76.521104	Nanagal Pathani Rd, Haryana
KHNM	Kunda Harnamganj	Uttar Pradesh	NR	25.714175	81.509547	Kunda, Uttar Pradesh
KI	KONDAPALLI	Andhra Pradesh	SCR	16.623242	80.546693	Kondapalli, Andhra Pradesh
KII	KILLE	Tamil Nadu	SR	11.43755	79.722552	NH 45A, Tamil Nadu
KLPG	KAMALPURGRAM	Chhattisgarh	SECR	23.166227	83.080298	National Highway 78, Chhattisgarh
KFA	KOPARIA	Bihar	ECR	25.661041	86.59816	Bihar, Bihar
KHDI	KHANDERI	Gujarat	WR	22.361076	70.716676	Rajkot, Gujarat
KHC	KHORANA	Gujarat	WR	22.39349	70.829991	State Highway 113, Gujarat
KDU	KADAMBUR	Tamil Nadu	SR	9.002019	77.863633	Kadambur, Tamil Nadu
KDN	KUDATINI	Karnataka	SWR	15.21516	76.763569	Bellary, Karnataka
KKB	KARAK BEL	Madhya Pradesh	WCR	22.992315	79.341259	Karak Bel, Madhya Pradesh
KJG	KARAJGI	Karnataka	SWR	14.851426	75.407636	haveri, Karnataka
KEB	KARAMBELI	Gujarat	WR	20.316435	72.901534	National Highway 8, Gujarat
KEZ	Kelzar	Maharashtra	SECR	19.98294	79.56394	Chandrapur, Maharashtra
KEP	Kelanpur	Gujarat	WR	22.233139	73.277017	SH 11, Gujarat
KDHL	Kundhela	Gujarat	WR	22.227958	73.28142	Vadodara, Gujarat
KESR	Kesri Singhpur	Rajasthan	NWR	29.950589	73.61854	Kesrisinghpur, Rajasthan
KLMC	KALAMBOLI	Maharashtra	CR	19.035625	73.114809	Navi Mumbai., Maharashtra
KGQ	KASARAGOD	Kerala	SR	12.491175	74.987652	Kasaragod, Kerala
KLRD	KALI ROAD	Gujarat	WR	23.097473	72.577873	Ahmedabad, Gujarat
KNGT	KARNAWAS	Haryana	NWR	28.130539	76.590073	Karnawas, Haryana
PSL	PARISAL	Rajasthan	NWR	27.669476	76.615266	Khairthal, Rajasthan
AJE	ANJAR	Gujarat	WR	23.1194723	70.0366109	Anjar, Gujarat
KHA	Khaigaon	Madhya Pradesh	WCR	22.011786	76.481257	East Nimar, Madhya Pradesh
KHLL	KETOHALLI	Karnataka	SWR	12.758926	77.335544	Bengaluru, Karnataka
KLNA	KOLHANA HALT	Bihar	?	24.810754	85.188728	Kothana, Bihar
KJP	Khojeepura	Madhya Pradesh	NCR	25.918097	76.851134	Khojeepura, Madhya Pradesh
KMB	Kalv Amba	Gujarat	WR			Gujarat, Gujarat
KLKR	Kalikapur	West Bengal	ER	22.412606	88.47503	Kalikapur Staion Rd, West Bengal
KNDR	Kandari	Gujarat	WR			Gujarat, Gujarat
KNGM	Kangam	Gujarat	WR			Gujarat, Gujarat
KLW	Kalwan Halt	West Bengal	ER	22.076525	88.256019	Kalwan, West Bengal
KDRI	Kendri	Chhattisgarh	SECR	21.131542	81.729967	Kendri, Chhattisgarh
KKNA	Khunkhuna	Rajasthan	NWR	27.277761	74.49286	State Highway 60, Rajasthan
KNBR	Kanaibazar	Assam	NFR	24.63874	92.326722	National Highway 44, Assam
KHRA	Khachera	Rajasthan	NWR	27.53075992	75.64891224	State Highway 37, Rajasthan
KLOD	Kelod	Maharashtra	SECR	21.470222	78.891017	Kelod, Maharashtra
KHTU	Khatu	Rajasthan	NWR	27.116118	74.331631	Khatu Khurd, Rajasthan
KFV	Kundara East	Kerala	SR	8.969608	76.691337	Kollam-Tirumangalam Rd, Kerala
KLZ	Keolari	Madhya Pradesh	SECR	22.374838	79.90885	State Highway 11A, Madhya Pradesh
KLE	Kaithal	Haryana	NR	29.792735	76.397796	Haryana, Haryana
KKNH	Karukhirharnagar Halt		ECR	25.891166	86.616491	
SLHP	SULAH HIMACHAL PRADESH	Himachal Pradesh	NR	32.070953	76.475805	Sulah, Himachal Pradesh
KKZ	Kottarakara	Kerala	SR	9.000279	76.765986	Kottarakkara, Kerala
KIY	Kalayat	Haryana	NR	29.6794838	76.22818105	Haryana, Haryana
KIJ	Kuldiha	Orissa	SER	22.3331028	86.2766409	Mayurbhanj, Orissa
KMRD	KALAMB ROAD	Maharashtra	CR	18.371892	76.04934	Tadwale, Maharashtra
KMC	KAMAREDDI	Andhra Pradesh	SCR	18.32586	78.335858	Kamareddi, Andhra Pradesh
KLB	KIRAOLI	Uttar Pradesh	NCR	27.133898	77.785812	Kiraoli, Uttar Pradesh
KNVT	KINWAT	Maharashtra	SCR	19.618502	78.202435	Kinwat, Maharashtra
KJLU	KHARI JHALU	Uttar Pradesh	NR	29.331864	78.218904	Jhalu, Uttar Pradesh
KHV	KARAINTHI	Haryana	NR	29.01382031	76.48178155	NH 71, Haryana
KIU	KINANA	Haryana	NR	29.227482	76.336659	Brarkhera, Haryana
KLWN	KALWAN	Haryana	NR	29.701333	75.952638	MDR 111, Haryana
KKP	KOT KAPURA	Punjab	NR	30.578496	74.818173	Kotkapura, Punjab
KLT	KULITALAI	Tamil Nadu	SR	10.932727	78.420893	Kulithalai, Tamil Nadu
KKET	KAMRUP KHETRI	Assam	NFR	26.12717846	92.08187667	Khetri, Assam
KM	KALEEM	Goa	SWR	15.293341	74.188843	Kalay Railway Station, Goa
KNP	KHANAPUR	Karnataka	SWR	15.63793441	74.49975681	Khanapur, Karnataka
PRSR	Paharsar	Rajasthan	NWR	28.76442995	75.41038357	Paharsar, Rajasthan
KMLI	KAMLI	Gujarat	WR	23.863182	72.375949	Chhapi, Gujarat
SHIV	SHINDAWANE	Maharashtra	CR	18.434555	74.163601	Walti Goan, Maharashtra
KKW	KANKAVALI	Maharashtra	KR	16.2587773	73.7198709	Kankavli, Maharashtra
KMQ	KUMBLA	Kerala	SR	12.590263	74.943503	Kumbla, Kerala
KNPL	Kandanur Puduvayal	Tamil Nadu	SR			State Highway 28, Tamil Nadu
KORA	Kora	Gujarat	WR			Gujarat, Gujarat
KORL	Kural	Gujarat	WR			Vadodara Jambusar, Gujarat
KLQ	Kilikollur	Kerala	SR	8.918295266	76.632794	Kollam, Kerala
KQV	Kinkhed	Maharashtra	CR			State Highway 201, Maharashtra
KR	Kevdi	Gujarat	WR			SH 166, Gujarat
KNDL	Khandel	Rajasthan	NWR	26.95294722	75.27987777	MDR 59, Rajasthan
KHRK	Kharak	Haryana	NWR	28.83755	76.308694	kharak Village, Haryana
KPKD	Khapri Kheda	Maharashtra	SECR	21.279557	79.113667	State Highway 243, Maharashtra
KOTI	Koti	Himachal Pradesh	NR	30.852821	76.994519	National Highway 22, Himachal Pradesh
KKTA	Kollikhutaha	Bihar	ER	25.18966	86.987831	State Highway 19, Bihar
KKRL	Kakrala	Punjab	NR	30.367615	76.074534	Nabha, Punjab
KJY	Khurja City	Uttar Pradesh	NR	28.252454	77.841161	Sikri, Uttar Pradesh
KQI	KALACHAND	Assam	NFR	25.339051	93.13312	Diakkawn Rd, Assam
KPV	KASHIPUR	Uttarakhand	NER	29.204978	78.96071	Kashipur, Uttarakhand
KNKT	KANAKOT	Gujarat	WR	22.488122	70.876238	State Highway 113, Gujarat
KODI	KODI	Maharashtra	SCR	19.710119	76.005253	Ranjani, Maharashtra
KNO	KUNDGOL	Karnataka	SWR	15.258352	75.250168	Kundgol, Karnataka
KTHU	KATHUA	Jammu and Kashmir	NR	32.397897	75.551922	Kathua, Jammu and Kashmir
KTF	KOT FATTEH	Punjab	NR	30.120716	75.087931	Bathinda, Punjab
KRH	KHAIRTHAL	Rajasthan	NWR	27.79732442	76.64170412	Khairthal, Rajasthan
KODR	Kodinar	Gujarat	WR	20.797371	70.695807	Kodinar, Gujarat
KQS	Kailaras	Madhya Pradesh	NCR	26.30466145	77.62065939	Kailaras, Madhya Pradesh
KRJN	Karanjali Halt	West Bengal	ER			Tengrabichi, West Bengal
KRJT	Karanja Town	Maharashtra	CR			Karanja, Maharashtra
KUG	KUSUGALI	Karnataka	SWR	15.392095	75.233643	National Highway 63, Karnataka
KSG	KISHANGARH	Rajasthan	NWR	26.588968	74.855553	Kishangarh, Rajasthan
KRJR	KARJARA	Bihar	ECR	24.808297	85.151844	State Highway 8, Bihar
KRTR	KAROTA PATRI HALT		?	25.15240866	86.03773708	
KOL	KOLAD	Maharashtra	KR	18.392294	73.223871	Kolad, Maharashtra
KRMI	KARMALI	Goa	KR	15.4902129	73.9246644	Karmali North, Goa
KRMG	Kumaramangalam	Tamil Nadu	SR	10.696433	78.724107	Avur Rd, Tamil Nadu
KSAI	Kosadi Halt	Gujarat	WR			Mosali, Gujarat
KSBG	Khusta Buzurg	Maharashtra	CR			Amravati, Maharashtra
KPQ	KANNAPURAM	Kerala	SR	11.984076	75.31381	Kannur District, Kerala
KRHR	Kharar	Punjab	NR	30.72629362	76.63604203	Kharar, Punjab
KRJA	Karanja	Maharashtra	CR	20.49182575	77.48152183	Karanja, Maharashtra
KRON	Karona Halt		?	25.26339654	85.00541058	
KTGM	Kayasthagram	Assam	NFR	24.721172	92.353216	National Highway 44, Assam
KNGR	Kashinagar Halt	Orissa	ECoR	18.85686445	83.87569621	State Highway 34, Orissa
KRBO	Karaboh	Madhya Pradesh	SECR	22.05458	79.262358	SH 26, Madhya Pradesh
KPA	Kanchrapara	West Bengal	ER	22.946024	88.451231	Kanchrapara, West Bengal
KTNI	Kapustalni	Maharashtra	CR			Amravati, Maharashtra
KTNR	Kirtyanand Nagar	Bihar	ECR			Purnea, Bihar
KRXM	Krishnamohan Halt	West Bengal	ER	22.330258	88.449759	Krishnamohan, West Bengal
KRX	Kurud		SECR	20.833165	81.696451	
KRDH	Koradih	Maharashtra	SECR	21.249152	79.101401	Nagpur, Maharashtra
KTPM	Kotturpuram	Tamil Nadu	SR	13.013835	80.248209	Chennai, Tamil Nadu
KRP	Krishnapur	West Bengal	ER	24.406331	88.256132	Lalgola, West Bengal
KUTL	Kuwanthal	Rajasthan	NWR	25.498041	73.918994	Pali, Rajasthan
KRKN	Karkend	West Bengal	SER	23.765615	86.369799	Karkend, West Bengal
KTBR	Kasturba Nagar	Tamil Nadu	SR	13.005609	80.248086	Chennai, Tamil Nadu
KNAD	Kanad	Gujarat	WR	21.64925104	71.92634027	Bhavnagar, Gujarat
KRC	Kiroda	Rajasthan	NWR	26.991165	74.311248	Degana, Rajasthan
KRO	KURAWAN	Madhya Pradesh	WCR	22.191568	76.888706	Harda, Madhya Pradesh
KSAE	KOSAI	Maharashtra	SCR	19.63950239	78.33454615	Kinwat, Maharashtra
KTLA	KATKOLA JN	Gujarat	WR	21.85217992	69.88413571	Katkola Junction, Gujarat
KRGA	KURANGA	Gujarat	WR	22.061244	69.171715	Jamnagar, Gujarat
KRCD	KHARWA CHANDA	Rajasthan	NWR	24.417763	73.794095	Kharwa Chanda, Rajasthan
VR	VIRAR	Maharashtra	WR	19.454407	72.811737	Thane, Maharashtra
KTI	KANTI	Bihar	ECR	26.198944	85.285092	Kanti, Bihar
KSU	KUSHTAUR	West Bengal	SER	23.430416	86.498336	Purulia, West Bengal
KTGD	KOTH GANGAD	Gujarat	WR	22.62827495	72.30168871	Koth, Gujarat
KTO	KATORA	Chhattisgarh	SECR	23.31159271	82.71121878	Patna, Chhattisgarh
KV	Kayavarohan	Gujarat	WR			Kayavarohan, Gujarat
KVO	Kevdi Road	Gujarat	WR			Gujarat, Gujarat
KSD	KESHOD	Gujarat	WR	21.297662	70.252274	Keshod, Gujarat
KSA	KHASA	Punjab	NR	31.610411	74.714584	Khasa, Punjab
KQY	KHARIKATIA	Assam	NFR	26.615923	94.248092	Dhodar Ali, Assam
KS	KHETA SARAI	Uttar Pradesh	NR	25.96577458	82.68866362	Nawab Yousuf Rd, Uttar Pradesh
KTR	KOTHAR	Rajasthan	NWR	24.980982	73.123647	Pali, Rajasthan
KWDP	Kakdwip	West Bengal	ER	21.8796	88.193879	National Highway 117, West Bengal
NMT	NAMTIALI	Assam	NFR	26.851588	94.619336	National Highway 61, Assam
KRKP	KYARKOP	Karnataka	SWR	15.442249	74.967948	Dharwad, Karnataka
KUD	KUDACHI	Karnataka	SWR	16.62608	74.858687	Kudchi, Karnataka
KRG	KOREGAON	Maharashtra	CR	17.690976	74.147622	Koregaon, Maharashtra
KQK	KOTIKULAM	Kerala	SR	12.423507	75.024008	Bekal, Kerala
KTKR	Kumtha Khurd	Maharashtra	SCR	18.42183894	77.00929615	State Highway 217, Maharashtra
KTU	KUTTIPPURAM	Kerala	SR	10.845724	76.033397	Kuttippuram, Kerala
KRNI	KRISHNAI	Assam	NFR	26.070884	90.682568	NH 37, Assam
KUHI	Kuhi	Maharashtra	SECR	21.007558	79.35072	Nagpur, Maharashtra
KXD	Kokalda	Maharashtra	CR			Amravati, Maharashtra
KZPB	Kazipara Barasat	West Bengal	ER			Station Rd, West Bengal
KTAL	Kathalal	Gujarat	WR	22.899659	72.986389	Kathalal, Gujarat
KUTR	Kulathur	Tamil Nadu	SR	10.57217515	78.79207688	Keeranur, Tamil Nadu
LAT	Lathi	Gujarat	WR	21.73935	71.386531	Lathi, Gujarat
KWF	Katwa	West Bengal	ER	23.639805	88.123575	Katwa, West Bengal
KYH	Khairah	Bihar	NER	25.861013	84.760114	Saran, Bihar
KYP	Kalyanpur	West Bengal	ER	22.343456	88.414597	Baruipur, West Bengal
KTNA	Kathana	Gujarat	WR	22.235721	72.752631	Bhadran, Gujarat
KRUR	Keeranur	Tamil Nadu	SR	10.576655	78.787292	Keeranur, Tamil Nadu
KTWS	Kathuwas	Haryana	NWR	28.13310677	76.34379414	State Highway 26, Haryana
KRY	Kadiri	Andhra Pradesh	SCR	14.114788	78.165591	Kadiri, Andhra Pradesh
KUMB	KUMARBAGH	Bihar	ECR	26.874522	84.51158	Kumarbagh, Bihar
LAK	LAKHO	Bihar	ECR	25.41636	86.205004	Lakho, Bihar
KVK	KAVATHE MAHANKL	Maharashtra	CR	17.007517	74.944911	Jath Rd, Maharashtra
KXO	KUDIKADU	Tamil Nadu	SR	10.775636	79.241642	Poondi, Tamil Nadu
LKPR	Lakshmikantpur	West Bengal	ER	22.110055	88.321958	Lakshmikantapur, West Bengal
LAL	LUSHALA	Gujarat	WR	21.3918244	70.3262904	State Highway 99, Gujarat
KWJ	KHOJEWALA	Punjab	NR	31.359247	75.474956	Kapurthala, Punjab
KXH	KAPURTHALA	Punjab	NR	31.366846	75.382724	Kapurthala, Punjab
LING	Ling	Maharashtra	CR	25.29039182	87.3615835	Ling, Maharashtra
KZS	KUAKHERA HALT	Uttar Pradesh	NR	28.546471	78.766517	Chandausi, Uttar Pradesh
KVE	KAVALANDE	Karnataka	SWR	12.033304	76.799272	SH 57, Karnataka
KWM	KAMPUR	Assam	NFR	26.16060113	92.65778727	Kampur, Assam
KZW	KATAR SINGHWALA	Punjab	NR	30.15413	75.010844	State Highway 17, Punjab
KZTW	KULITTURAI WEST	Tamil Nadu	SR	8.323734	77.209792	Kanyakumari, Tamil Nadu
LNH	Lachhmangarh Sikar	Rajasthan	NWR	27.832586	75.034114	Laxmangarh, Rajasthan
KUTI	Khumtai	Assam	NFR	26.626404	93.864273	Khumtai, Assam
LDE	Lokdhikhera	Madhya Pradesh	SECR	21.582533	78.855877	Sausar, Madhya Pradesh
LDD	Ladkhed	Maharashtra	CR			SH 212, Maharashtra
KZC	Kulukkalur	Kerala	SR	10.868287	76.239443	Kulukkallur, Kerala
LDM	Ledarmer	Rajasthan	NWR	25.055439	72.347019	Jalor, Rajasthan
LFG	Lower Haflong	Assam	NFR			Haflong, Assam
LGN	Lehgaon	Maharashtra	CR			Amravati, Maharashtra
LKKA	Lal Kuan	Uttarakhand	NER			Lalkuan, Uttarakhand
LMB	Limbara	Gujarat	WR			SH 166, Gujarat
KYI	Kalyani	West Bengal	ER	22.969219	88.467499	Kalyani, West Bengal
KUDN	Kudni	Punjab	NR	29.77770882	75.8447012	MDR 101, Punjab
KXT	Ketti	Tamil Nadu	SR	11.381409	76.736915	Granduff Rd, Tamil Nadu
LIR	Lachmipur		NER	27.25415	83.379037	
LIG	Linga	Madhya Pradesh	SECR	21.963575	78.936403	Linga, Madhya Pradesh
LDK	Ladhuka	Punjab	NR	30.49849	74.119614	State Highway 20, Punjab
KYBR	Khairatiya Bandh Road	Uttar Pradesh	NER	28.272292	81.081765	Khairatiya, Uttar Pradesh
LEDO	Ledo	Assam	NFR	27.288435	95.725374	Ledo, Assam
LBO	Latabor	Chhattisgarh	SECR	20.789828	81.26577	Latabore, Chhattisgarh
KYY	Kariha	Punjab	NR	31.146278	76.068043	Kariha, Punjab
KYS	Kusumkasa	Chhattisgarh	SECR	20.637273	81.087812	Kusumkasa, Chhattisgarh
KTYR	Kottaiyur	Tamil Nadu	SR	10.112077	78.786317	Kottaiyur, Tamil Nadu
LGL	Lalgola	West Bengal	ER	24.421152	88.257513	Lalgola, West Bengal
KVH	Khambhel	Gujarat	WR	23.610866	72.042973	State Highway 7, Gujarat
LKN	LAKHMINIA	Bihar	ECR	25.426072	86.309269	Bihar, Bihar
LNP	LANGARPETH	Maharashtra	CR	17.084723	74.967125	Jath Rd, Maharashtra
LMNR	LAKSHMIBAI NAGAR	Madhya Pradesh	WR	22.742296	75.858526	Indore, Madhya Pradesh
LHBK	LOTHAL BHURKI	Gujarat	WR	22.55299	72.222393	State Highway 1, Gujarat
LPNR	LAJPAT NAGAR	Delhi NCT	NR	28.57927	77.244136	Lajpat Nagar, Delhi NCT
MCPK	Chepauk	Tamil Nadu	SR	13.061372	80.28015	Chennai, Tamil Nadu
LSR	LASUR	Maharashtra	SCR	19.926081	75.011489	Aurangabad, Maharashtra
LNA	LAMANA	Rajasthan	NWR	26.244934	74.46563	Beawar, Rajasthan
LOG	LOHGARA	Uttar Pradesh	NCR	25.25045	81.73019	Lohgara, Uttar Pradesh
DTRA	DANTRA			26.772569	75.149207	
LBTL	Lebutala	West Bengal	ER	22.666791	88.640107	Lebutala, West Bengal
LTD	LATHIDAD	Gujarat	WR	22.090056	71.702802	Tajpar Rd, Gujarat
LLU	LALRU	Punjab	NR	30.479756	76.7941	Lalru, Punjab
LPJ	LALPUR JAM	Gujarat	WR	22.19453758	69.95242026	Lalpur, Gujarat
LPU	Lakhpuri	Maharashtra	CR			Lakhpuri, Maharashtra
LSN	Lasina	Maharashtra	CR			Lasina, Maharashtra
LTA	Lamta	Madhya Pradesh	SECR	22.13903773	80.12442932	Lamta, Madhya Pradesh
LHA	LEHRA GAGA	Punjab	NR	29.937832	75.810079	Sangrur, Punjab
RRME	RANCHI ROAD		ECR	23.665992	85.511603	
LKSH	LAKSHMINARAYANAPURAM	Andhra Pradesh	SCR	16.600703	81.592567	L Narayanapuram, Andhra Pradesh
MARD	Mavur Road	Tamil Nadu	SR			State Highway 23, Tamil Nadu
MAX	Mangudi	Tamil Nadu	SR			State Highway 23, Tamil Nadu
LWR	ALNAVAR JN	Karnataka	SWR	15.424244	74.738116	Alnavar, Karnataka
MBH	Mobha Road	Gujarat	WR			Vadodara Jambusar, Gujarat
LKZ	LAKADIYA	Gujarat	WR	23.339664	70.586745	Lakadia, Gujarat
LTR	LAKHTAR	Gujarat	WR	22.873403	71.776727	Lakhtar, Gujarat
LPR	LILAPUR ROAD	Gujarat	WR	22.954447	71.862567	State Highway 17, Gujarat
LMO	LILIYA MOTA	Gujarat	WR	21.540317	71.372863	Liliya Mota, Gujarat
LMN	Lachhmanpur	Uttar Pradesh	NR	26.050472	81.257263	Unchahar, Uttar Pradesh
LPN	LAOPANI	Assam	NFR	26.20030765	92.59598917	National Highway 37, Assam
LKA	LANKA	Assam	NFR	25.914426	92.958001	Lanka, Assam
MCPT	Chintadripet	Tamil Nadu	SR	13.07406	80.274188	Chennai, Tamil Nadu
LKG	LAMSAKHANG	Assam	NFR	25.796536	93.046846	Lamsakhan Rd, Assam
LCT	LANGCHOLIET	Assam	NFR	25.75932294	93.30463568	TV Centre Road, Assam
LPTA	LONGPATIA	Assam	NFR	27.07973072	95.09533631	Nabhokotia Rd, Assam
LHL	LAHOAL	Assam	NFR	27.4525	94.999525	A T Rd, Assam
MANU	Manu	Tripura	NFR	23.98819254	91.99893175	Manu, Tripura
MAK	Mallikpur	West Bengal	ER	22.396985	88.433315	Kolkata, West Bengal
LKW	Lakhewali	Punjab	NR	30.447834	74.341781	Court Rd, Punjab
LNO	Lohna Road	Bihar	ECR	26.220882	86.229057	Naruar, Bihar
LHW	Loharwara	Rajasthan	NWR	27.19839	75.67687	Sikar Rd, Rajasthan
LTK	Lathikata	Orissa	SER	22.131808	84.894961	Latkata, Orissa
LRI	Lihuri Halt	Andhra Pradesh	ECoR	18.913242	83.849833	Lihuri Rd, Andhra Pradesh
LHLL	Lahli	Haryana	NWR	28.854317	76.445338	State Highway 16, Haryana
MAAR	Malhar	Rajasthan	?	27.20411634	72.37553643	Jodhpur, Rajasthan
LCH	Linch	Gujarat	WR	23.52671793	72.35548371	State Highway 41, Gujarat
MDR	MADHIRA	Andhra Pradesh	SCR	16.921826	80.366849	K.Ponnavaram, Andhra Pradesh
MDB	MANDOR	Rajasthan	NWR	26.350708	73.042126	Jodhpur, Rajasthan
TUY	THIRUTHURAIYUR	Tamil Nadu	SR	11.823788	79.534813	Thiruthuraiyur Railway Station Rd, Tamil Nadu
MDL	MANDAL	Rajasthan	NWR	25.43963174	74.59395891	Mandal, Rajasthan
MDPR	MODPUR	Gujarat	WR	22.26258786	69.81170376	Khambhalia-Lalpur, Gujarat
MDRA	MEDRA	Gujarat	WR	23.13609	72.712778	National Highway 8, Gujarat
MFR	Mandla Fort	Madhya Pradesh	SECR	22.586017	80.355908	Mandla Fort, Madhya Pradesh
MDHA	Madhada	Gujarat	WR	21.6080009	71.90539758	Bhavnagar, Gujarat
MDNP	Madanpur Halt	Jharkhand	ER			Madanpur, Jharkhand
MAUR	MAUR	Punjab	NR	30.062746	75.22772	Maur Mandi, Punjab
MDF	MURADI	West Bengal	SER	23.593092	86.80929	Barakar, West Bengal
MDLA	MUNDLANA	Haryana	NR	29.212025	76.757452	Panipat, Haryana
VU	VAGHPURA			23.781878	71.349966	
MEM	MAU AIMMA	Uttar Pradesh	NR	25.698324	81.91377	Allahabad, Uttar Pradesh
MEQ	MALETHU KANAK	Uttar Pradesh	NR	26.60377	82.124891	Bikapur, Uttar Pradesh
MBS	MADHOSINGH	Uttar Pradesh	NER	25.249931	82.552278	SH 5, Uttar Pradesh
MDVB	Mandar Vidyapith Halt	Bihar	ER	24.83440298	87.0202585	Mandar, Bihar
MCF	Manik Chauree Halt	Chhattisgarh	SECR	21.004164	81.783198	Manikchauri, Chhattisgarh
MCU	Mulacalacheruvu	Andhra Pradesh	SCR	13.802188	78.264829	Mulakalacheruvu, Andhra Pradesh
MD	MADAR	Rajasthan	NWR	26.465014	74.687227	Ajmer, Rajasthan
MBNL	Marwar Bhinmal	Rajasthan	NWR	25.000633	72.275398	Bhinmal, Rajasthan
MADR	MADURE	Maharashtra	KR	15.812975	73.808967	Sawantwadi Vengurla Rd, Maharashtra
MANK	MANKI	Karnataka	KR	14.17443888	74.49323616	Manki, Karnataka
MGR	Munger	Bihar	ER			Munger, Bihar
MAJN	MANGALORE JN	Karnataka	SR	12.866193	74.88006	Mangalore, Karnataka
MBY	MANDI DABWALI	Haryana	NWR	29.966227	74.700155	Mandi Dabwali, Haryana
MGX	Mailongdisa	Assam	NFR			Mailongdisa, Assam
MAHE	MAHE	Puducherry	SR	11.699227	75.546967	Mahe, Puducherry
MDD	MALAD	Maharashtra	WR	19.187089	72.84917	Mumbai, Maharashtra
MGKM	Mungiakami	Tripura	NFR	23.88383025	91.71010898	Mungiyakami, Tripura
MDLE	Mandar Hill	Bihar	ER	24.80607806	87.02615831	Mandar, Bihar
AJL	Ajitwal	Punjab	NR	30.807611	75.339818	Ajitwal, Punjab
MDBP	Madhabpur	West Bengal	ER	22.119207	88.347323	State Highway 3, West Bengal
AJN	Ajnod	Madhya Pradesh	WR	22.931326	75.738947	Indore, Madhya Pradesh
MDCR	Masaudhi Court Halt	Bihar	?	25.36628918	85.04390605	National Highway 22, Bihar
MDGR	Manendragarh	Madhya Pradesh	SECR	23.219747	82.197734	Manendragarh, Madhya Pradesh
MG	Modelgram	Punjab	NR	30.891527	75.836183	Ludhiana, Punjab
MEE	Methai		ECR	25.907006	86.724589	
MEW	Marhaura	Bihar	NER	25.969081	84.850984	National Highway 28B, Bihar
LYD	Layabad	Jharkhand	SER	23.773417	86.351907	Loyabad, Jharkhand
MIJ	Majhdia	West Bengal	ER	23.414562	88.719031	Banpur-Majhdia Rd, West Bengal
MBW	Malwara	Rajasthan	NWR	24.79946917	72.2670081	Marwara, Rajasthan
MHC	Masrakh	Bihar	NER	26.10222875	84.80854332	Mashrakh, Bihar
MGVK	Malegaon Vyenku	Maharashtra	SECR	21.37586	78.956134	National Highway 69, Maharashtra
MFM	MAHALAM	Punjab	NR	31.018428	74.706748	State Highway 20, Punjab
MET	MALERKOTLA	Punjab	NR	30.529403	75.871692	Maler Kotla, Punjab
MHOW	Mhow	Madhya Pradesh	WR	22.55518	75.771097	Mhow, Madhya Pradesh
MINA	MIYANA	Madhya Pradesh	WCR	24.85653	77.472164	Guna, Madhya Pradesh
MIQ	MIRHAKUR	Uttar Pradesh	NCR	27.15120354	77.86601225	Idgah Agra, Uttar Pradesh
MLSR	Malsar	Gujarat	WR	21.88940753	73.3164104	Sinor, Gujarat
MKP	MANIKPUR JN	Uttar Pradesh	NCR	25.063492	81.093657	Manikpur, Uttar Pradesh
MES	MADURAI EAST	Tamil Nadu	SR	9.908505	78.134188	Madurai, Tamil Nadu
MHRL	Mahrail	Bihar	ECR	26.294081	86.284783	Mahrail, Bihar
MGLE	MANIGRAM	West Bengal	ER	24.34285491	88.10788163	Lalgola, West Bengal
MLH	MANAKLAO	Rajasthan	NWR	26.485986	73.003204	State Highway 61, Rajasthan
VV	VALIVADE	Maharashtra	CR	16.703574	74.298965	Valivade, Maharashtra
MKI	BAPUDHAM MOTIHARI	Bihar	ECR	26.65552	84.90525	Motihari, Bihar
MHL	MAHWAL	Bihar	ECR	26.30185841	85.12631435	Muzaffarpur, Bihar
MHMB	MAHIMBA	Maharashtra	SCR	19.419885	78.076322	Nanded, Maharashtra
AJP	AJJAMPUR	Karnataka	SWR	13.7283327	76.0097415	Ajjampur, Karnataka
MHDP	Mahadevpara	Gujarat	WR	23.677025	72.949202	State Highway 9, Gujarat
MIRA	MIRA ROAD	Maharashtra	WR	19.280299	72.856072	Mira Bhayandar, Maharashtra
MJO	MAJORDA	Goa	KR	15.314045	73.922408	South Goa, Goa
MGRR	MAGARPUR	Uttar Pradesh	NCR	25.322705	78.858785	Mau Ranipur, Uttar Pradesh
MJE	MUJNAL	West Bengal	NFR	26.693328	89.191957	National Highway 31C, West Bengal
MKRL	Moti Koral	Gujarat	WR			Maninageshwar Rd, Gujarat
MIH	MIHRAWAN	Uttar Pradesh	NR	25.871178	82.694333	Nawab Yousuf Rd, Uttar Pradesh
MM	MUMBAI MAHIM JN	Maharashtra	WR	19.040547	72.846876	Mumbai, Maharashtra
MOAR	Manipur Bagan	Assam	?	24.400845	92.54072	Bairabi Rd, Assam
MJS	MANJESHWAR	Kerala	SR	12.724197	74.887582	NH 17, Kerala
MGAE	Morgram	West Bengal	ER	24.304919	88.018413	Murshidabad Distt., West Bengal
MNGT	MYSORE NEW GOOD	Karnataka	SWR	12.338554	76.642542	Mysore, Karnataka
MHU	Manheru	Haryana	NWR	28.701227	76.203117	Bhiwani, Haryana
MJN	Makum Junction	Assam	NFR	27.485742	95.440958	Makum, Assam
MLHS	Light House	Tamil Nadu	SR	13.044646	80.276539	Chennai, Tamil Nadu
MGM	Muragacha	West Bengal	ER	23.529636	88.421243	Nadia, West Bengal
MNGV	Mota Miya Mangrol	Gujarat	WR			Mosali, Gujarat
MNLI	Manali Halt	Tamil Nadu	SR			State Highway 23, Tamil Nadu
MNDY	Mandaveli	Tamil Nadu	SR	13.027861	80.260507	Chennai, Tamil Nadu
MHAD	Mohadi Pragane Laling	Maharashtra	CR	20.863002	74.779784	Dhule, Maharashtra
MIW	Mighauna	Uttar Pradesh	NER	28.24322	79.826515	Mighauna, Uttar Pradesh
MIO	Molisar	Rajasthan	NWR	28.13104	74.739025	Churu, Rajasthan
MHUA	Mahudha	Gujarat	WR	22.817129	72.946947	Madhuda, Gujarat
MLKH	Mulewal Khaihra	Punjab	NR	31.102966	75.299694	Neewa Meianwal, Punjab
MNME	Manamadurai East	Tamil Nadu	SR	9.697777	78.45435	Manamadurai, Tamil Nadu
MNCR	Monacherra		?	24.611951	92.550058	
MJV	Manjhagarh	Bihar	NER	26.417226	84.504257	National Highway 28, Bihar
MOTC	MOTICHUR	Uttarakhand	NR	29.98115	78.177678	Haridwar, Uttarakhand
MLHA	MALIYA HATINA	Gujarat	WR	21.15957	70.299701	Malia, Gujarat
MLB	MODNIMB	Maharashtra	CR	17.91654771	75.4055439	Shetfal, Maharashtra
MNL	MINCHNAL	Karnataka	SWR	16.971395	75.822432	Bijapur, Karnataka
MKH	MALAKHERA	Rajasthan	NWR	27.390236	76.618982	Mala Khera, Rajasthan
MLG	MALHARGARH	Madhya Pradesh	WR	24.265618	74.972666	Malhargarh, Madhya Pradesh
MKD	MARKUNDI	Madhya Pradesh	WCR	25.017393	80.947114	State Highway 11, Madhya Pradesh
MUE	MUDKHED	Maharashtra	SCR	19.148087	77.509661	Mudkhed, Maharashtra
MNDR	MANDI DHANAURA	Uttar Pradesh	NR	28.953119	78.261498	Jyotiba Phule Nagar, Uttar Pradesh
MLGT	MALLAPPA GATE	Andhra Pradesh	SCR	15.225027	77.387152	Guntakal, Andhra Pradesh
MNQ	MAINPURI	Uttar Pradesh	NCR	27.216507	79.034774	Mainpuri, Uttar Pradesh
MLSA	MALLASANDRA	Karnataka	SWR	13.335173	77.015018	NH 206, Karnataka
MKS	Muktsar	Punjab	NR	30.47821	74.514271	Muktsar, Punjab
MQW	Mallannagar	Uttar Pradesh	NER			State Highway 33, Uttar Pradesh
MRD	Manund	Gujarat	WR			State HIghway 55, Gujarat
MPLR	MAHIPAL ROAD	West Bengal	ER	24.28754539	88.19117116	Lalgola, West Bengal
MKLI	MAKRAULI	Haryana	NR	28.946971	76.62755	Rohtak, Haryana
MNO	MEHNAR ROAD	Bihar	ECR	25.6543078	85.50447769	Bihar, Bihar
MRU	MUMBAI MATUNGA ROAD	Maharashtra	WR	19.028606	72.847143	Mumbai, Maharashtra
MMC	MAHAMANDIR	Rajasthan	NWR	26.30874489	73.03793517	Jodhpur, Rajasthan
MMY	MARWAR MATHANYA	Rajasthan	NWR	26.532173	72.978778	Mathania, Rajasthan
MTHP	MITHAPUR	Gujarat	WR	22.411601	69.008695	Jamnagar, Gujarat
MON	Modran	Rajasthan	NWR	25.187428	72.447631	Jalor, Rajasthan
MNZ	MANANI	Uttar Pradesh	NR	29.884915	77.498609	State Highway 57, Uttar Pradesh
AJRE	AUJARI	Assam	NFR	26.14464572	92.26680014	National Highway 37, Assam
MLN	MAILANI	Uttar Pradesh	NER	28.284349	80.347318	Lakhimpur Kheri, Uttar Pradesh
MNS	Manshahi	Bihar	NFR	25.47568287	87.58812267	National Highway 81, Bihar
MRJD	Marajdwa	Bihar	ECR	27.043053	84.601916	Sikta-Mainatad Rd, Bihar
MLX	Mullanpur	Punjab	NR	30.83811	75.665016	Mullanpur, Punjab
MPUR	New Madanpur		?	24.312218	87.226329	
MSQ	Marwar Ratanpur	Gujarat	NWR	24.67822	72.142853	State Highway 128, Gujarat
MMG	Madhyamgram	West Bengal	ER	22.693938	88.452254	Kolkata, West Bengal
MPML	Mohapani Mal	Madhya Pradesh	SECR	21.812143	78.910005	State Highway 19, Madhya Pradesh
MLTR	Melattur	Kerala	SR	11.06543	76.272805	Melattoor, Kerala
MQQ	Markahandi U Halt	Madhya Pradesh	SECR	22.049857	79.191328	State Highway 26, Madhya Pradesh
MQS	Malsian Shahkot	Punjab	NR	31.110293	75.354756	Shahkot-Moga Rd, Punjab
MKDN	Morkadhana	Madhya Pradesh	CR	22.11073	78.501566	Nayagaon, Madhya Pradesh
MSZ	MANSA	Punjab	NR	29.989695	75.402584	Mansa, Punjab
MPLE	MAHIPAL	West Bengal	ER	24.30631	88.162107	Lalgola, West Bengal
MQL	MIRKHAL	Maharashtra	SCR	19.20364111	76.91505737	Purna, Maharashtra
MTJR	MOTERJHAR	Assam	NFR	26.133968	89.864509	Dhubri Kochugaon Rd, Assam
MSOD	MASODHA		NR	26.709217	82.125339	
MTJL	Motijheel	Madhya Pradesh	NCR	26.249743	78.142209	Gwalior, Madhya Pradesh
MSDH	MASNADIH		ECR	26.958112	84.832613	
MSP	MANSURPUR	Uttar Pradesh	NR	29.355377	77.719182	Muzaffarnagar, Uttar Pradesh
MVJ	MAVLI JN	Rajasthan	NWR	24.794585	73.973721	Mavli, Rajasthan
NBA	Nabha	Punjab	NR	30.363819	76.146396	Nabha, Punjab
MUT	MEERUT CANT	Uttar Pradesh	NR	29.015997	77.686937	Meerut, Uttar Pradesh
MWT	MARWAR LOHWAT	Rajasthan	NWR	26.981256	72.58927	Jodhpur, Rajasthan
MTC	MEERUT CITY	Uttar Pradesh	NR	28.97761	77.675106	Meerut, Uttar Pradesh
MUD	MURADNAGAR	Uttar Pradesh	NR	28.759017	77.506774	Ghaziabad, Uttar Pradesh
MSRP	MURHESI RAMPUR	Uttar Pradesh	WCR	27.412426	77.627418	SH 33, Uttar Pradesh
MTFA	MERTALA PHALEYA	West Bengal	ER	23.479666	88.319686	Mertala Phaleya, West Bengal
MRL	MAROLI	Gujarat	WR	21.019949	72.889998	Maroli, Gujarat
MQ	Mannargudi	Tamil Nadu	SR	10.674541	79.455639	Mannargudi, Tamil Nadu
MP	MELAPPALAIYAM	Tamil Nadu	SR	8.706718409	77.70185648	Tirunelveli, Tamil Nadu
MSD	BOMBAY MASJID	Maharashtra	CR	18.952385	72.838561	Mumbai, Maharashtra
MTAP	Matania Anantpur	West Bengal	ER			Matania Anantapur Railway Station, West Bengal
MWW	MAHWA	Rajasthan	NWR	27.48372	76.608871	Alwar, Rajasthan
MX	Mumbai Mahalakshmi	Maharashtra	WR	18.982103	72.823908	Mumbai, Maharashtra
MTT	Mutupet	Tamil Nadu	SR			Muthupet, Tamil Nadu
MYA	MANDYA	Karnataka	SWR	12.529176	76.897256	Mandya, Karnataka
MULK	MULKI	Karnataka	KR	13.068517	74.804962	Mulki, Karnataka
MTMY	Thirumayilai	Tamil Nadu	SR	13.03497	80.267038	Chennai, Tamil Nadu
MRTL	MIRTHAL	Punjab	NR	32.112895	75.608482	Mirthal, Punjab
MXO	MORTHALA	Rajasthan	NWR	24.50260496	72.80341865	NH 14, Rajasthan
MT	Matera	Uttar Pradesh	NER	27.784934	81.553447	Bahraich, Uttar Pradesh
MOBD	Moabund	Assam	NFR	26.66857	94.071748	Mohbondha, Assam
MSDL	Mahisadal	West Bengal	SER	22.176299	88.010799	Haldia Mechada via Tamluk, West Bengal
MRG	Margherita	Assam	NFR	27.289315	95.6726	Ledo, Assam
MOM	Maman	Uttar Pradesh	NR	28.330372	77.861087	National Highway 91, Uttar Pradesh
MTCN	Triplicane	Tamil Nadu	SR	13.054862	80.280206	Chennai, Tamil Nadu
MUPA	MUPA	Assam	NFR	25.368686	93.122747	Diakkawn Rd, Assam
NNKR	Nanaksar	Punjab	NR	30.803353	75.419984	Nanaksar, Punjab
MZRT	Murtajapur Town	Maharashtra	CR			Murtajapur, Maharashtra
MPUE	MAINPURI KACHRI	Uttar Pradesh	NCR	27.227142	79.065632	Mainpuri Kachri, Uttar Pradesh
MUZ	MOHIUDDINPUR	Uttar Pradesh	NR	28.885405	77.621531	Meerut, Uttar Pradesh
NADA	Nada	Gujarat	WR			Mota Habipura Nada Rd, Gujarat
NBGH	Nowbagh	Maharashtra	CR			Nowbagh, Maharashtra
NEI	NEOLI	Maharashtra	CR	18.387703	76.303949	State Highway 77, Maharashtra
NKRA	Nokhra	Rajasthan	?	27.60799499	72.66540165	Nokhra, Rajasthan
MWM	MALLESWARAM	Karnataka	SWR	13.001289	77.563207	Bengaluru, Karnataka
NGLT	NAGLATULA	Rajasthan	NCR	26.92382	77.421273	Bayana, Rajasthan
NDLH	Nandlalee Halt		?			
MVO	MANWATH ROAD	Maharashtra	SCR	19.358161	76.534516	Parbhani, Maharashtra
NGE	NAGAR	Chhattisgarh	SECR	23.315091	82.459164	National Highway 78, Chhattisgarh
MXH	MAKHU	Punjab	NR	31.105935	74.983505	Makhnu, Punjab
NCR	Nagore	Tamil Nadu	SR	10.81843	79.846188	Nagore, Tamil Nadu
MZL	MIRZAPALI	Andhra Pradesh	SCR	18.017963	78.415299	Medak, Andhra Pradesh
KKG	KEKATUMAR	Maharashtra	SCR	20.012339	77.100811	Washim, Maharashtra
MWX	MALLANWALA KHAS	Punjab	NR	31.04700491	74.81342713	Mallanwala, Punjab
MXY	MAHUARIYA	Uttar Pradesh	ECR	24.22774002	83.31051865	Sonebhadra, Uttar Pradesh
MZHL	MAJHAOLI	Madhya Pradesh	WCR	24.136642	82.37058	Bargawa, Madhya Pradesh
MYL	MALLIYALA	Andhra Pradesh	SCR	15.397805	77.776755	Kurnool, Andhra Pradesh
NGR	ANNIGERI	Karnataka	SWR	15.432164	75.430851	Dist. Dharwad, Karnataka
MWJ	MARWASGRAM	Madhya Pradesh	WCR	24.098212	81.836685	Madhya Pradesh, Madhya Pradesh
NDNI	Nidhani	Madhya Pradesh	SECR	22.576568	80.008415	Ghonsor, Madhya Pradesh
MZW	MANJHWE	Bihar	ECR	24.814294	85.306631	Manjhwe, Bihar
MYU	MAYANOOR	Tamil Nadu	SR	10.954704	78.236511	NH 67, Tamil Nadu
NGA	NINGALA JN	Gujarat	WR	22.0252	71.709352	State Highway 117, Gujarat
NIG	NAIGAON	Maharashtra	WR	19.350875	72.845954	Naigaon West, Maharashtra
NAN	NANDGAON ROAD	Maharashtra	KR	16.387454	73.73056	Sindhudurg, Maharashtra
MXN	MARIANI JN	Assam	NFR	26.652435	94.308203	Mariani, Assam
MUGN	MAHUTGAON	Assam	NFR	26.962757	94.792882	B G Rd, Assam
NAM	NAMRUP	Assam	NFR	27.19627	95.313642	Borhat, Assam
MVG	MALIGURA	Orissa	ECoR	18.953175	82.638614	Maligura Station, Orissa
NGX	Nigan	West Bengal	ER			Nigan, West Bengal
MUH	Murthiha	Uttar Pradesh	NER	28.030462	81.378147	State Highway 26, Uttar Pradesh
MTP	Mettupalayam	Tamil Nadu	SR	11.299729	76.934533	Mettupalayam, Tamil Nadu
NCP	Nishchindapur	West Bengal	ER	21.973426	88.214325	Tengrabichi, West Bengal
NERH	Ner Halt		?	25.017219	84.975361	
MYHT	Mayurhat	West Bengal	ER	23.363017	88.661013	Mayurhat-Taraknagar Rd, West Bengal
NAL	Nal Halt	Rajasthan	?	28.03859006	73.21761216	NH 15, Rajasthan
NKL	Nalikul	West Bengal	ER	22.829713	88.166226	State Highway 2, West Bengal
MVC	Mavinkere	Karnataka	SWR	12.816193	76.201872	Mavinkere, Karnataka
NHY	NAGANAHALLI	Karnataka	SWR	12.380243	76.651081	Mysore District, Karnataka
NDAE	NABADWIP DHAM	West Bengal	ER	23.396593	88.356472	Nabadwip, West Bengal
NPRD	NAGPUR ROAD	Chhattisgarh	SECR	23.279379	82.349049	Koria, Chhattisgarh
NPM	NELLAIKUPPAM	Tamil Nadu	SR	11.775944	79.664768	Nellikuppam, Tamil Nadu
NGNT	NEW GUNTUR	Andhra Pradesh	SCR	16.3100404	80.4582228	Guntur City, Andhra Pradesh
NLRD	NECKLACE ROAD	Andhra Pradesh	SCR	17.423338	78.462871	Hyderabad, Andhra Pradesh
NBE	New Barrackpore	West Bengal	ER	22.687235	88.444755	Kolkata, West Bengal
NAS	Nasrala	Punjab	NR	31.497981	75.846408	Distt.Hoshiarpur, Punjab
NGRT	NAGROTA	Himachal Pradesh	NR	32.108728	76.388794	Nagrota Bagwan, Himachal Pradesh
AJTM	AJITGILL MATTA	Punjab	NR	30.483469	74.863795	Kotkapura Jaitu Rd, Punjab
NID	NIDUR	Tamil Nadu	SR	11.127231	79.645074	Neivasal, Tamil Nadu
NED	HUZUR SAHIB NANDED	Maharashtra	SCR	19.160522	77.310478	Nanded, Maharashtra
NDE	NANDRE	Maharashtra	CR	16.96402856	74.55902999	Sangli, Maharashtra
NGT	NAGAPPATTINAM	Tamil Nadu	SR	10.759221	79.845998	Nagapattinam, Tamil Nadu
NPK	NORTH PANAKUDI	Tamil Nadu	SR	8.315971	77.582174	Panakudi, Tamil Nadu
AKE	AKANAPET	Andhra Pradesh	SCR	18.110863	78.396309	Medak, Andhra Pradesh
NPV	Narpatganj	Bihar	ECR			National Highway 57, Bihar
NRKE	Nari Khetri	Rajasthan	NWR			Jhunjhunu, Rajasthan
NDPR	NANDAPUR	Maharashtra	SCR	19.59488204	77.23762828	Hingoli, Maharashtra
NMZ	NEW MAL JN	West Bengal	NFR	26.87368	88.724837	National Highway 31. 03562-255097, West Bengal
NHM	NANDOL DEHEGAM	Gujarat	WR	23.17417	72.815845	Dehegam, Gujarat
NEM	NEMEM	Kerala	SR	8.455233	77.009693	Thiruvananthapuram, Kerala
NDU	Nadauj	Bihar	ECR	25.29653879	85.01733521	Nadaul, Bihar
RJU	Rajula City	Gujarat	WR	21.046575	71.455976	Distt. Amreli, Gujarat
NMKA	Namkhana	West Bengal	ER	21.772235	88.239558	Namkhana, West Bengal
NRM	Nurmahal	Punjab	NR	31.081589	75.601431	Philur Nurmahal Rd, Punjab
NBPH	New Balarampur Halt	West Bengal	ER	24.051233	88.247374	New Balarampur, West Bengal
PALI	Pali	Rajasthan	NWR	28.177004	76.450856	Pali, Rajasthan
NWA	Nagarwara	Madhya Pradesh	SECR	22.21071984	80.12340102	Nainpur, Madhya Pradesh
NYM	Neyamatpur		ECR	24.937206	84.988344	
ARNG	Arunnagar			20.70849132	79.97897214	
NNL	Narnaul	Haryana	NWR	28.044396	76.123133	Narnaul, Haryana
NGAN	Nagaon	Assam	NFR	26.35621199	92.67253075	Nagaon, Assam
NRPM	Narayanpur Murli Halt	Bihar	ECR			Saraygarh, Bihar
NVC	NAGALWANCHA	Andhra Pradesh	SCR	17.07433	80.228517	Jagannadhapuram To Matkepalli Rd, Andhra Pradesh
NRUR	Nareshwar Road	Gujarat	WR			Nareshwar Rd, Gujarat
NRWI	Narwasi	Rajasthan	NWR			MDR 18, Rajasthan
NRGR	NARANJIPUR	Madhya Pradesh	WR	23.04714209	76.00915947	Dewas, Madhya Pradesh
NSP	NALLA SOPARA	Maharashtra	WR	19.418238	72.819464	Nallasopara station Rd, Maharashtra
NUPR	NURPUR ROAD	Punjab	NR	32.281043	75.852903	Nurpur, Punjab
NUIH	Neuri Halt	Bihar	ECR			Darbhanga, Bihar
NXR	Nagsar	Uttar Pradesh	ECR			Ghazipur, Uttar Pradesh
PAPM	PALAT POTARAM	Andhra Pradesh	SCR	17.79009158	78.45443745	National Highway 7, Andhra Pradesh
NPT	NARASINGAMPET	Tamil Nadu	SR	11.034797	79.511398	Thiruvavaduthurai, Tamil Nadu
NSU	NISUI	Uttar Pradesh	NR	28.290931	79.236446	Aonla- Bareilly Link Rd, Uttar Pradesh
NZH	Nidaghatta	Karnataka	?			Bangalore-Mysore Rd, Karnataka
P			?			
NKE	NARKATIAGANJ JN	Bihar	ECR	27.105035	84.464045	Narkatiaganj, Bihar
NMGT	NIMSHIRGAON TAMDALGE	Maharashtra	CR	16.769024	74.486113	Miraj Rd, Maharashtra
NNO	NANGLOI	Delhi NCT	NR	28.686261	77.056966	JJ Colony No 1, Delhi NCT
NSL	NAGARSOL	Maharashtra	SCR	20.102455	74.541646	Nashik, Maharashtra
NRW	NARWANA JN	Haryana	NR	29.588632	76.109286	Way to Narwana, Haryana
NMJ	NIDAMANGALAM	Tamil Nadu	SR	10.773564	79.412736	Needamangalam, Tamil Nadu
NLH	NAULTHA	Haryana	NR	29.318788	76.889707	Brahman Majra, Haryana
NWB	NIWAS ROAD	Madhya Pradesh	WCR	24.053618	82.013256	Sidhi, Madhya Pradesh
NPX	NARINDARPURA	Punjab	NR	29.951767	75.476271	Mansa, Punjab
NTG	NURSRATABAD KHARKHAR	Uttar Pradesh	NR	28.775277	77.307785	State Highway 57, Uttar Pradesh
PASG	Panisagar	Tripura	NFR	24.27276	92.149035	Panisagar, Tripura
NLSF	NIYALISH PARA	West Bengal	ER	24.156525	88.246367	Berhampore, West Bengal
PDE	Pindrai	Madhya Pradesh	SECR	22.51179979	80.04620421	State Highway 11A, Madhya Pradesh
NNN	NANGUNERI	Tamil Nadu	SR	8.4891	77.662592	Nanguneri, Tamil Nadu
ODM	ONDAGRAM	West Bengal	SER	23.147974	87.202275	Onda, West Bengal
NYH	NAYANDAHALLI	Karnataka	SWR	12.941162	77.520696	Bengaluru, Karnataka
NNGE	NARANGI	Assam	NFR	26.182961	91.835776	Panikhaiti, Assam
NTSK	NEW TINSUKIA JN	Assam	NFR	27.479748	95.334128	A T Rd, Assam
AKI	ADARKI	Maharashtra	CR	17.918333	74.189651	Pune, Maharashtra
NMA	Nirmali	Bihar	ECR	26.305325	86.574615	Supaul, Bihar
NS	Narasapur	Andhra Pradesh	SCR	16.445891	81.699909	Narsapur, Andhra Pradesh
NLD	Nalanda	Bihar	ECR	25.122359	85.462774	National Highway 82, Bihar
SSC	Shahi	Uttar Pradesh	NER	28.588173	79.691003	Shahi, Uttar Pradesh
NKX	NAKTISEMRA	Chhattisgarh	ECoR	19.062273	82.07393	Jagdalpur, Chhattisgarh
OTD	Ootwar	Rajasthan	NCR	27.626063	76.73256	Alwar, Rajasthan
PDRA	Padra	Gujarat	WR	22.23723892	73.09017872	Padra, Gujarat
OD	Od	Gujarat	WR	22.65471	73.079463	Od, Gujarat
NUA	Nua	Rajasthan	NWR	28.05812583	75.28570594	Jhunjhunu, Rajasthan
TUV	Tuvvur	Kerala	SR	11.120495	76.282913	Thuvvur, Kerala
NSF	Nasibpur	West Bengal	ER	22.804835	88.262036	State Highway 2, West Bengal
NRPR	Narendrapur Halt	West Bengal	ER	22.45342	88.41769	Kolkata, West Bengal
NJA	Nagjua	Jharkhand	SER	23.378294	84.96683843	Ranchi, Jharkhand
NNU	Nangal Mundi	Haryana	NWR	28.250468	76.499193	State Highway 24, Haryana
BHJA	Bheja	Orissa	ECoR	18.47264914	82.68546381	Bheja Station, Orissa
NTA	Netra	West Bengal	ER	22.208105	88.254095	National Highway 117, West Bengal
NZP	Niyazipur Halt		?	25.14379146	84.98843942	
PDPK	PADMAPUKAR	West Bengal	SER	22.56830882	88.3062197	Howrah, West Bengal
PCP	PALSAP	Maharashtra	CR	18.357557	76.191169	State Highway 77, Maharashtra
PDNR	PADNUR	Karnataka	SWR	17.32237038	75.98468189	Shegao to Alagi Rd, Karnataka
PARD	PATHRAD	Maharashtra	SCR	19.18427	77.39203	Huzur Sahib Nanded, Maharashtra
PALR	PALUR	Tamil Nadu	SR	12.766651	79.906997	SH 58, Tamil Nadu
PKRD	PAKARA ROAD	Madhya Pradesh	WCR	24.0512	80.505599	Pakara, Madhya Pradesh
PGR	PUGALUR	Tamil Nadu	SR	11.051702	77.990709	Karur, Tamil Nadu
NWR	NIWAR	Madhya Pradesh	WCR	23.72046272	80.36959011	Katni, Madhya Pradesh
OKHA	OKHA	Gujarat	WR	22.47096	69.073775	Okha, Gujarat
OKD	OKHA MADHI	Gujarat	WR	22.09564161	69.10380058	NH 8E, Gujarat
NRO	Nakodar Junction	Punjab	NR	31.111697	75.475608	Nakodar, Punjab
NTR	NITTUR	Karnataka	SWR	13.30165468	76.85587169	NH 206, Karnataka
PGK	PILI BANGAN	Rajasthan	NWR	29.483825	74.079282	Pilibanga, Rajasthan
PEE	Paterhi	Bihar	NER	25.923565	84.805488	Saran, Bihar
NTZ	NATHWANA	Rajasthan	NWR	28.563319	73.813703	Malkisar, Rajasthan
NUD	NAVAGADH	Gujarat	WR	21.764344	70.616721	Jetpur, Gujarat
PKZ	PIPLI PAKHI KALAN	Punjab	NR	30.732663	74.732879	Faridkot, Punjab
PIH	Parhihara	Rajasthan	NWR	27.926801	74.559809	Sujangarh, Rajasthan
NVRD	NAVADE ROAD	Maharashtra	CR	19.052389	73.102716	Ghotkamp Koyana vele, Maharashtra
OND	Aunlajori Junction	Orissa	SER	22.440956	86.1642075	Mayurbhanj, Orissa
NAND	NANDIKUR			13.133125	74.806474	
NTW	NANJANGUD TOWN	Karnataka	SWR	12.12211	76.68443	Nanjangudu, Karnataka
PL	Mumbai Lower Parel	Maharashtra	WR	18.994919	72.82962	Mumbai, Maharashtra
NVL	Neyveli	Tamil Nadu	SR	11.538814	79.476223	SH 10, Tamil Nadu
OBR	OBRA DAM	Uttar Pradesh	ECR	24.438661	82.975949	Obra, Uttar Pradesh
PCX	Pagla Chandi	West Bengal	ER	23.743195	88.303969	National Highway 34, West Bengal
PDKT	Pudukkottai	Tamil Nadu	SR	10.372457	78.801946	Pudukkottai, Tamil Nadu
PED	Pipardahi	Madhya Pradesh	SECR	22.052145	79.41266	SH 26, Madhya Pradesh
NZT	Nazareth	Tamil Nadu	SR	8.563997	77.976271	Thoothukudi, Tamil Nadu
PHU	Pahur	Maharashtra	CR			Pahur, Maharashtra
PIJ	Pij	Gujarat	WR			State Highway 149, Gujarat
PKP	Pallikkara	Kerala	SR			Kasaragod, Kerala
PCC	Prachi Road Junction	Gujarat	WR	20.988298	70.687018	Jambur, Gujarat
PKT	Pattukottai	Tamil Nadu	SR			Pattukkottai, Tamil Nadu
AKK	Akkihebbalu	Karnataka	SWR	12.62489	76.377598	Mandya District, Karnataka
PEC	Pencharthal	Tripura	NFR	24.196225	92.10823	Pecharthal, Tripura
NSS	Nawanshahr Doaba Junction	Punjab	NR	31.1213	76.108571	Bhaddi, Punjab
KRSW	Kohar Singhwala	Punjab	NR	30.76024	74.445824	State Highway 20, Punjab
PKGM	Phakhoagram	Assam	NFR	24.641534	92.342438	Phakhoagram, Assam
PJLE	Panjwara Road	Bihar	ER	24.87704564	87.0136837	Mandar, Bihar
PHS	Ferozeshah	Punjab	NR	30.887454	74.78411	Firozpur Rd, Punjab
PHX	PATHAKPUR	Uttar Pradesh	NR	28.369685	78.580494	Chandausi, Uttar Pradesh
PRDP	Paradip	Orissa	ECoR	20.280364	86.620141	Paradip, Orissa
PCR	PANCHRA	West Bengal	ER	23.77199	87.330151	Birbhum, West Bengal
PMYA	PARMINIYA HALT	Bihar	ECR	25.82656259	86.59504242	Parminiya, Bihar
PDH	PADADHARI	Gujarat	WR	22.429596	70.605343	Paddhari, Gujarat
PMI	PAIMAR	Bihar	ECR	24.806929	85.112409	Paimar, Bihar
PG	PERGAON	Maharashtra	SCR	19.294984	76.673464	Parbhani, Maharashtra
PIZ	PINGLI	Maharashtra	SCR	19.21840134	76.85772664	Parbhani, Maharashtra
KRSH	KARAMGARH SDRGH			30.213009	74.748627	
PDQ	PADLA	Rajasthan	NWR	24.306135	73.778291	Padla, Rajasthan
PCT	PANCHTALAVDA ROAD	Gujarat	WR	21.662813	71.474264	SH 115, Gujarat
PGL	PAGDHAL	Madhya Pradesh	WCR	22.42054	77.351451	Pagdhal, Madhya Pradesh
PHI	PANIKHAITI	Assam	NFR	26.21196489	91.87570054	Chandrapur Rd, Assam
PIRO	Piro	Bihar	ECR	25.32135835	84.42054443	Piro, Bihar
PML	PAPANASAM	Tamil Nadu	SR	10.922767	79.268542	Rajagiri, Tamil Nadu
PMM	PARSEHRA MAL	Uttar Pradesh	NER	27.729917	80.729179	Parsehra, Uttar Pradesh
PNYA	PANIAHWA		NER	27.167486	83.933839	
PMK	PARAMAKKUDI	Tamil Nadu	SR	9.539071	78.591131	Paramagudi, Tamil Nadu
PR	MUMBAI PAREL	Maharashtra	CR	19.009045	72.837504	Mumbai, Maharashtra
PBA	PIARDOBA	West Bengal	SER	22.956881	87.322164	Bankura, West Bengal
PGTN	PALGHAT TOWN	Kerala	SR	10.7753892	76.652167	Palakkad, Kerala
PNVL	PANVEL	Maharashtra	CR	18.990919	73.121756	Panvel, Maharashtra
PAZ	PAYANGADI	Kerala	SR	12.021508	75.2596	Kannur District, Kerala
PEU	PERSSANNUR	Kerala	SR	10.840824	76.065488	Koodallur, Kerala
PFT	Pothahi	Bihar	ECR	25.486605	85.098643	Pothahi, Bihar
PNUG	Punpun Ghat Halt		?	25.5255879	85.10991235	
PMGN	Pimpalgaon	Maharashtra	CR			Pimpalgaon, Maharashtra
POHE	Pohe	Maharashtra	CR			Pohe, Maharashtra
PPV	Pratapganj	Bihar	ECR			Pratapganj, Bihar
PLF	Piali	West Bengal	ER	22.388254	88.517441	Champahati To Peyali Rd, West Bengal
PRGT	Pargothan	Maharashtra	CR			Wardha, Maharashtra
PRKA	Parikha	Gujarat	WR			Gujarat, Gujarat
PRNC	Purnia Court	Bihar	ECR			Purnia, Bihar
PIL	Piler	Andhra Pradesh	SCR	13.662347	78.927499	Piler Station, Andhra Pradesh
PIT	Palitana	Gujarat	WR	21.538301	71.823197	Palitana, Gujarat
PNCB	Pancheberia	West Bengal	ER	23.221017	88.599435	Haranath Para Ln, West Bengal
PLC	Phalodi Junction	Rajasthan	NWR	27.124794	72.366743	Phalodi, Rajasthan
PAVI	Pavi	Gujarat	WR	22.342282	73.840166	Vadodara, Gujarat
PHWR	Pehowa Road	Haryana	NR	29.88477778	76.62046062	Haryana, Haryana
PPB	Partabpura	Punjab	NR	31.052119	75.714384	Partabpura, Punjab
PLH	Parlakhemundi	Orissa	ECoR	18.786579	84.080638	Paralakhemundi, Orissa
PDX	Payradanga	West Bengal	ER	23.128661	88.545481	Payradanga, West Bengal
PDS	Pindarsi	Haryana	NR	29.9189828	76.70440469	Haryana, Haryana
PCO	Palayankottai	Tamil Nadu	SR	8.709862	77.738083	Tirunelveli, Tamil Nadu
PMO	Pandoli	Rajasthan	NWR	24.866567	74.399397	State Highway 9, Rajasthan
PQE	Pawapuri Road	Bihar	ECR	25.15921	85.511715	Distt Nalanda, Bihar
PNGM	PANCHGRAM	Assam	NFR	24.864358	92.598318	Panchgram, Assam
PLS	PIPALSANA	Uttar Pradesh	NER	28.952153	78.83533	State Highway 49, Uttar Pradesh
PJR	PANGRI	Maharashtra	CR	18.28370317	75.866773	State Highway 77, Maharashtra
PLMX	PALAMPUR HIMACHAL	Himachal Pradesh	NR	32.069052	76.54001	Palampur, Himachal Pradesh
PRU	PARLU	Rajasthan	NWR	25.823775	72.4319	Parlu, Rajasthan
PJH	Pirjhalar	Madhya Pradesh	WR	23.2603976	75.5313135	Ratlam, Madhya Pradesh
PPLI	PIPLI	Gujarat	WR	22.345082	69.934426	Jamnagar, Gujarat
PRTP	PARTAPUR	Uttar Pradesh	NR	28.925112	77.648699	Meerut, Uttar Pradesh
PYM	PANDIYAPURAM	Tamil Nadu	SR	8.855091	77.971557	State HIghway 75, Tamil Nadu
PJA	PAJIAN	Punjab	NR	31.264295	75.288498	Kapurthala, Punjab
RAMP	Rampuri	Madhya Pradesh	SECR	22.410159	80.259304	Bamhani, Madhya Pradesh
PNGR	PINGORA	Rajasthan	WCR	27.087306	77.371309	SH 1, Rajasthan
PUE	Palari	Madhya Pradesh	SECR	22.301904	79.815973	State Highway 11A, Madhya Pradesh
PUF	Pauta	Uttar Pradesh	NER	28.45160327	79.81187311	Pauta, Uttar Pradesh
PKDE	PILU KHERA	Haryana	NR	29.354607	76.49388	Jind, Haryana
PLWR	Phulwaria	Uttar Pradesh	NER	26.4688027	84.25561534	Phulwaria, Uttar Pradesh
PNJ	Padriganj	Madhya Pradesh	SECR	22.31720861	80.11383798	Nainpur, Madhya Pradesh
RAU	Rau	Madhya Pradesh	WR	22.633145	75.80495	Rau, Madhya Pradesh
TIK	Tik		NR	29.8508009	76.52731517	
PRDL	Paradol	Madhya Pradesh	SECR	23.25057	82.188481	Manendragarh, Madhya Pradesh
TUA	TIRUNNAVAYA	Kerala	SR	10.874721	75.985675	Thirunavaya, Kerala
PNPR	PUNNAPURA	Kerala	SR	9.449651	76.333771	Alappuzha, Kerala
PUPR	PUNNAPRA	Kerala	SR	9.423187	76.342348	Alappuzha, Kerala
PLP	PHULPUR	Uttar Pradesh	NR	25.552534	82.091535	Phulpur, Uttar Pradesh
PRG	PRAYAG	Uttar Pradesh	NR	25.467939	81.867081	Allahabad, Uttar Pradesh
PMY	PALI MARWAR	Rajasthan	NWR	25.790692	73.327309	Pali, Rajasthan
PRNG	Pritam Nagar	Madhya Pradesh	WR			Ratlam, Madhya Pradesh
PTG	Patna Ghat	Bihar	ECR			Sabalpur, Bihar
PTRT	Pathrot	Maharashtra	CR			Amravati, Maharashtra
PRTL	Pirtala	West Bengal	ER	24.359325	88.280583	Pirtala, West Bengal
PMQ	Parna Nand	Punjab	NR	32.169809	75.495787	National Highway 15, Punjab
PVI	Peravurani	Tamil Nadu	SR			Peravurani, Tamil Nadu
RAS	Ras	Gujarat	WR			Bhadran, Gujarat
PKO	Palakollu	Andhra Pradesh	SCR	16.522244	81.717145	Palakollu, Andhra Pradesh
POA	Palikona	Andhra Pradesh	SCR	16.061989	80.804351	Bhattiprolu, Andhra Pradesh
PSK	Paradsinga Halt	Madhya Pradesh	SECR	21.541244	78.854197	Paradsinga, Madhya Pradesh
PTKD	Patharkandi	Assam	NFR	24.604506	92.31911	Patharkandi, Assam
PKBS	Peeplee-ka-bas	Rajasthan	NWR	26.909189	75.268809	MDR 59, Rajasthan
PNSA	Punsia	Bihar	ER	24.95316731	87.00375067	Punsia, Bihar
KRSL	Krishnashilla	Uttar Pradesh	ECR	24.1550254	82.7684964	Sonebhadra, Uttar Pradesh
PTE	Patiala Cantt.	Punjab	NR	30.341138	76.379064	Patiala, Punjab
PLT	Pirthala Llauda	Haryana	NR	29.628831	75.866432	Tohana, Haryana
RHW	ROHIRA GHALUGHRA	Punjab	NR	30.63693123	75.84166627	Sangrur, Punjab
PRKH	PARKANHATTI	Karnataka	SWR	16.140169	74.695447	Parakanhatti, Karnataka
RAKL	RETHORAKALAN	Madhya Pradesh	NCR	26.397857	78.240156	Malanpur, Madhya Pradesh
RDI	KARDI	Karnataka	SWR	13.26737749	76.57369957	Karadi Cross, Karnataka
RKR	RANIKUND RARAH	Rajasthan	WCR	27.324191	77.5555	Rarah, Rajasthan
RMGJ	RAMGANJ	Uttar Pradesh	NR	26.049174	82.020731	State Highway 9, Uttar Pradesh
PT	PATLI	Haryana	NR	28.399583	76.853472	Gurgaon, Haryana
POR	PIPALDA ROAD	Rajasthan	WCR	24.956611	76.616541	Baren, Rajasthan
PTRD	PATAUDI ROAD	Haryana	NR	28.350738	76.755565	Hailley Mandi, Haryana
PSD	PARSODA	Maharashtra	SCR	19.95369657	74.87513523	Rotegaon, Maharashtra
POZ	POTUL	Maharashtra	SCR	19.918567	75.121777	Lasur, Maharashtra
PRKE	PURUA KHERA	Uttar Pradesh	NR	28.38702	78.948591	Bijnour, Uttar Pradesh
RBK	REOTI BAHORA KHERA	Uttar Pradesh	NR	28.318709	79.107047	Reoti B Khera, Uttar Pradesh
VMU	Vemuru	Andhra Pradesh	SCR	16.178119	80.743187	Coastal Andhra Region, Andhra Pradesh
RDY	REDIPALAYAM	Tamil Nadu	SR	12.736973	79.94718	State Highway 58, Tamil Nadu
PPKD	PAPRAKUND	Uttar Pradesh	ECR	24.42109	82.931711	Obra, Uttar Pradesh
RAJP	RAJAPUR ROAD	Maharashtra	KR	16.635175	73.626565	Ratnagiri, Maharashtra
RANI	RANI	Rajasthan	NWR	25.347582	73.31039	Rania, Rajasthan
PPNS	PAPPINISSERY	Kerala	SR	11.941779	75.347422	Kannur District, Kerala
PRZ	Parsa	Uttar Pradesh	NER	27.435148	82.908499	Itwa Badhayan Rd, Uttar Pradesh
PSLI	Parsoli	Rajasthan	WCR	25.113462	74.875358	NH 76, Rajasthan
RAL	Repalle	Andhra Pradesh	SCR	16.019794	80.828736	Repalle, Andhra Pradesh
RJQ	Rajendranagar	Madhya Pradesh	WR	22.670031	75.829546	Indore, Madhya Pradesh
RHU	Rahon	Punjab	NR	31.05932381	76.10892367	Rahon, Punjab
RAHA	Raha	Assam	NFR	26.225359	92.522244	Roha, Assam
PRES	Pattabiram East	Tamil Nadu	SR	13.145848	80.068704	Pattabiram, Tamil Nadu
RCTC	Raghunathpur	Orissa	ECoR	20.351679	86.149605	Raghunathpur, Orissa
PRBZ	Parsa Bazar	Bihar	ECR	25.550023	85.118879	NH 83, Bihar
RGV	Rathopur	Bihar	ECR			Saraygarh, Bihar
PRNR	Porjanpur	Orissa	?	21.789139	85.521374	National Highway 215, Orissa
PPCK	Pipalwali Chowk	Madhya Pradesh	NCR	26.266253	77.470826	Pipalwali Chowk, Madhya Pradesh
RNIR	Rajnarainpur	Uttar Pradesh	NER	28.313863	80.418359	State Highway 90, Uttar Pradesh
PPN	Punpun	Bihar	ECR	25.48822964	85.09876769	Patna, Bihar
RBN	Raghubans Nagar	Bihar	ECR	25.756709	87.060056	Raghubans Nagar, Bihar
RMO	Ramakona	Madhya Pradesh	SECR	21.684349	78.826509	State Highway 19, Madhya Pradesh
RAH	Ramgarh	Rajasthan	NCR	27.576612	76.811256	Alwar, Rajasthan
TNRI	Teneri Halt		?	25.31460626	85.02551828	
PTRJ	PATTI RAJPURA HALT	Himachal Pradesh	NR	32.068766	76.53987	Majhairan, Himachal Pradesh
PTWA	PATWARA	Madhya Pradesh	WCR	23.91430728	80.41370457	Katni, Madhya Pradesh
PUY	Phulaguri	Assam	NFR	26.270537	92.592784	National Highway 37, Assam
RENH	RENHAT	Madhya Pradesh	WCR	25.979938	77.833685	Shivpuri, Madhya Pradesh
RE	REWARI	Haryana	NWR	28.202779	76.609414	Rewari, Haryana
RHG	RAJGARH	Rajasthan	NWR	27.240827	76.607541	Rajgarh, Rajasthan
RMH	RANGMAHAL	Rajasthan	NWR	29.405816	73.974734	Sri Ganganagar, Rajasthan
RA	RAMPARDA	Gujarat	WR	22.634966	71.352035	Surendranagar, Gujarat
RGLI	RANGAULI	Uttar Pradesh	NCR	25.150233	79.887282	Mahoba, Uttar Pradesh
RMR	RAMNAGAR	Uttarakhand	NER	29.390223	79.122239	Ramnagar, Uttarakhand
RKI	RAMKANALI JN	West Bengal	SER	23.579891	86.762336	Purulia, West Bengal
QLM	KULEM	Goa	SWR	15.334036	74.24423	South Goa Distt., Goa
RRE	Rahul Road	Bihar	ECR	25.2741926	85.53093439	National Highway 31, Bihar
RMSR	RAMSINGHPUR	Rajasthan	NWR	29.185337	73.398866	Ramsinghpur, Rajasthan
PYOL	PAYYOLI	Kerala	SR	11.516716	75.617595	Payyoli, Kerala
RPB	Rupasibari	Assam	NFR	24.855344	92.529502	National Highway 44, Assam
PUM	PALLIPPURAM	Kerala	SR	10.84137382	76.11236044	Palakkad, Kerala
RGD	Rajgir	Bihar	ECR	25.033069	85.414697	Rajgir, Bihar
RGS	Ringas Junction	Rajasthan	NWR	27.373379	75.563604	Ringas, Rajasthan
RTBR	Ratabari	Assam	NFR	24.572086	92.416927	Ratabari, Assam
RGJI	RANGJULI	Assam	NFR	25.988405	90.955958	Rangjuli Railway Station, Assam
RPLY	Rupauli	Bihar	ECR	25.879328	87.057937	Murliganj, Bihar
PW	Pirwa	Rajasthan	NWR	27.235415	74.467274	Degana, Rajasthan
RDG	Rayadurg	Andhra Pradesh	SWR	14.705815	76.856828	Rayadurg, Andhra Pradesh
RPP	Ranu Pipri	Gujarat	WR			Gujarat, Gujarat
RSMN	Ramgovindsingh Mahuli Halt		?	25.53187418	85.1132306	
RJR	Rajaldesar	Rajasthan	NWR	28.033672	74.477712	Rajaldesar, Rajasthan
RPV	Rajapatti	Bihar	NER	26.18081493	84.80838332	Musepur To Rajapatti Railway Statipn, Bihar
PUQ	Puranigudam	Assam	NFR	26.36319	92.786769	Puranigudam, Assam
PTRE	Patara	Uttar Pradesh	NCR	26.232168	80.203446	Kanpur Nagar, Uttar Pradesh
RGJ	RaiGanj	West Bengal	NFR	25.619125	88.127696	Raiganj, West Bengal
TUD	Talodhi Road	Maharashtra	SECR	20.454247	79.736073	Nagbhir, Maharashtra
RM	Rajmane	Maharashtra	CR	20.643085	74.941672	Kunzar Rd, Maharashtra
RMN	Raman	Punjab	NWR	29.959834	74.962088	Rama Mandi, Punjab
RPHR	Raipur Hariyana Junction	Haryana	NR	29.158401	75.772834	Hisar, Haryana
QTP	Quatabpur	Haryana	NR	29.763968	76.349742	Haryana, Haryana
RBJ	Raibojha	Uttar Pradesh	NER	27.971209	81.471651	State Highway 26, Uttar Pradesh
RWH	Rowriah Sdg	Assam	NFR	26.721887	94.172441	Jorhat, Assam
RWL	RAIWALA	Uttarakhand	NR	30.032143	78.209877	Rishikesh, Uttarakhand
RPI	RUPAHELI	Rajasthan	NWR	25.771723	74.635807	Bhilwara, Rajasthan
RNA	ROHANA KALAN	Uttar Pradesh	NR	29.575725	77.685758	Muzaffarnagar, Uttar Pradesh
RKD	RUKADI	Maharashtra	CR	16.724872	74.356715	Kolhapur, Maharashtra
RNE	RANJANI	Maharashtra	SCR	19.646129	76.107028	Jalna, Maharashtra
RXRX	RANGAPAHAR CRS	Nagaland	NFR	25.868228	93.715179	Diphu Rd, Nagaland
SAG	SANGRUR	Punjab	NR	30.2437914	75.83051747	Sangrur, Punjab
SAH	SAPHALE	Maharashtra	WR	19.576592	72.821826	Thane, Maharashtra
RUJ	RANUJ	Gujarat	WR	23.75937	72.21524	Patan, Gujarat
RNR	RANIBENNUR	Karnataka	SWR	14.625461	75.635054	Ranebennur, Karnataka
RRB	BIRUR JN	Karnataka	SWR	13.591101	75.974749	Birur, Karnataka
RIGA	RIGA	Bihar	ECR	26.644544	85.425711	Barahwa, Bihar
VMP	VALLAMPADUGAI	Tamil Nadu	SR	11.350091	79.708219	Vallampadugai, Tamil Nadu
RMM	RAMESWARAM	Tamil Nadu	SR	9.280973	79.306787	Rameshwaram, Tamil Nadu
SAZ	Samni	Gujarat	WR	21.85258131	72.92457042	Samni, Gujarat
RPMN	RAMPURMANI HARA	Uttar Pradesh	NR	29.80559807	77.45987143	Saharanpur, Uttar Pradesh
SASN	SAS NAGAR MOHALI	Punjab	NR	30.666125	76.739952	Mohali, Punjab
RNBD	RANA BORDI	Gujarat	WR	21.714732	69.791914	State Highway 27, Gujarat
RKX	RUKHI	Haryana	NR	29.090127	76.679535	Sonepat, Haryana
RXW	Ratangarh West	Rajasthan	NWR	28.07278534	74.61020426	Ratangarh, Rajasthan
RNQ	RENUKUT	Uttar Pradesh	ECR	24.203558	83.039896	Sonbhadra, Uttar Pradesh
ROHA	ROHA	Maharashtra	CR	18.44649043	73.12357712	Roha, Maharashtra
ROK	ROHTAK JN	Haryana	NR	28.890904	76.57955	Rohtak, Haryana
RLS	ROMANA ALBEL SINGH	Punjab	NR	30.510636	74.850048	Kotkapura Jaitu Rd, Punjab
RRS	Raghuraj Singh	Uttar Pradesh	NR	26.255836	80.879669	Raghuraj Singh Railway Station, Uttar Pradesh
RUR	RANPUR	Gujarat	WR	22.359871	71.717303	Ranpur, Gujarat
RVT	Revelganj Ghat	Bihar	NER			Ghaghra Bank, Bihar
RW	Rankua	Gujarat	WR			Gujarat, Gujarat
SAHA	Sarahula	Uttar Pradesh	ECR			Dildarnagar, Uttar Pradesh
SAD	Sonada	West Bengal	NFR	26.960337	88.273323	Sonada, West Bengal
RJ	Rawat Ganj	Uttar Pradesh	NER	26.9578306	83.28587524	National Highway 29, Uttar Pradesh
RGX	Raghunathbari	West Bengal	SER	22.353228	87.797247	Panskura - Tamluk Rd, West Bengal
RNJ	Runija	Madhya Pradesh	WR	23.06077	75.3768327	Ujjain, Madhya Pradesh
SAKA	Simariya Kajanwada	Madhya Pradesh	SECR	22.439466	80.325116	Mandla Fort, Madhya Pradesh
SBGR	Subhas Gram	West Bengal	ER	22.413546	88.433753	Kolkata, West Bengal
RNV	Raniwara	Rajasthan	NWR	24.750455	72.204293	Raniwara, Rajasthan
RRW	Roranwala	Punjab	NR	30.444112	74.256203	Jandwala Bhimeshah, Punjab
RXN	Ramsan	Gujarat	NWR	24.405871	72.035777	State Highway 27, Gujarat
SCA	SALCHAPRA	Assam	NFR	24.827278	92.671939	Salchapra, Assam
RSJ	RAYSER	Madhya Pradesh	WCR	24.915226	77.549884	Guna, Madhya Pradesh
SDPR	SARDAR PATEL ROAD	Delhi NCT	NR	28.595813	77.167107	Delhi Cantonment, Delhi NCT
SBD	SLEEMANABAD RD	Madhya Pradesh	WCR	23.614369	80.285208	Sleemanabad, Madhya Pradesh
SBM	SONBARSA KACHERI	Bihar	ECR	25.79380813	86.59565906	Bihar, Bihar
RY	RAYAKA	Gujarat	WR	22.413053	72.023569	SH 1 Dhandhuka to Fadara Rd, Gujarat
SCN	SONDHA ROAD	Madhya Pradesh	NCR	26.498827	78.484558	National Highway 92, Madhya Pradesh
BMPL	BRAHMANPALLI	Andhra Pradesh	SCR	17.83292799	78.45017924	National Highway 7, Andhra Pradesh
RUPC	RUDRAPUR CITY	Uttarakhand	NER	28.969281	79.379212	Udham Singh Nagar, Uttarakhand
SALE	SALAR	West Bengal	ER	23.774579	88.111097	Salar, West Bengal
SELU	SELU	Maharashtra	SCR	19.44806	76.433264	Parbhani, Maharashtra
SDGM	SARDARGRAM	Gujarat	WR	23.070758	72.641987	Ahmedabad, Gujarat
SHBA	SAHEBTALA	West Bengal	ER	23.591585	88.200996	Sahebtala, West Bengal
SHRD	SAIJ SERTHA RD	Gujarat	WR	23.2126	72.520002	Jhulasan, Gujarat
SINR	Sinor	Gujarat	WR	21.91134392	73.3361295	Sinor, Gujarat
SAHR	SAHERI	Uttar Pradesh	NER	25.55910321	83.44911521	National Highway 29, Uttar Pradesh
SIU	Singur	West Bengal	ER	22.814558	88.228712	Singur, West Bengal
RSYI	RASAYANI	Maharashtra	CR	18.894002	73.151919	Rasayani, Maharashtra
SED	SHEDBAL	Karnataka	SWR	16.720293	74.752769	Belagavi, Karnataka
SDRN	Shendurni	Maharashtra	CR			Shendurni, Maharashtra
RSG	RAMSAGAR	West Bengal	SER	23.106248	87.277063	Bankura, West Bengal
RZJ	RAZAGANJ	Uttar Pradesh	NER	27.994397	80.632889	Lakhimpur Kheri, Uttar Pradesh
SGBA	Sir Gurudas Banerjee Halt	West Bengal	ER			Kolkata, West Bengal
AHMP	ADARSH MANPUR			25.13447576	85.91106268	
SHKY	Saharsa Kutchery Halt	Bihar	ECR			Bihra Panchayat, Bihar
SHRG	Sri Ramgarh Halt	Rajasthan	NWR			Ramgarh Railway Station, Rajasthan
SDMK	Sidmukh	Rajasthan	NWR	28.89389006	75.29047214	Sidhmukh, Rajasthan
SALI	SALI	Rajasthan	NWR	26.705767	75.031546	Ajmer, Rajasthan
SBNM	Subarnamrigi	West Bengal	ER	24.27321	88.292124	Police Station Rd, West Bengal
SHZ	Summer Hill	Himachal Pradesh	NR	31.107469	77.138165	Shimla, Himachal Pradesh
RTR	RAMNATHPUR	Uttar Pradesh	NER	25.412362	82.017775	Handia, Uttar Pradesh
SIPA	Singhookharia	Jharkhand	SER	22.498243	85.795126	National Highway 75, Jharkhand
RUSD	Runnisaidpur	Bihar	ECR	26.410576	85.519694	Runni, Bihar
SDZ	Sindhar	Punjab	NR	31.110308	75.241169	Sindhar, Punjab
SDF	Sudsar	Rajasthan	NWR	28.012356	73.785795	Bikaner, Rajasthan
SIRD	Sird	Rajasthan	?	27.55442081	72.59640462	Jodhpur, Rajasthan
SDLP	Sadulpur Junction	Rajasthan	NWR	28.631138	75.386989	Rajgarh, Rajasthan
SFNR	Saifinagar Halt	Madhya Pradesh	WR	22.698715	75.853424	Indore, Madhya Pradesh
SAWN	Sohansra	Haryana	NWR	28.4076089	75.86057821	State Highway 24, Haryana
SJM	Sajuma	Andhra Pradesh	NR	29.726968	76.296444	High School Rd, Andhra Pradesh
SEW	SEHAL	Uttar Pradesh	NER	28.918565	78.822659	MDR 65W, Uttar Pradesh
SGRE	SULGARE	Maharashtra	CR	16.914611	74.909935	Jath Rd, Maharashtra
SJS	SHAMLAJI ROAD	Gujarat	NWR	23.621619	73.335655	State Highway 5, Gujarat
SGP	SOHAGPUR	Madhya Pradesh	WCR	22.693813	78.194338	Sohagpur, Madhya Pradesh
SEQ	SEKHA	Punjab	NR	30.380452	75.643764	Off Rd, Punjab
SMC	Samnapur	Madhya Pradesh	SECR	21.94191018	80.15641332	State Highway 11, Madhya Pradesh
MNHL	MAJHAIRAN HIMACHAL	Himachal Pradesh	NR	32.046378	76.602793	Majhairan, Himachal Pradesh
SGLM	SENGULAM	Tamil Nadu	SR	8.607001	77.682861	National Highway 7, Tamil Nadu
DUB	DABTARA	Uttar Pradesh	NR	28.368424	78.991164	Bisauli, Uttar Pradesh
SHBL	SHIBLUN	West Bengal	ER	23.692561	88.082999	State Highway 6, West Bengal
SIZ	Shrikhanda	West Bengal	ER			Shrikhanda, West Bengal
SJTR	Sojitra	Gujarat	WR			Anand, Gujarat
SKHK	Sukhasan Kothi	Bihar	ECR	25.841387	87.152101	Purnia, Bihar
SEJ	SARKHEJ	Gujarat	WR	22.981944	72.497486	Ahmedabad, Gujarat
SHC	SAHARSA JN	Bihar	ECR	25.875208	86.594953	Saharsa, Bihar
SHTT	Silghat Town	Assam	NFR	26.608902	92.929931	Silghat, Assam
SGUT	SILIGURU TOWN	West Bengal	NFR	26.7073	88.429607	Siligur, West Bengal
SGUJ	SILIGURI JN	West Bengal	NFR	26.723204	88.413663	Siligur, West Bengal
SJSM	Salemgarhmasani	Rajasthan	NWR	29.55010936	74.46238562	Salemgarhmasani, Rajasthan
SCH	SACHIN	Gujarat	WR	21.077673	72.874083	Sachin, Gujarat
SCPD	SUCHIPIND	Punjab	NR	31.343172	75.621561	Jalandhar, Punjab
SEV	SITHALAVAI	Tamil Nadu	SR	10.958125	78.273891	Krishnarayapuram, Tamil Nadu
SGR	SANGMESHWAR	Maharashtra	KR	17.201999	73.546234	NH 17, Maharashtra
SGD	SONGADH	Gujarat	WR	21.728936	71.886759	Bhavnagar, Gujarat
SHK	SHEIKPURA	Bihar	ECR	25.132088	85.854024	Sheikhpura, Bihar
SMDR	Simodara	Gujarat	WR			SH 166, Gujarat
SMTN	Somthan	Maharashtra	CR			Somthan, Maharashtra
SMSR	Samaswara	Madhya Pradesh	SECR	22.048501	79.334804	SH 26, Madhya Pradesh
SIKR	Sikar Junction	Rajasthan	NWR	27.616275	75.153378	Sikar, Rajasthan
SHF	Shirud	Maharashtra	CR	20.735376	74.876271	Shirud, Maharashtra
SGS	Shoghi	Himachal Pradesh	NR	31.038759	77.124237	Shoghi, Himachal Pradesh
SHN	Suchan Kotli	Haryana	NWR	29.515833	75.170322	Suchan, Haryana
SJPR	Surjyapur	West Bengal	ER	22.293128	88.466557	Surjyapur F, West Bengal
SMKR	Sham Kauria	Bihar	NER	26.03581645	84.83303588	National Highway 28B, Bihar
SGA	Shergarh	Punjab	NWR	30.080231	74.947251	Bathinda, Punjab
SLGE	SULERJAVALGE	Karnataka	SWR	17.45892	75.974841	NH 13, Karnataka
AKVD	AKIVIDU	Andhra Pradesh	SCR	16.582654	81.369055	Coast Andhra, Andhra Pradesh
SQR	SULTANPUR LODI	Punjab	NR	31.211713	75.203016	Kapurthala, Punjab
SIF	SIRLI	Maharashtra	SCR	19.5087819	77.21222488	Parbhani, Maharashtra
SKF	SAKHOTI TANDA	Uttar Pradesh	NR	29.192626	77.718049	Meerut, Uttar Pradesh
SMQL	SHAMLI	Uttar Pradesh	NR	29.444597	77.316231	Shamli, Uttar Pradesh
SMBJ	SHRI MAHABIRJI	Rajasthan	WCR	26.684155	76.967664	Karauli, Rajasthan
SLU	SASALU	Karnataka	SWR	14.226683	76.108388	State Highway 47, Karnataka
SQK	Shankar	Punjab	NR	28.5608275	77.14025399	Jalandhar, Punjab
SMM	SALIYAMANGALAM	Tamil Nadu	SR	10.77933	79.275262	NH 67, Tamil Nadu
SKR	SAKHPUR	Gujarat	WR	21.748997	69.833241	to railway station, Gujarat
SONW	SONWARSA HALT		?	25.0436	85.669157	
SLR	Salogra	Himachal Pradesh	NR	30.934311	77.130516	NH 22, Himachal Pradesh
SOQ	SOMPUR ROAD	Karnataka	SWR	15.421499	75.87207	Sompur, Karnataka
SJN	SANJAN	Gujarat	WR	20.19165	72.820594	Sanjan, Gujarat
SKND	Sukinda Road	Orissa	ECoR	20.971268	86.05375	Duburi, Orissa
SKVL	SANKVAL	Goa	SWR	15.370791	73.867713	Sancoale, Goa
SL	SURATHKAL	Karnataka	KR	12.989191	74.806177	Surathkal, Karnataka
SJDA	SANJUJE DA AREY	Goa	SWR	15.43749405	75.59625386	CURTORIM, Goa
SKNR	Shakar Nagar	Andhra Pradesh	SCR	18.659388	77.905991	Bodhan, Andhra Pradesh
SOF	Saota	West Bengal	ER			Saota, West Bengal
SLI	SANGLI	Maharashtra	CR	16.858669	74.588939	Sangli, Maharashtra
SIW	SHIRRAVDE	Maharashtra	CR	17.36068258	74.15735484	Satara, Maharashtra
SLP	SALPA	Maharashtra	CR	17.96307099	74.17178775	SH 61, Maharashtra
SOI	Sonaripur	Uttar Pradesh	NER	28.47464093	80.72742157	MDR 6C, Uttar Pradesh
SNBD	Sunderabad	Madhya Pradesh	WR			Ratlam, Madhya Pradesh
SPS	Shripat Shrikhand	West Bengal	ER			Shripat Shrikhand, West Bengal
SQW	Sidhwalia	Bihar	NER	26.333838	84.666995	Saran, Bihar
SNKX	Sankra		SECR	20.747436	81.591856	
SME	Shimoga	Karnataka	SWR	13.927613	75.592671	State Highway 57, Karnataka
SONH	Seonan Halt		?	25.28570904	85.01186039	
SNU	Sangrampur	West Bengal	ER	22.224929	88.32876	State Highway 3, West Bengal
SJJ	Sanjha	Bihar	ER	25.06583169	87.00085076	Sanjha, Bihar
SLON	Salona	Assam	NFR	26.503913	92.990043	Salona, Assam
SJPA	Sujalpur	West Bengal	?	21.763167	87.657497	Digha Contai Rd, West Bengal
SILO	Silao	Bihar	ECR	25.078599	85.434638	Nalanda, Bihar
SOW	Suhsarai	Bihar	ECR	25.273946	85.530032	National Highway 31, Bihar
BLND	Bolinna Doaba	Punjab	NR	31.34286	75.656972	Patara Rd, Punjab
SKTN	Shakti Nagar	Uttar Pradesh	ECR	24.122899	82.704734	Dist. Sonebhadra, Uttar Pradesh
SOY	Sukrimangela	Madhya Pradesh	SECR	22.90699	79.834297	Shikara - Dhooma Rd, Madhya Pradesh
SQJ	Saila Khurd	Punjab	NR	31.292874	76.077706	Saila Khurd, Punjab
SNB	Satnaur Badesron	Punjab	NR	31.257426	76.110741	Satnaur Badesron, Punjab
SONR	Saoner Junction	Maharashtra	SECR	21.387489	78.925046	Saoner, Maharashtra
SOJ	SAROJINI NAGAR	Delhi NCT	NR	28.58121	77.196287	Sarojini Nagar, Delhi NCT
SPD	SUPEDI	Gujarat	WR	21.758514	70.37639637	Supedi, Gujarat
SNX	SANEH ROAD	Uttar Pradesh	NR	29.68965227	78.44940259	Saneh Road, Uttar Pradesh
SRA	SEMRA	Bihar	ECR	26.71194696	84.81369814	National Highway 28A, Bihar
SRSI	Sarsi	Bihar	ECR	25.86331603	87.28521799	State Highway 77, Bihar
SNPR	SINGARPUR	Rajasthan	NCR	27.116202	77.723707	Rupbas, Rajasthan
SNYN	SONIYANA	Rajasthan	NWR	25.123246	74.62566	National Highway 79, Rajasthan
SRJ	SHANKARGARH	Madhya Pradesh	NCR	25.1813006	81.61903242	Shankargarh, Madhya Pradesh
STF	Sikta	Bihar	ECR	27.024365	84.680541	Sikta, Bihar
SRGH	Surajgarh	Rajasthan	NWR	28.30168415	75.73429978	Surajgarh, Rajasthan
SQE	SAMRLA	Maharashtra	SCR	18.921849	77.793105	Dharmabad, Maharashtra
SRK	SAMRAU	Rajasthan	NWR	26.8662	72.721146	State Highway 61, Rajasthan
SOHL	Sohal	Punjab	NR	31.974211	75.348341	National Highway 15, Punjab
SRNK	Soron	Uttar Pradesh	NER	27.883354	78.748458	Soron, Uttar Pradesh
SNSN	SONASAN	Gujarat	WR	23.491604	72.895784	Salal, Gujarat
SRID	SHRIDHAM	Madhya Pradesh	WCR	23.033843	79.484397	Shridham, Madhya Pradesh
SQL	SONTALAI	Madhya Pradesh	WCR	22.613018	77.949775	Itarsi, Madhya Pradesh
SPZ	SAMPLA	Haryana	NR	28.781933	76.773299	Sampla, Haryana
SNHR	SANKHAI	Gujarat	WR	23.796393	72.177296	Patan, Gujarat
SPK	SAPEKHATI	Assam	NFR	27.110416	95.160918	Moran to Naharkatiya Rd, Assam
SPRA	Sillipur	Rajasthan	NCR	26.081657	77.031581	State Highway 2, Rajasthan
STC	SANTA CRUZ	Maharashtra	WR	19.082018	72.841339	Mumbai, Maharashtra
SSV	SASVAD ROAD	Maharashtra	CR	18.47320231	73.95464611	Sasvad, Maharashtra
SOU	Supaul	Bihar	ECR	26.117557	86.603023	Supaul, Bihar
SOJN	SIHOR GUJARAT	Gujarat	WR	21.724798	71.957197	Shihor, Gujarat
KRNG	Kargaon Halt			20.800933	79.41302	
SNDY	SANDAI	Uttar Pradesh	NER	28.572634	79.990982	Sandai, Uttar Pradesh
SNDD	SINDHUDURG	Maharashtra	KR	16.111322	73.67934	Oros, Maharashtra
SPGL	Sarai Gopal	Uttar Pradesh	NR	25.548656	81.822277	Allahabad Bypass, Uttar Pradesh
STH	Sethal	Uttar Pradesh	NER	28.543189	79.567366	Bareilly, Uttar Pradesh
SRMN	Semraon	Bihar	ECR	25.39516127	84.52704198	State Highway 12, Bihar
STPM	S NARAYANAPURAM	Andhra Pradesh	SCR	16.525488	80.647908	Vijayawada, Andhra Pradesh
SSP	Santoshpur	West Bengal	ER	22.524414	88.272502	Kolkata, West Bengal
SNDT	Sindri Town	Jharkhand	?	23.660992	86.479883	Sindri, Jharkhand
SRN	Soron	Uttar Pradesh	NER	27.883694	78.748798	Soron, Uttar Pradesh
SNA	Sadanapura	Gujarat	WR	22.602488	73.012475	Sadanapura, Gujarat
WW	Wanabar		?	25.006278	84.97751	
SSRD	Shasan Road	West Bengal	ER	22.34654	88.434523	Baruipur, West Bengal
SMTG	Saheed Matangini	West Bengal	SER	22.301974	87.908115	Medinipur, West Bengal
SOE	Sheopur Kalan	Madhya Pradesh	NCR	25.675538	76.700386	Sheopur, Madhya Pradesh
SMNN	Shri Makri Nath Nagar	Rajasthan	NWR	28.179884	74.824623	Churu, Rajasthan
AKU	ANGALAKUDURU	Andhra Pradesh	SCR	16.245325	80.609091	Coastal Andhra Region, Andhra Pradesh
GTI	GHUTAI	Uttar Pradesh	NCR	25.28942977	79.44132203	National Highway 76, Uttar Pradesh
SWAR	SEWAR	Rajasthan	WCR	27.177901	77.425499	Bharatpur, Rajasthan
STSN	SHAITAN SINGH NAGAR	Rajasthan	NWR	27.052218	72.468139	State Highway 61, Rajasthan
MHTR	MALIHATI TALIBPUR ROAD	West Bengal	ER	23.79372	88.126194	Rd, West Bengal
SRRG	SURERGOTH	Rajasthan	NWR	27.18282	76.605353	State Highway 25, Rajasthan
SVKD	SAVAR KUNDLA	Gujarat	WR	21.335082	71.312667	Savar Kundla, Gujarat
SSKA	SISARKA	Uttar Pradesh	NR	28.431279	78.846279	State Highway 43, Uttar Pradesh
SSR	SARERI	Rajasthan	NWR	25.697556	74.624105	National Highway 79, Rajasthan
SRNT	SARNATH	Uttar Pradesh	NER	25.375998	83.032634	Varanasi, Uttar Pradesh
SVW	SHIVNI SHIVAPUR	Maharashtra	SCR	20.674328	77.048971	Akola, Maharashtra
SRVX	SURAVALI	Goa	KR	15.291947	73.939328	Margao, Goa
SXS	SHOBHASAN	Gujarat	WR	23.542307	72.394212	State Highway 41, Gujarat
STBJ	Sitabanji	Orissa	ECoR	21.500203	85.79053	National Highway 215, Orissa
SVM	SANVERDAM CHUCH	Goa	SWR	15.264064	74.10866	Curchorem, Goa
SUL	SULADHAL	Karnataka	SWR	16.00172811	74.67814299	Belagavi, Karnataka
SURR	Surera	Rajasthan	NWR			Surera, Rajasthan
SVQ	SIVOK	West Bengal	NFR	26.880144	88.468742	Sevoke, West Bengal
VMLD	VEMULURIPADU			16.309801	80.294121	
SWQ	Sangwi	Maharashtra	CR			Sangwi, Maharashtra
SWG	Sidhwan	Punjab	NR	31.095558	75.54695	Sidhwan, Punjab
SRY	SIRARI	Bihar	ECR	25.132853	85.952587	State Highway 6, Bihar
SWX	Saidanwala	Punjab	NR	30.917223	74.679664	Saidanwala, Punjab
SVGA	Sivaganga	Tamil Nadu	SR	9.85297	78.499069	SH 33, Tamil Nadu
SSA	Sirsa	Haryana	NWR	29.539153	75.034944	Sirsa, Haryana
MQA	Matoda			24.11526	73.00915	
SVB	Savni	Gujarat	WR	20.994517	70.471495	Maljinjava, Gujarat
SVC	Siwan Kachari	Bihar	NER	26.226705	84.348717	Siwan, Bihar
SVV	Srivaikuntam	Tamil Nadu	SR	8.622476	77.906323	Thoothukudi, Tamil Nadu
SVDC	Sivadevunichkla	Andhra Pradesh	SCR	16.535629	81.658944	P.P.Road, Andhra Pradesh
STNL	Satnali	Haryana	NWR	28.382338	75.966232	Satnali, Haryana
AEP	Amreli Para	Gujarat	WR	21.6079811	71.22816762	Amreli, Gujarat
SSF	Sirsuphal	Maharashtra	CR	18.306268	74.572957	Daund, Maharashtra
SWD	Sanawad	Madhya Pradesh	WR	22.17581	76.074567	Sanawad, Madhya Pradesh
SXE	SILA KHERI HALT	Haryana	NR	29.389883	76.612939	Jind, Haryana
TAM	Tilaivilagam	Tamil Nadu	SR			Pattukkotai-Thiruthuraipoondi Rd, Tamil Nadu
TKF	Taki Road	West Bengal	ER	22.587179	88.915553	Taki, West Bengal
TNLR	Thondaimanallur	Tamil Nadu	SR	10.623543	78.746072	Nallur, Tamil Nadu
TER	THAIR	Maharashtra	CR	18.352916	76.150037	State Highway 77, Maharashtra
TCT	Tiruchitrambalam	Tamil Nadu	SR			Musiri - Kulithalai - Manapparai - Pudukottai - Alangudi - Peravoorani - Sethubavachatram Rd, Tamil Nadu
SY	SIRKAZHI	Tamil Nadu	SR	11.240305	79.726353	Sirkazhi, Tamil Nadu
TNX	Tarak Nagar	West Bengal	ER	23.38018	88.680184	Shivniwas Rd, West Bengal
TAPA	TAPA	Punjab	NR	30.302839	75.366053	Tapa Mandi, Punjab
SYC	SARAI CHANDI	Uttar Pradesh	NR	25.53942097	81.97958464	Phulpur, Uttar Pradesh
THZI	Takazhi	Kerala	SR			Takazhi, Kerala
TJNR	Taj Nagar	Haryana	NR			Gurgaon, Haryana
SXP	SANKOPARA	West Bengal	ER	24.71768513	87.93445157	State Highway 5, West Bengal
TBN	TIMARNI	Madhya Pradesh	WCR	22.37586	77.2294	Timarni, Madhya Pradesh
SYQ	SINHAN	Gujarat	WR	22.23462479	69.72973546	SH 6, Gujarat
TIBI	Tibi	Rajasthan	NWR	29.54286582	74.50160639	Tibi, Rajasthan
TAY	TALAIYUTHU	Tamil Nadu	SR	8.784193894	77.72944227	Thalaiyuthu, Tamil Nadu
TEN	TIRUNELVELI	Tamil Nadu	SR	8.73636	77.707979	Tirunelveli, Tamil Nadu
SYH	SAIYEDPUR BHTRI	Uttar Pradesh	NER	25.539724	83.232974	Saidpur, Uttar Pradesh
THN	TOLAHUNSE	Karnataka	SWR	14.399208	75.964562	Tholahunase, Karnataka
SZR	SARUPATHAR	Assam	NFR	26.195595	93.862021	Sarupathar Road Thana Rd, Assam
SYL	SALPURA	Rajasthan	WCR	24.773701	76.733005	Kawari, Rajasthan
TIW	TIVARI	Rajasthan	NWR	26.55473	72.889577	Tinwari, Rajasthan
TA	TANUR	Kerala	SR	10.97954	75.880597	Malappuram, Kerala
TLI	Tulwara Jhil	Rajasthan	NWR			Tibi Railway Station, Rajasthan
TABU	Talaburu	Jharkhand	SER	22.358169	85.755942	National Highway 75, Jharkhand
TNK	Tirunellikaval	Tamil Nadu	SR			State Highway 23, Tamil Nadu
KGBS	Kishangarh Balawas	Haryana	NWR	28.262787	76.571554	Kishengarh, Haryana
TBX	Tilbhum	Tripura	NFR	24.465833	92.245466	National Highway 44, Tripura
AL	ATTILI	Andhra Pradesh	SCR	16.68015	81.61636	West Godavari, Andhra Pradesh
TLX	Taldi	West Bengal	ER	22.343647	88.608759	Taldi Station Rd, West Bengal
TKO	TAKKOLAM	Tamil Nadu	SR	13.023783	79.677055	Arakkonam, Tamil Nadu
TEA	Taregna	Bihar	ECR	25.35523019	85.03811292	Taregna, Bihar
TLMR	Teliamura	Tripura	NFR	23.861247	91.617734	Teliamura, Tripura
TELY	Telia	Bihar	?	24.8058876	87.0262456	Telia, Bihar
SZ	SALAWAS	Rajasthan	NWR	26.13995744	73.01452424	Luni, Rajasthan
TB	Tharbitia	Bihar	ECR	26.218533	86.657383	State Highway 76, Bihar
TNGI	Tungi Halt	Bihar	?	25.171993	85.527205	Bihar Sharif, Bihar
TCN	Tiruchendur	Tamil Nadu	SR	8.501774	78.117118	Tiruchchendur, Tamil Nadu
TRG	Tarighat	Uttar Pradesh	ECR	25.57172145	83.60210496	Ghazipur, Uttar Pradesh
TKYR	TIKARIA	Madhya Pradesh	WCR	24.99538	80.86436	MDR 11, Madhya Pradesh
TLV	TALVADYA	Madhya Pradesh	WCR	21.92729906	76.44378438	East Nimar, Madhya Pradesh
TSD	Tahsil Bhadra	Rajasthan	NWR	29.10143616	75.16145412	Bhadra, Rajasthan
BLNK	BELANKI	Maharashtra	CR	16.84890756	74.86933565	Jath Rd, Maharashtra
TR	TARU	Maharashtra	SCR	20.06888	74.590775	Rotegaon Railway Station, Maharashtra
THJ	TALHERI BUZURG	Uttar Pradesh	NR	29.766916	77.644309	SH 59, Uttar Pradesh
TIA	TILAYA	Bihar	ECR	24.821998	85.401101	State Highway 8, Bihar
TTR	TIPTUR	Karnataka	SWR	13.256152	76.475987	Tiptur, Karnataka
TK	TUMKUR	Karnataka	SWR	13.333033	77.102439	Tumkur, Karnataka
TUN	TOHANA	Haryana	NR	29.7266	75.904581	Tohana, Haryana
TKC	THAKURKUCHI	Assam	NFR	26.23400611	91.92228369	Hatisila, Assam
TME	TUTI MELUR	Tamil Nadu	SR	8.808374	78.145808	Thoothukudi, Tamil Nadu
TTB	TITABAR	Assam	NFR	26.602048	94.199758	Titabor, Assam
TKR	TAKARI	Maharashtra	CR	17.129756	74.363376	Sangli, Maharashtra
TPE	TIRUCHIRAPPALLI PALAKKARAI	Tamil Nadu	SR	10.80725953	78.69366422	Tiruchirapalli, Tamil Nadu
TPN	Tapona	Maharashtra	CR			Tapona, Maharashtra
TKLE	Tikani	Bihar	ER	25.10839445	86.993246	Tikani, Bihar
TTP	Tiruturaipudi Junction	Tamil Nadu	SR			Thiruthuraipoondi, Tamil Nadu
SRPR	SARUPSAR JN	Rajasthan	NWR	29.353194	73.694891	MDR 103, Rajasthan
AYRN	AKSHAYWAT RAI NAGAR	Bihar	ECR	25.68876762	85.31541102	Vaishali, Bihar
TLGP	Talguppa	Karnataka	SWR	14.214011	74.914093	Talaguppa, Karnataka
TWB	Talwandi	Punjab	NR	30.861364	74.923634	Talwandi Bhai, Punjab
TQL	Theh Qalandar	Punjab	NR	30.463401	74.086947	State Highway 20, Punjab
TGU	TARIGOPPULA	Andhra Pradesh	SCR	16.485676	80.836307	Krishna, Andhra Pradesh
THVM	THIVIM	Goa	KR	15.62955	73.876104	North Goa, Goa
TKE	Tarikere Junction	Karnataka	SWR	13.710886	75.812209	Tarikere, Karnataka
TOK	THOKUR	Karnataka	KR	12.963579	74.829167	Mangalore, Karnataka
TKOT	TOKKOTTU	Karnataka	SR	12.818211	74.858222	Ullal, Karnataka
TLY	THALASSERY	Kerala	SR	11.75314	75.492987	Kannur, Kerala
TIR	TIRUR	Kerala	SR	10.917757	75.921865	Malappuram, Kerala
TRMN	Taramani	Tamil Nadu	SR	12.978438	80.240082	Chennai, Tamil Nadu
TGRL	Tangiriapal	Orissa	ECoR	21.164083	85.925812	Orissa, Orissa
THE	Thawe Junction	Bihar	NER	26.438991	84.394398	Gopalganj, Bihar
TNDE	Thanesar City	Haryana	NR	29.966374	76.824336	Haryana, Haryana
TTW	Titwa	Madhya Pradesh	SECR	21.99590607	80.1384422	Lamta, Madhya Pradesh
TMZ	Tamluk	West Bengal	SER	22.275813	87.919144	Tamluk, West Bengal
TLC	Talchhapar	Rajasthan	NWR	27.824805	74.487037	Sujangarh, Rajasthan
THR	Thara	Madhya Pradesh	NCR	26.3568879	77.85074022	State Highway 2, Madhya Pradesh
THEA	Thalera	Rajasthan	WCR	25.31527697	75.73774365	Talera, Rajasthan
ALJ	ALAI	Uttarakhand	NER	29.143806	78.932709	National Highway 74, Uttarakhand
UDM	UNDASA MADHAWPU	Madhya Pradesh	WR	23.087044	75.979275	State Highway 18, Madhya Pradesh
TZR	TURKI ROAD	Madhya Pradesh	WCR	24.548879	81.117573	Rewa, Madhya Pradesh
UPI	UPLAI	Maharashtra	CR	18.184369	75.642724	State Highway 77, Maharashtra
TOD	TALOD	Gujarat	WR	23.351348	72.947961	Talod, Gujarat
BNWC	Bhiwani City	Haryana	NWR	28.8256985	76.1442991	Bhiwani, Haryana
TVR	THIRUVARUR JN	Tamil Nadu	SR	10.764347	79.633898	Thiruvarur, Tamil Nadu
TPZ	TAPRI JN	Uttar Pradesh	NR	29.915728	77.583272	Saharanpur, Uttar Pradesh
UBR	UMBARGAM ROAD	Gujarat	WR	20.153499	72.790821	Umbergaon, Gujarat
TZTB	Tezpore	Assam	NFR	26.61778136	92.78774656	Tezpur, Assam
UTL	UTARLAI	Rajasthan	NWR	25.788344	71.443638	Barmer, Rajasthan
TYMR	Tiruvanmiyur	Tamil Nadu	SR	12.989302	80.25119	Chennai, Tamil Nadu
TPK	TIPKAI	Assam	NFR	26.295354	90.047264	Dhubri, Assam
TNM	TIRUVANNAMALAI	Tamil Nadu	SR	12.238103	79.077782	Thiruvannamalai, Tamil Nadu
TVN	TIRUPPUVANAM	Tamil Nadu	SR	9.821457	78.258693	Tiruppuvanam, Tamil Nadu
TVI	Taradevi	Himachal Pradesh	NR	31.0758	77.139253	Shimla, Himachal Pradesh
TQN	TIKUNIA	Uttar Pradesh	NER	28.378823	80.981217	Tikapur Municipality, Uttar Pradesh
TYAE	TENYA	West Bengal	ER	23.822157	88.148864	Tenya, West Bengal
UMPD	Umarpada	Gujarat	WR			Umarpada to Jumavadi, Gujarat
UNI	Unai Vansada Road	Gujarat	WR			Gujarat, Gujarat
AJU	Arjuni	Maharashtra	SECR	20.81658783	80.02258162	Gondia, Maharashtra
TPC	TIRUPPACHETTI	Tamil Nadu	SR	9.773153934	78.34421749	Thiruppachethi, Tamil Nadu
TRN	TARAON	Uttar Pradesh	NER	25.526193	83.311179	Tranav Railway Station, Uttar Pradesh
TTZ	Tukaithad	Maharashtra	SCR	21.427444	76.670581	Akot, Maharashtra
VB	VILLIYAMBAKKAM	Tamil Nadu	SR	12.754406	79.929175	State Highway 58, Tamil Nadu
UCB	UNCHI BASSI	Punjab	NR	31.860857	75.643654	National Highway 1A, Punjab
UJ	UJALVAV	Gujarat	WR	21.905096	71.705115	State Highway 31, Gujarat
TNKU	TANUKU	Andhra Pradesh	SCR	16.752035	81.674075	131, Andhra Pradesh
TNRU	TENNERU	Andhra Pradesh	SCR	16.488886	80.813991	Manthena, Andhra Pradesh
TRBE	Tarabari	Assam	NFR	26.436293	92.683367	Nagaon, Assam
TTLA	TETELIA	Assam	NFR	26.135912	92.00541	Tetelia-Maloibari Rd, Assam
UIH	Umaria Ispa Halt	Madhya Pradesh	SECR	22.05530515	79.08496135	Umaria Ispa, Madhya Pradesh
ULA	Umra Nala	Madhya Pradesh	SECR	21.874783	78.879298	Umranala Station, Madhya Pradesh
TXM	TANDAVAPURA	Karnataka	SWR	12.168831	76.678489	Thandavapura, Karnataka
TSL	Taksal	Himachal Pradesh	NR	30.845271	76.954267	Parwanoo, Himachal Pradesh
TWV	Thuwavi	Gujarat	WR	22.153761	73.381517	SH 11, Gujarat
TSK	Tinsukia Junction	Assam	NFR	27.4864	95.356367	Tinsukia, Assam
KDRP	Kandarpur	Orissa	ECoR	20.396528	86.017399	Jagatsinghpur Rd, Orissa
UB	Uska Bazar	Uttar Pradesh	NER	27.189993	83.12595	State Highway 1A, Uttar Pradesh
UAM	Udagamandalam	Tamil Nadu	SR	11.404585	76.694727	Ooty, Tamil Nadu
TPP	Toppur	Tamil Nadu	SWR	11.931538	78.070201	Dharmapuri, Tamil Nadu
VDV	Vadiya Devli	Gujarat	WR	21.689791	70.853196	Vadiya, Gujarat
UKA	UKHRA	West Bengal	ER	23.653692	87.232537	Ukhra, West Bengal
UPR	USMANPUR	Maharashtra	SCR	19.532217	76.27447	D1, Maharashtra
UCP	UCHIPPULI	Tamil Nadu	SR	9.30813	79.015093	Uchipuli, Tamil Nadu
UHR	UNCHHERA	Madhya Pradesh	WCR	24.38137	80.79457	Unchhera, Madhya Pradesh
UMD	USMANABAD	Maharashtra	CR	18.248154	76.022663	National Highway 211, Maharashtra
WGA	WAGHODA	Madhya Pradesh	CR	21.255952	76.088755	East Nimar, Madhya Pradesh
UGR	UGAR KHURD	Karnataka	SWR	16.669705	74.822126	Belgaum, Karnataka
VAE	Vadali	Gujarat	WR	23.948406	73.043604	Vadali, Gujarat
VASO	Vaso	Gujarat	WR			Rampur, Gujarat
VDGN	VADGAON NILA	Maharashtra	SCR	18.929473	76.641172	State Highway 169, Maharashtra
VDNP	Baijnath Andoli	Bihar	ECR			Baijnath Andoli, Bihar
WHM	WASHIM	Maharashtra	SCR	20.103101	77.147986	Washim, Maharashtra
VEP	Velpuru Road	Andhra Pradesh	SCR			Station Rd, Andhra Pradesh
UOI	UMROLI	Maharashtra	WR	19.754447	72.760337	Boisar, Maharashtra
VLP	VILE PARLE	Maharashtra	WR	19.099274	72.84363	Mumbai, Maharashtra
VLC	Velachha	Gujarat	WR			SH 166, Gujarat
VLN	Vilegaon	Maharashtra	CR			Vilegaon, Maharashtra
VMM	Valaramanikkam	Tamil Nadu	SR			State Highway 28, Tamil Nadu
VRX	VARAHI	Gujarat	WR	23.800674	71.431296	Banaskantha, Gujarat
VOL	Virol	Gujarat	WR			Anand, Gujarat
VAPI	VAPI	Gujarat	WR	20.374338	72.909127	Valsad, Gujarat
KRNH	Karanahalli	Karnataka	SWR	13.667161	75.934385	Bangalore Honavar Rd, Karnataka
UVD	UDVADA	Gujarat	WR	20.461236	72.918698	Udvada, Gujarat
UD	UDUPI	Karnataka	KR	13.336341	74.771733	Udupi, Karnataka
VLCY	Velachery	Tamil Nadu	SR	12.967092	80.219217	Chennai, Tamil Nadu
VNN	BHANAUR	Uttar Pradesh	NR	25.57316	82.530022	State Highway 36, Uttar Pradesh
VDH	VEDCHHA	Gujarat	WR	20.874651	72.936415	Navsari, Gujarat
VAL	VADAL	Gujarat	WR	21.611243	70.492663	Vadal, Gujarat
VKA	Verka Junction	Punjab	NR	31.665699	74.931669	Amritsar, Punjab
UKN	Uklana	Haryana	NR	29.49898	75.883133	State Highway 2, Haryana
VPN	VIDYAPATINAGAR	Bihar	ECR	25.60197486	85.80234269	Raod For VIDYAPATI DHAM, Bihar
UPL	UPPALUR	Andhra Pradesh	SCR	16.492803	80.780125	Krishna, Andhra Pradesh
UNK	UNKAL	Karnataka	SWR	15.377159	75.124255	Hubli, Karnataka
ULL	ULLAL	Karnataka	SR	12.79132	74.854779	Someshwar, Karnataka
VTJ	VARTEJ	Gujarat	WR	21.746198	72.055199	Bhavnagar, Gujarat
UTN	Uttar Radhanagar Halt	West Bengal	ER	22.269458	88.383365	Sherpur Dhamua Rd, West Bengal
VDKS	Vadanam Kurussi Halt	Kerala	SR	10.788139	76.252871	Shornur Perinthalmanna Hwy, Kerala
UNA	Una	Gujarat	WR	20.819025	71.036053	Una, Gujarat
UHL	Una Himachal	Himachal Pradesh	NR	31.478782	76.27566	Una, Himachal Pradesh
UMH	Umreth	Gujarat	WR	22.693376	73.119782	Umreth, Gujarat
UGU	Ugu	Uttar Pradesh	NR	26.804338	80.299391	Unnao, Uttar Pradesh
VRH	VIRBHADRA	Uttarakhand	NR	30.074509	78.251864	Rishikesh, Uttarakhand
VSPR	BISHNUPRIYA	West Bengal	ER	23.413186	88.3552	Nabadwip, West Bengal
VRJ	Vadaj	Gujarat	WR			State Highway 160, Gujarat
VRKD	Varkhedi	Maharashtra	CR			Jalgaon, Maharashtra
VSI	Vishvamitri	Gujarat	WR			Vadodara, Gujarat
VEL	Vellanur	Tamil Nadu	SR	10.46709	78.796975	Pudukkottai, Tamil Nadu
YSI	YEDESHI	Maharashtra	CR	18.317378	75.97657	National Highway 211, Maharashtra
VUL	Virul	Maharashtra	CR			Wardha, Maharashtra
VLY	VALLIYUR	Tamil Nadu	SR	8.37616	77.61399	Vallioor, Tamil Nadu
VT	VELLORE TOWN	Tamil Nadu	SR	12.923647	79.125213	Vellore - 632008, Tamil Nadu
VKG	Vavadi Khurd	Gujarat	WR	22.79511	73.502962	National Highway 59, Gujarat
WDR	WADIARAM	Andhra Pradesh	SCR	17.972607	78.455417	Telangana Region, Andhra Pradesh
VKP	VARAKALPATTU	Tamil Nadu	SR	11.765793	79.704026	State Highway 9, Tamil Nadu
VTV	VALANTARAVAL	Tamil Nadu	SR	9.337064	78.911814	National Highway 49, Tamil Nadu
VQD	VIRAMDAD	Gujarat	WR	22.197917	69.575526	Khambhalia-Dwarka (SH 6), Gujarat
ABLE	AMBALE	Maharashtra	CR	18.398719	74.171511	Malshiras Rd, Maharashtra
WRD	Warudkhed	Maharashtra	CR			Wardha, Maharashtra
VTN	VAITARNA	Maharashtra	WR	19.517672	72.849578	Thane, Maharashtra
XBAC	Bachharpur Halt	Bihar	ECR			Bachharpur, Bihar
VNR	DEVANUR	Karnataka	SWR	13.439282	76.08846	National Highway 206, Karnataka
VKNR	VALMIKINAGAR RD	Bihar	ECR	27.195058	84.034555	National Highway 28B, Bihar
WH	WEST HILL	Kerala	SR	11.28603	75.765232	Calicut, Kerala
VVV	VAVERA	Gujarat	WR	21.062395	71.441677	Rajula-Vijapadi Rd, Gujarat
VLA	BAVLA	Gujarat	WR	22.833389	72.365123	Bavla, Gujarat
CAPE	KANYAKUMARI	Tamil Nadu	SR	8.088028	77.542504	Kanyakumari, Tamil Nadu
XSAD	SADIPUR HALT		?	24.932654	85.596052	
VNB	Vaniyambalam	Kerala	SR	11.188459	76.260513	Vaniyambalam, Kerala
VSU	BISHNUPUR	West Bengal	SER	23.065499	87.301071	Bishnupur, West Bengal
VLL	VELLAYIL	Kerala	SR	11.264509	75.77461	Calicut, Kerala
VJK	VEJALKA	Gujarat	WR	22.416769	71.719118	State Highway 38, Gujarat
VRQ	VIRARAKKIYAM	Tamil Nadu	SR	10.939107	78.165859	Verarakiyam, Tamil Nadu
ABR	ABU ROAD	Rajasthan	NWR	24.470775	72.775695	Sirohi Dist, Rajasthan
ZKV	Zankhvav	Gujarat	WR	21.45148506	73.31783893	SH 166, Gujarat
YTL	Yavatmal	Maharashtra	CR	20.38730224	78.11973327	Yavatmal, Maharashtra
VPZ	Vailapuzha	Kerala	SR	10.842076	76.252495	Vallapuzha, Kerala
VLDR	Valadar	Gujarat	WR	20.967861	70.724646	Junagadh, Gujarat
BXA	Balod	Chhattisgarh	SECR	20.740984	81.205261	Balod, Chhattisgarh
YDK	Yedekumeri	Karnataka	SWR	12.823403	75.622206	Yedukumeri Station, Karnataka
VVM	Viravasaram	Andhra Pradesh	SCR	16.542124	81.63254	Palakollu, Andhra Pradesh
VVD	Vavdi	Gujarat	WR	21.714204	70.793468	State Highway 31, Gujarat
YP	ERRUPALEM	Andhra Pradesh	SCR	16.825374	80.471049	Yerrupalem, Andhra Pradesh
AHD	AHERWADI	Karnataka	SWR	17.504915	75.99559	Sholapur, Karnataka
YGL	YELGUR	Andhra Pradesh	SCR	17.860901	79.747031	Yelgur Station, Andhra Pradesh
ALMR	ALAMPUR	Gujarat	WR	21.944013	71.699156	State Highway 31, Gujarat
WNG	WANEGAON	Maharashtra	SCR	19.1668082	77.25011038	Chudawa, Maharashtra
WANI	WANI	Maharashtra	CR	20.06638	78.962635	Wani, Maharashtra
BDM	BADAMI	Karnataka	SWR	15.958918	75.6767002	Bagalkot, Karnataka
BGK	BAGALKOT	Karnataka	SWR	16.1787931	75.7002383	Bagalkot, Karnataka
AFR	ASAFPUR	Uttar Pradesh	NR	28.405553	78.905957	Bijnor, Uttar Pradesh
WJ	WALAJABAD	Tamil Nadu	SR	12.797321	79.81837	Walajabad, Tamil Nadu
WSA	Wadsa	Maharashtra	SECR	20.624198	79.963513	Chandrapur, Maharashtra
BHTN	BHITONI	Madhya Pradesh	WCR	23.1427283	79.6740109	Jabalpur, Madhya Pradesh
AMA	ATAMANDA	Uttar Pradesh	NER	28.58606	79.468143	State Highway 37, Uttar Pradesh
ZPI	Zampini	Andhra Pradesh	SCR	16.199033	80.714008	Zampani, Andhra Pradesh
AMVA	AMARAVILA HALT	Kerala	SR	8.397109	77.100362	Thiruvananthapuram, Kerala
ACLE	AZIMGANJ CITY	West Bengal	ER	24.237941	88.258871	Police Station Rd, West Bengal
WSJ	WANSJALIYA	Gujarat	WR	21.799383	69.873569	Tarsai - Vansjaliya, Gujarat
AHU	Ahirauli	Uttar Pradesh	NER	27.30686	83.034225	State Highway 1A, Uttar Pradesh
BAY	BELLARY JN	Karnataka	SWR	15.145135	76.921995	Bellary, Karnataka
ALB	ALIA BADA	Gujarat	WR	22.44677	70.210367	Jamnagar, Gujarat
ATRU	ATRU	Rajasthan	WCR	24.8821354	76.6702185	Atru, Rajasthan
WZJ	WAZERGANJ	Bihar	ECR	24.813122	85.225637	Gaya, Bihar
BIX	BHIND	Madhya Pradesh	NCR	26.5889049	78.7774353	Bhind, Madhya Pradesh
WKRC	WANKANER CITY	Gujarat	WR	22.61181	70.956182	Wankaner, Gujarat
BBMN	BARI BRAHMAN	Jammu and Kashmir	NR	32.63896	74.916171	Bari Brahmana, Jammu and Kashmir
WENA	Wena	Bihar	ECR	25.32662398	85.53195602	Wena, Bihar
WAB	BALWA	Gujarat	WR	21.895867	69.961069	SH 126, Gujarat
BLCA	BLOCK HUT BEAS			32.101414	75.614477	
ZB	Zahirabad	Andhra Pradesh	SCR	17.674958	77.610213	Dist. Medak, Andhra Pradesh
ZP	Zarpur Pali	Haryana	NWR	28.281073	76.14827	Road to Nangal Mala, Haryana
BJN	Bejnal	Rajasthan	NWR	24.983198	73.914959	Rajsamand, Rajasthan
BGKT	BHAGAT KI KOTHI	Rajasthan	NWR	26.2484972	73.0133366	Jodhpur, Rajasthan
KRNN	Karnauti Halt			25.39629157	85.5470489	
VXM	Vellipalayam	Tamil Nadu	SR	10.775837	79.843856	Nagapattinam, Tamil Nadu
AMDI	Amdi Halt	Maharashtra	SECR	21.35241	79.318756	Amadi, Maharashtra
BISH	Bishengarh	Rajasthan	NWR	25.448874	72.5752165	Jalor, Rajasthan
YDV	Yadvendranagar	Uttar Pradesh	NER	25.756558	82.75141	Yadvendranagar, Uttar Pradesh
YDP	Yedapalli	Andhra Pradesh	SCR	18.678662	77.952866	Telangana Region, Andhra Pradesh
YEAM	Yogendra Dham Halt	Uttar Pradesh	NER	27.454598	81.728543	Yogendra Dham, Uttar Pradesh
AKW	Akora	Uttar Pradesh	NCR	25.613687	80.139995	National Highway 86, Uttar Pradesh
ALV	Anklav	Gujarat	WR	22.392856	72.999264	Anklav, Gujarat
BSS	BAHADUR SINGH WALA	Punjab	NR	30.319025	75.858906	SH 11, Punjab
AZ	AZIMGANJ JN	West Bengal	ER	24.219053	88.256764	Police Station Rd, West Bengal
ARAG	ARAG	Maharashtra	CR	16.823628	74.791164	Jath Rd, Maharashtra
BEU	Bisheshwarganj	Uttar Pradesh	NER	27.341282	81.833817	Bisheshwarganj, Uttar Pradesh
BSI	BASBARI	Assam	NFR	26.184354	89.900353	Dhubri Kochugaon Rd, Assam
BPR	BHOJIPURA JN	Uttar Pradesh	NER	28.4939826	79.44724	SH 37, Uttar Pradesh
APD	Alipur Duar	West Bengal	NFR	26.479307	89.520667	Alipurduar, West Bengal
BHX	BULLUANA	Punjab	NR	30.217553	74.78304	Balluana, Punjab
BIM	BILIMORA JN	Gujarat	WR	20.763319	72.970474	Bilimora, Gujarat
BKC	BHIKAMKOR	Rajasthan	NWR	26.80763	72.787203	Jodhpur, Rajasthan
BMO	BOLARUM	Andhra Pradesh	SCR	17.5335493	78.5154167	Secunderabad, Andhra Pradesh
BLZ	BUDHLADA	Punjab	NR	29.9217422	75.5496866	Budhlada, Punjab
BHLK	Bhalki	Karnataka	SCR	18.0470111	77.228081	Bhalki, Karnataka
BDU	BADNAPUR	Maharashtra	SCR	19.873979	75.722483	Jalna, Maharashtra
BMQ	BHIMARLAI	Rajasthan	NWR	25.89293086	71.88173556	National Highway 112, Rajasthan
BNP	BHANAPUR	Karnataka	SWR	15.38694828	76.036416	National Highway 63, Karnataka
BLT	BALOTRA JN	Rajasthan	NWR	25.830071	72.248683	Balotra, Rajasthan
BFV	BAHELIA BUZURG	Uttar Pradesh	NER	28.046924	80.512537	Bahelia Buzurg, Uttar Pradesh
BHBR	Bathua Bazar	Uttar Pradesh	NER	26.49683036	84.2321794	Phulwaria, Uttar Pradesh
BTKP	BHARAT KUP	Uttar Pradesh	NCR	25.217166	80.767679	Chitrakoot, Uttar Pradesh
BIK	BHIRA KHERI	Uttar Pradesh	NER	28.334799	80.486132	Lakhimpur Kheri, Uttar Pradesh
BAOL	BAOLI	Uttar Pradesh	NR	29.14045704	77.27801535	Bagpat, Uttar Pradesh
BTX	BELA TAL	Uttar Pradesh	NCR	25.27678625	79.55448189	Chhatarpur, Uttar Pradesh
BOM	BOMADRA	Rajasthan	NWR	25.78029392	73.43942509	Pali Marwar, Rajasthan
BSPX	Banspani	Orissa	SER	22.00024281	85.42341227	National Highway 215, Orissa
BIB	Birpur	Rajasthan	NCR	26.155568	77.174223	State Highway 2, Rajasthan
ARU	Arasalu	Karnataka	SWR	13.999309	75.314466	Arasalu, Karnataka
MPC	Muttampatti	Tamil Nadu	SWR	11.984107	78.152895	Dharmapuri, Tamil Nadu
BAJ	Bhalej	Gujarat	WR	22.63303	73.034499	Bhalej, Gujarat
AWM	Aswapuram	Andhra Pradesh	SCR	17.821267	80.80126	Sarapaka, Andhra Pradesh
AVP	Abhanpur Junction	Chhattisgarh	SECR	21.052203	81.744899	Raipur, Chhattisgarh
BDXX	Bade Arapur	Chhattisgarh	ECoR	19.011494	81.837917	Bade Arapur, Chhattisgarh
BGRD	Beliaghata Road	West Bengal	ER	22.674548	88.607005	State Highway 2, West Bengal
ANI	Ajanti	Madhya Pradesh	WR	21.893954	76.285956	East Nimar, Madhya Pradesh
BUT	BAYTU	Rajasthan	NWR	25.897538	71.76868	State Highway 40, Rajasthan
BMGA	BHIMGARA	West Bengal	ER	23.73804814	87.28427905	Birbhum, West Bengal
BLTR	BELTHARA ROAD	Uttar Pradesh	NER	26.121418	83.841719	Belthara, Uttar Pradesh
BKNG	BHAKTI NAGAR	Gujarat	WR	22.282963	70.792278	Rajkot, Gujarat
DEP	Depalsar	Rajasthan	NWR	28.2368573	74.9203375	Churu, Rajasthan
BKD	Bhankoda	Gujarat	WR	23.27081088	72.1277774	State Highway 138, Gujarat
DHJ	DHINOJ	Gujarat	WR	23.6710024	72.2818798	Dhinoj, Gujarat
BCY	VARANASI CITY	Uttar Pradesh	NER	25.3341176	83.0141142	Varanasi, Uttar Pradesh
BNE	BOHANI	Madhya Pradesh	WCR	22.91374764	78.9159774	Narsinghpur, Madhya Pradesh
DDR	MUMBAI DADAR WEST	Maharashtra	WR	19.019731	72.843465	Mumbai, Maharashtra
BNC	BANGALORE CANT	Karnataka	SWR	12.9936735	77.5993269	Bengaluru, Karnataka
BSPH	BISHANPUR HARYANA	Haryana	NR	29.274012	76.323906	Bishanpur, Haryana
BQY	BELERHAT	West Bengal	ER	23.51930706	88.28291748	State Highway 6, West Bengal
DGW	DHIGAWARA	Rajasthan	NWR	27.296265	76.613599	Baswa, Rajasthan
BXJ	BOKAJAN	Assam	NFR	26.018426	93.779466	Bokajan, Assam
BOJ	BHOJO	Assam	NFR	27.0635982	95.032406	Bhojo Railway Station, Assam
BDTS	MUMBAI BANDRA TERMINUS	Maharashtra	WR	19.061911	72.840535	Mumbai, Maharashtra
BLPR	Badulipar	Assam	NFR	26.646825	93.879129	Badulipar, Assam
BBC	Bhachhbar	Rajasthan	NWR	25.73181	71.044404	State Highway 40, Rajasthan
BNKJ	BANKE GANJ	Uttar Pradesh	NER	28.158478	80.416286	Lakhimpur Kheri, Uttar Pradesh
DIA	Didwana	Rajasthan	NWR	27.406108	74.557656	Didwana, Rajasthan
BNV	BINNAGURI	West Bengal	NFR	26.7470883	89.0523909	National Highway 31C, West Bengal
DLO	DALGAON	West Bengal	NFR	26.715384	89.136244	Birpara, West Bengal
BOKO	BOKO	Assam	NFR	25.999791	91.219674	National Highway 37, Assam
DKX	Dudhwakhara	Rajasthan	NWR	28.4587	75.165315	National Highway 65, Rajasthan
BRW	Bariwala	Punjab	NR	30.53258	74.658953	Mandi Bariwala, Punjab
BRAM	BALARAMAPURAM	Kerala	SR	8.430107451	77.05132088	Balaramapuram, Kerala
CBU	Chinna Babu Samudram	Tamil Nadu	SR	11.919465	79.686417	Villupuram, Tamil Nadu
DKBJ	Dahar Ka Balaji	Rajasthan	NWR	26.944321	75.765669	Jaipur, Rajasthan
CAF	Chanda Fort	Maharashtra	SECR	19.9400612	79.3122585	Chandrapur, Maharashtra
BRMP	Biramitrapur	Orissa	SER	22.3971312	84.7369583	Birmitrapur, Orissa
BJY	Bangalbaree	West Bengal	NFR	25.626454	88.229425	State Highway 10A, West Bengal
DMW	Dalmau Junction	Uttar Pradesh	NR	26.07525	81.05365	Dalmau, Uttar Pradesh
BRDT	BERIA DAULAT	Uttarakhand	NER	29.13221	79.210042	National Highway 74, Uttarakhand
DUM	DHAURMUI JAGHNA	Rajasthan	WCR	27.292281	77.536538	State Highway 33, Rajasthan
ALK	ALAKKUDI	Tamil Nadu	SR	10.77766297	79.0537095	Alakudi, Tamil Nadu
BHNS	Bhansi	Chhattisgarh	ECoR	18.77690197	81.26535758	Dhurli-Basenpur Rd, Chhattisgarh
DY	DUMARIYA	Rajasthan	WCR	26.864673	77.234121	State Highway 1, Rajasthan
GLNA	GULANA	Rajasthan	NWR	27.10333	76.564974	State Highway 25, Rajasthan
BWR	BARWA SAGAR	Uttar Pradesh	NCR	25.351848	78.731628	Jhansi(0510-2440441), Uttar Pradesh
CDI	CHANDNI	Madhya Pradesh	CR	21.427164	76.350657	East Nimar, Madhya Pradesh
BUBT	BURAHA BHARTHA	Uttar Pradesh	NCR	27.108219	78.670329	Buraha Bharthara, Uttar Pradesh
GHG	GHAGGHAR	Punjab	NR	30.61114494	76.84804777	National Highway 22, Punjab
GGR	GANGRAR	Rajasthan	NWR	25.061279	74.624757	Gangrar, Rajasthan
DJA	DAOTUHAJA	Assam	NFR	25.227501	93.162162	National Highway 54, Assam
DHP	DICHPALLI	Andhra Pradesh	SCR	18.613288	78.194667	Dichpalli, Andhra Pradesh
DMA	DAMODAR JUNCTION	West Bengal	SER	23.651021	86.908517	Bardhaman, West Bengal
BYD	BYADGI	Karnataka	SWR	14.699723	75.49009547	National Highway 4, Karnataka
ARCL	ARUNACHAL	Assam	NFR	24.855593	92.742995	Cachar, Assam
BZ	BHARUR	Punjab	NR	30.16500684	75.81561042	Sunam, Punjab
GIN	GINIGERA	Karnataka	SWR	15.348226	76.247613	Ginigera, Karnataka
BVR	BANAVAR	Karnataka	SWR	13.39569882	76.14005375	National Highway 234, Karnataka
DPRA	DHUP DHARA	Assam	NFR	25.979779	91.066009	National Highway 37, Assam
DWR	DHARWAR	Karnataka	SWR	15.440386	75.004552	Dharwad, Karnataka
DNPR	Dhanpura	Gujarat	WR	23.453415	72.212366	State Highway 133, Gujarat
FKG	FURKATING JN	Assam	NFR	26.465652	94.002692	K B Rd, Assam
BWB	BAGWALI	Punjab	NWR	30.033152	74.772519	National Highway 64, Punjab
BVP	BHAVANAGAR PARA	Gujarat	WR	21.77089	72.118682	Bhavnagar, Gujarat
BVC	BHAVNAGAR TERMINUS	Gujarat	WR	21.781668	72.141059	Bhavnagar, Gujarat
DOY	Dornahalli	Karnataka	SWR	12.433086	76.42625	Dornahalli, Karnataka
BXY	Bordhal	Madhya Pradesh	CR	21.997011	78.348164	Amla, Madhya Pradesh
DGHA	Digha Flag Station	West Bengal	?	21.622377	87.507655	State Highway 57, West Bengal
KRNR	Krishnarajanagara	Karnataka	SWR	12.4454105	76.3886269	Krishnarajanagara, Karnataka
GTP	Ghatpuri	Uttar Pradesh	NER	28.125246	79.205936	State Highway 33, Uttar Pradesh
DLX	Dalimgaon	West Bengal	NFR	25.640548	88.3863	Dhankoil to Dalimgaoun, West Bengal
BSLA	Bhasila	West Bengal	ER	22.665494	88.658545	Bhasila Railway Station, West Bengal
DJKR	Dolaji Ka Khera	Rajasthan	NWR	25.537166	73.882498	Pali, Rajasthan
GUU	GUNDRATIMADUGU	Andhra Pradesh	SCR	17.532281	80.079953	Mahbuababad-Badrachalam Rd, Andhra Pradesh
FSP	FATEH SINGHPURA	Rajasthan	WCR	26.82161013	77.14696108	State Highway 1, Rajasthan
DRA	DULARIA	Madhya Pradesh	WCR	22.575661	77.654362	Itarsi, Madhya Pradesh
SKDM	SIKRODA MINA			26.722854	77.002212	
GNR	GADIGANURU	Karnataka	SWR	15.219036	76.599178	Bellary, Karnataka
DRSN	DHURWASIN	Madhya Pradesh	SECR	23.129052	81.845641	Parasi, Madhya Pradesh
GUP	GAURIPUR	Assam	NFR	26.078321	89.952056	Gauripur, Assam
GALE	GANKAR	West Bengal	ER	24.40480412	88.0728944	Gankar, West Bengal
HKL	HARKIA KHAL	Rajasthan	WR	24.363234	74.919665	State Highway 31, Rajasthan
GDPL	GUNDLA POCHAMPALLI	Andhra Pradesh	SCR	17.568097	78.488371	Rangareddy, Andhra Pradesh
FLM	Falimari	West Bengal	NFR	26.0707762	89.5868746	Falimari, West Bengal
J	JALNA	Maharashtra	SCR	19.830781	75.893142	Jalna, Maharashtra
JGD	Jagadishpur	Jharkhand	ER	24.273027	86.525172	Jagadishpur, Jharkhand
GTWD	Ghatwad	Gujarat	WR	20.92654	70.749611	Junagadh, Gujarat
GNB	JNANA BHARTI HALT	Karnataka	SWR	12.935329	77.511242	Mysore Road Bengaluru, Karnataka
GHNA	GOHANA	Haryana	NR	29.140297	76.689378	Gohana, Haryana
DWI	DINGWAHI	Uttar Pradesh	NCR	25.416805	80.414159	National Highway 76, Uttar Pradesh
GLBN	GUJRAN BALWA	Uttar Pradesh	NR	29.40680141	77.30136462	State Highway 57, Uttar Pradesh
DSR	DHANSIRI	Nagaland	NFR	25.810836	93.613598	Bridge, Nagaland
GK	GOLA GOKARANATH	Uttar Pradesh	NER	28.084651	80.475468	Gola, Uttar Pradesh
DZA	DASUYA	Punjab	NR	31.80853	75.657932	Dasuya, Punjab
SRPJ	SWARUPGANJ	Rajasthan	NWR	24.65817026	72.93192594	Sirohi Road, Rajasthan
HNS	Hansi	Haryana	NWR	29.088277	75.947241	Hissar, Haryana
HYL	Hadyal	Rajasthan	NWR	28.526883	75.265041	MDR 97, Rajasthan
GDO	Goverdhan	Uttar Pradesh	NCR	27.520546	77.461643	Mathura District, Uttar Pradesh
JBS	Jadoli Ka Bas	Rajasthan	NCR	27.539231	76.880759	Alwar, Rajasthan
FZP	Firozpur City	Punjab	NR	30.962007	74.600792	Firozpur, Punjab
EKN	Ezhukone	Kerala	SR	8.979143	76.715068	Kollam-Tirumangalam Rd, Kerala
GSR	Garhshankar	Punjab	NR	31.21799	76.142417	Garhshankar, Punjab
GOPA	Ghosipura	Madhya Pradesh	NCR	26.215133	78.150553	Gwalior, Madhya Pradesh
URGA	Urga	Chhattisgarh	SECR	22.265792	82.736062	Korba, Chhattisgarh
GGV	Ghovarash Ghona	West Bengal	ER	22.651678	88.782892	Ghoraras Ghona, West Bengal
GRMR	Garhi Manikpur	Uttar Pradesh	NR	25.786329	81.403153	Garhi Manikpur, Uttar Pradesh
DTQ	Dantarda Kalan	Madhya Pradesh	NCR	25.7633	76.714031	State Highway 6, Madhya Pradesh
JLQ	JALPUR	Uttar Pradesh	?	29.012364	78.870355	MDR 65W, Uttar Pradesh
HRV	HARRAD	Madhya Pradesh	SECR	23.161136	81.90404	Shahdol, Madhya Pradesh
HRNR	HIRA NAGAR	Jammu and Kashmir	NR	32.487007	75.268733	Hiranagar, Jammu and Kashmir
JKM	JANKAMPET JN	Andhra Pradesh	SCR	18.70264	78.05386	Nizamabad, Andhra Pradesh
JOC	JOYCHANDI PAHAR	West Bengal	SER	23.516393	86.680339	Purulia, West Bengal
HIR	HARINAGAR	Bihar	ECR	27.156647	84.324507	Ramnagar, Bihar
JCNR	JUCHANDRA	Maharashtra	CR	19.35986171	72.87245142	NH 8, Maharashtra
JKNI	Jharkhandi	Uttar Pradesh	NER	27.43305075	82.17975597	MDR 10E, Uttar Pradesh
HAD	HARIPPAD	Kerala	SR	9.279602	76.462229	Haripad 0479-2412714, Kerala
HMPR	HURMUJPUR HALT	Maharashtra	CR	25.721525	83.352275	Maharashtra, Maharashtra
JIL	JALILA ROAD	Gujarat	WR	22.23946	71.820315	Botad, Gujarat
ITE	Intiyathok	Uttar Pradesh	NER	27.27555286	82.02544158	MDR 10E, Uttar Pradesh
JALD	JALIYA DEVANI	Gujarat	WR	22.420183	70.399597	Ranuja Village Rd, Gujarat
KDQ	KADIPUR	Uttar Pradesh	NER	25.44872	83.091303	National Highway 29, Uttar Pradesh
IDGJ	IRADATGANJ	Uttar Pradesh	NCR	25.317889	81.819281	Allahabad, Uttar Pradesh
HM	HADMATIYA JN	Gujarat	WR	22.42790534	70.47043762	State Highway 98, Gujarat
JGE	JAGANNATH TEMPLE GATE	Kerala	SR	11.737975	75.507837	Mahe, Kerala
HATI	HATI	Madhya Pradesh	WCR	24.68924	80.843299	MDR 11, Madhya Pradesh
HLK	HOLALKERE	Karnataka	SWR	14.03815796	76.13005447	National Highway 13, Karnataka
JSV	JARANDESHWAR	Maharashtra	CR	17.75076679	74.07731983	SH 61, Maharashtra
KCI	Kallkiri	Andhra Pradesh	SCR	13.643625	78.801131	Punganur Rd, Andhra Pradesh
KRNU	KONANUR	Karnataka	SWR	12.025334	76.809835	Nanjungudu-Chamarajanagara Rd, Karnataka
KEX	KHEKRA	Uttar Pradesh	NR	28.8715	77.288916	Tronica City, Uttar Pradesh
SWNI	Siwani	Rajasthan	NWR	28.91483537	75.60406693	National Highway 65, Rajasthan
JRT	JARTI	Orissa	?	18.890456	82.665101	Jarti Station, Orissa
HDK	HANDIA KHAS	Uttar Pradesh	NER	25.357472	82.18941	Handia, Uttar Pradesh
JJP	Jhanjharpur	Bihar	?	26.228493	86.267833	Madhubani, Bihar
JRKN	Jorkian	Rajasthan	NWR	29.8325238	74.2221512	Hanumangarh, Rajasthan
KCV	Krishnachandrapur	Orissa	SER	21.824613	86.82005	Mayurbhanj, Orissa
JSC	Jalesar City	Uttar Pradesh	NCR	27.459871	78.30634	Jalesar, Uttar Pradesh
HRO	Harua Road	West Bengal	ER	22.661628	88.689994	Harua Road Railway Station, West Bengal
ASTG	Astegaon			21.296402	77.927221	
IKR	Iklehra	Madhya Pradesh	CR	22.207929	78.711385	Dongar Parasia, Madhya Pradesh
JKZ	Jitakheri	Haryana	?	29.01177864	75.98737095	Bhiwani, Haryana
HHT	Habanghata	Karnataka	SWR	13.22684857	76.24952204	Habanghata, Karnataka
KLM	KADLIMATTI	Karnataka	SWR	16.236489	75.796092	State Highway 20, Karnataka
KDHA	KARCHHA	Madhya Pradesh	WR	23.10481896	75.90984252	State Highway 18, Madhya Pradesh
KDF	KHUNDAUR	Uttar Pradesh	NR	26.020077	82.015054	Ramapur Railway Station, Uttar Pradesh
KJU	KUNTIGHAT	West Bengal	ER	23.016799	88.413149	Kuntighat Railway Station, West Bengal
KTPK	KOTHA PAKKI	Rajasthan	NR	30.143767	73.966186	National Highway 15, Rajasthan
KLWL	KILANWALI PUNJAB	Punjab	NR	30.137221	74.11242	National Highway 15, Punjab
KHRS	KHARESHWAR ROAD	Gujarat	WR	23.06278514	71.98047194	State Highway 7, Gujarat
KCP	Kalgupur	Karnataka	SCR	18.163878	77.19175	Hulsoor, Karnataka
KJTW	KAJGAON TERHWAN	Uttar Pradesh	NR	25.685669	82.70545	Kajgaon, Uttar Pradesh
KIP	KHALILPUR	Haryana	NR	28.274856	76.678362	State Highway 26, Haryana
KHU	KHURHAND	Uttar Pradesh	NCR	25.352584	80.49498	Atarra, Uttar Pradesh
KAW	KHAJRI	Madhya Pradesh	WCR	25.563234	77.617075	Shivpuri, Madhya Pradesh
KOV	KIRLOSKARVADI	Maharashtra	CR	17.084152	74.416358	Sangli, Maharashtra
KDJR	Kendujhargarh	Orissa	ECoR	21.66029	85.626905	Kendujhar, Orissa
TKRA	Tikra Ph	West Bengal	?	21.66408	87.531081	State Highway 4, West Bengal
KHMA	Khatima	Uttarakhand	NER	28.915441	79.969431	Khatima, Uttarakhand
KRW	KHARWA	Rajasthan	NWR	26.204384	74.42653	Ajmer, Rajasthan
KMDR	KARIMUDDIN PUR	Uttar Pradesh	NER	25.700369	83.860581	Karimdinpur, Uttar Pradesh
KRD	KARAD	Maharashtra	CR	17.310011	74.215686	Satara, Maharashtra
KMAH	KAMATHE	Maharashtra	KR	17.477292	73.515552	Maharashtra, Maharashtra
KLDI	KALDHARI	Andhra Pradesh	SCR	16.837853	81.678046	Kaldhari Main Rd, Andhra Pradesh
KMP	KAMLAPUR	Uttar Pradesh	NER	27.378437	80.822278	Kamalpur, Uttar Pradesh
KN	KADALUNDI	Kerala	SR	11.133481	75.828033	Kozhikode district, Kerala
KFK	KATKA	Uttar Pradesh	NER	25.250251	82.634249	Mirzapur, Uttar Pradesh
KKLU	Kaklur	Chhattisgarh	ECoR	18.883305	81.619792	Kaklur, Chhattisgarh
JVL	Jamwala	Gujarat	WR	20.971057	70.772358	Junagadh, Gujarat
KOF	Marwar Kori	Rajasthan	NWR	24.9119408	72.27383957	Jalor, Rajasthan
JTV	Jetalvad	Gujarat	WR	21.35276	70.824718	Junagadh, Gujarat
KLSX	Kaulseri	Punjab	NR	30.369503	75.941435	Sherpur Sodhian, Punjab
KNJ	Krishnanagar City Junction	West Bengal	ER	23.388714	88.493636	Krishnanagar, West Bengal
KTK	KYATANEAKERI RD	Karnataka	SWR	17.05336	75.821206	Bijapur, Karnataka
LNK	LOHIAN KHAS JN	Punjab	NR	31.165462	75.196445	Malsian Rd, Punjab
LSD	LUSADIYA	Gujarat	NWR	23.68541	73.421111	Lusadiya, Gujarat
SPPR	SHUDNIPUR	Uttar Pradesh	NR	25.626255	82.640498	State Highway 5, Uttar Pradesh
LGT	LANGTING	Assam	NFR	25.49759	93.110265	Langting, Assam
KRR	KARUR	Tamil Nadu	SR	10.965642	78.085087	Karur, Tamil Nadu
KWMD	KUMBHAWAS MUNDA	Haryana	NR	28.255391	76.660871	Kumbhawas, Haryana
KU	KULIKARAI	Tamil Nadu	SR	10.766395	79.579324	Thiruvarur - Mannargudi Rd, Tamil Nadu
KRTL	Kartauli	Uttar Pradesh	NER	28.3110435	79.4276183	State Highway 33, Uttar Pradesh
KUND	Kund	Haryana	NWR	28.14518376	76.3984808	State Highway 26, Haryana
MCQ	MIRCHADHORI	Madhya Pradesh	ECR	24.291847	82.793413	National Highway 75, Madhya Pradesh
BDO	Bahalda Road	Orissa	SER			Mayurbhanj, Orissa
KSNR	KHUSHAL NAGAR	Uttar Pradesh	NER	26.98777533	83.69839251	Ghughli Bazar, Uttar Pradesh
KYNT	KALYANKOT	Rajasthan	NWR	29.298805	73.637024	Kalyankot, Rajasthan
LXR	LUNSERIYA	Gujarat	WR	22.585491	71.036258	State Highway 113, Gujarat
LP	LALAPET	Tamil Nadu	SR	10.95132	78.339233	NH 67, Tamil Nadu
KQL	KANDHLA	Uttar Pradesh	NR	29.324701	77.293239	MDR 22W, Uttar Pradesh
KZI	KHANDRAWALI	Uttar Pradesh	NR	29.38258466	77.29388488	State Highway 57, Uttar Pradesh
KXL	KAMARBANDHA ALI	Assam	NFR	26.529561	94.056352	K B Rd, Assam
LGH	LALGARH JN	Rajasthan	NWR	28.043638	73.313909	Bikaner, Rajasthan
LH	LAHING	Assam	NFR	26.74120136	94.4371491	Mudoijan, Assam
KRKD	KARAKKAD	Kerala	SR	10.782804	76.227856	Kondayur Rd, Kerala
LMP	LAKHIMPUR	Uttar Pradesh	NER	27.947414	80.777625	Lakhimpur, Uttar Pradesh
MBB	Murshidabad	West Bengal	ER	24.176964	88.281598	Berhampore, West Bengal
KUX	Khirsadoh Junction	Madhya Pradesh	CR	22.14045	78.798394	Chhindwara, Madhya Pradesh
KWGN	Kawargaon	Chhattisgarh	ECoR	18.896086	81.533522	Kawargaon, Chhattisgarh
LBW	Laiburwa Halt	Uttar Pradesh	NER	27.52604204	82.46834458	Laiburwa, Uttar Pradesh
MLGH	Mandalgarh	Rajasthan	WCR	25.194176	75.08094	Mandalgarh, Rajasthan
LAU	Ladnun	Rajasthan	NWR	27.64255	74.4056	Ladnun, Rajasthan
MLKA	Maluka	Jharkhand	SER	22.202912	85.672936	Jaipur, Jharkhand
MLZ	MALARNA	Rajasthan	WCR	26.231078	76.534634	Sawai Madhopur, Rajasthan
MPJ	Madanpur	West Bengal	ER	23.005928	88.489717	Madanpur, West Bengal
MPT	Mangalampeta	Andhra Pradesh	SCR	13.568344	79.074022	Naravari Palle Rd, Andhra Pradesh
MCV	MACHARYA	Uttar Pradesh	NR	28.772575	78.803702	Kundarkhi, Uttar Pradesh
MDSA	Modasa	Gujarat	WR	23.451923	73.304944	way to railwaystation, Gujarat
MFJ	Muftiganj	Uttar Pradesh	NER	25.700913	82.827774	Jaunpur, Uttar Pradesh
MOMU	Molakalmuru	Karnataka	SWR	14.709669	76.745727	State Highway 19, Karnataka
MOT	MALOUT	Punjab	NR	30.184671	74.495508	Malaut, Punjab
MMP	MAMBALAPPATTU JN	Tamil Nadu	SR	11.95223333	79.37390499	Mambalapattu, Tamil Nadu
MFX	MADARAHA	Uttar Pradesh	NCR	25.273637	81.764284	National Highway 76, Uttar Pradesh
MJHR	MAJHIARI	Uttar Pradesh	NCR	25.17898431	81.51883303	National Highway 76, Uttar Pradesh
MJG	MAJHAGAWAN	Madhya Pradesh	WCR	24.913389	80.811656	Majhgawa, Madhya Pradesh
MQZ	MOTA JADRA	Gujarat	WR	21.082538	71.704462	Mota Jadra Rd, Gujarat
MNKN	MANIKALAN HALT	Uttar Pradesh	NR	25.917549	82.691157	Nawab Yousuf Rd, Uttar Pradesh
MOG	MOHIUDDINNAGAR	Bihar	ECR	25.60629639	85.70332323	Samastipur, Bihar
MGC	MUGAT	Maharashtra	SCR	19.17485	77.427262	Nanded, Maharashtra
MVI	MORBI	Gujarat	WR	22.825342	70.829277	Morbi, Gujarat
MOB	MANOHARABAD	Andhra Pradesh	SCR	17.75573	78.454396	Medak, Andhra Pradesh
MLW	Mallanwan	Uttar Pradesh	NR	27.03623796	80.15833492	Mallawan, Uttar Pradesh
MPN	Madhyampur	West Bengal	ER	22.619981	88.896007	Madhyampur Railway Station, West Bengal
MDLL	MUDDALINGAHALLI	Karnataka	SWR	13.2391442	77.30474036	NH 207, Karnataka
MAQ	MANGALORE CNTL	Karnataka	SR	12.862325	74.844068	Mangalore, Karnataka
MBP	MOHIBULLAPUR	Uttar Pradesh	NER	26.909235	80.938923	Aliganj, Uttar Pradesh
MANW	MANWA	Uttar Pradesh	NER	27.218852	80.849604	Manwa, Uttar Pradesh
MGLP	MANGOLPURI	Delhi NCT	NR	28.68324578	77.09057445	Outter Ring Rd, Delhi NCT
MLAR	MALANPUR	Madhya Pradesh	NCR	26.413118	78.272811	National Highway 3, Madhya Pradesh
MHF	Mohari Junction	Rajasthan	NCR	26.70055271	77.55378492	State Highway 43, Rajasthan
MEJ	VANCHIMANIYACHI	Tamil Nadu	SR	8.882103	77.890651	Thoothukudi, Tamil Nadu
MTPR	Raimehatpur	Himachal Pradesh	NR	31.405747	76.324311	Mehatpur, Himachal Pradesh
MNSR	MANAKSAR	Rajasthan	NWR	29.680074	74.383621	Hanumangarh, Rajasthan
MRZA	MIRZA	Assam	NFR	26.07275129	91.51740115	National Highway 37, Assam
MJ	MARWAR JN	Rajasthan	NWR	25.720479	73.609301	Marwar Junction, Rajasthan
MRDD	Mordar	Madhya Pradesh	SCR	21.74264	76.449244	Khandwa, Madhya Pradesh
MWK	Mordad Tanda	Maharashtra	CR	20.68819	74.904782	State Highway 22, Maharashtra
MHRG	Mahendragarh	Haryana	NWR	28.281433	76.14863	Mahendragarh, Haryana
MUV	MANDUADIH	Uttar Pradesh	NER	25.300001	82.972079	Varanasi, Uttar Pradesh
MKT	Mukhtiar Balwar	Madhya Pradesh	WR	22.398362	75.973751	SH 27, Madhya Pradesh
MEKM	Melakkonnakkulam	Tamil Nadu	SR	9.724593	78.466557	National Highway 226, Tamil Nadu
MJZ	Majhola Pakarya	Uttarakhand	NER	28.831681	79.899341	State Hiughway 29, Uttarakhand
MGWD	Mahngarwal Doaba	Punjab	NR	31.325405	76.088969	Mahngarwal Doaba, Punjab
MKM	Marikuppam	Karnataka	SWR	12.918968	78.263789	Kolar Gold Fields, Karnataka
MVW	Mallividu	Andhra Pradesh	ECoR	17.971931	83.172858	Coastal Andhra Region, Andhra Pradesh
MYD	MANDERDISA	Assam	NFR	25.707319	93.123109	Diakkawn Rd, Assam
NKD	NEKONDA	Andhra Pradesh	SCR	17.794878	79.804593	Nekkonda, Andhra Pradesh
NRNR	Nurnagar	Uttar Pradesh	NR	28.915414	77.712989	Meerut, Uttar Pradesh
PBW	PANTNAGAR	Uttarakhand	NER	29.017708	79.51778	Pantnagar, Uttarakhand
NDBT	NANDPUR BHATAULI	Himachal Pradesh	NR	32.013177	76.115499	Nandpur Bhatauli, Himachal Pradesh
NRVR	NARAINA VIHAR	Delhi NCT	NR	28.6376791	77.14159666	Inderpuri, Delhi NCT
MXR	MAHUR	Assam	NFR	25.187996	93.126299	North Cachar Hills, Assam
MZGI	MANZURGARHI	Uttar Pradesh	NCR	27.96429	78.10663	Aligarh, Uttar Pradesh
SURI	SIURI	West Bengal	ER	23.890185	87.5327	Siuri, West Bengal
MTA	MATHELA	Madhya Pradesh	WCR	21.88025616	76.38997105	East Nimar, Madhya Pradesh
NLI	NAMLI	Madhya Pradesh	WR	23.455521	75.067161	Namli, Madhya Pradesh
NBH	NIMBAHERA	Rajasthan	WR	24.623252	74.694312	Nimbahera, Rajasthan
NNE	NONERA	Madhya Pradesh	NCR	26.437569	78.333363	National Highway 92, Madhya Pradesh
NCJ	NAGERCOIL JN	Tamil Nadu	SR	8.17385	77.44347	Nagercoil, Tamil Nadu
NB	NIMBHORA	Maharashtra	CR	21.160781	75.975186	Jalgaon, Maharashtra
NEW	NIVARI	Uttar Pradesh	NCR	25.328061	78.82007	Jhansi, Uttar Pradesh
RSWN	RAMESHWAR NAGAR			26.980403	84.520106	
NVF	NAGAVANGALA	Karnataka	SWR	13.661093	75.987163	Melanahalli Rd, Karnataka
MZA	MEZENGA S	Assam	NFR	26.884475	94.679344	Nazira Ali, Assam
NWH	Nawalgarh	Rajasthan	NWR	27.84401743	75.24608318	Jhunjhunu, Rajasthan
NHK	NAHARKATIYA	Assam	NFR	27.289403	95.329775	Naharkatiya, Assam
NDW	Nadwan	Bihar	ECR	25.39668693	85.06567372	National Highway 83, Bihar
MUGR	Manuguru	Andhra Pradesh	SCR	17.925272	80.799034	Telangana Region, Andhra Pradesh
NNNL	NANDANI LAGUNIA	Bihar	ECR	25.62540805	85.63137545	Mahnar Bhartendunagar Rd, Bihar
MTNL	MUTTARASANALLUR	Tamil Nadu	SR	10.86586	78.648401	Nagappattinam - Gundlupet Road(Vandikara Street), Tamil Nadu
NRI	NARAINA	Rajasthan	NWR	26.796464	75.193029	Ajmer, Rajasthan
NIDI	NIDI	Maharashtra	CR	18.472247	73.106567	Roha, Maharashtra
NTU	NIGATPUR	Uttar Pradesh	NER	25.251216	82.758511	Mirzapur, Uttar Pradesh
NIV	NIVASAR	Maharashtra	KR	16.946588	73.454552	Ratnagiri, Maharashtra
PDD	PADUBIDRI	Karnataka	KR	13.197027	74.768165	Muloor, Karnataka
NBU	NARASAMBUDHI	Karnataka	SWR	12.104692	76.701805	Nanjangud Taluk, Karnataka
NAG	NAGARGALI	Karnataka	SWR	15.42455437	74.62135307	State Highway 34, Karnataka
NGW	Nauganwan	Madhya Pradesh	WR	23.414388	75.1892654	Ratlam, Madhya Pradesh
NUH	Naugarh	Uttar Pradesh	NER	27.27503	83.088299	Naugarh, Uttar Pradesh
PDPH	Padapahar Junction	Jharkhand	SER	22.156555	85.545961	National Highway 215, Jharkhand
NIP	Nizampur	Rajasthan	NWR	27.96676849	76.0107869	Nizampur, Rajasthan
PPY	PAPATAPALLI	Andhra Pradesh	SCR	17.373688	80.175744	GUDURU PADU, Andhra Pradesh
PHRH	PANCH RUKHI	Himachal Pradesh	NR	32.056252	76.564492	National Highway 20, Himachal Pradesh
PUL	RAMPURA PHUL	Punjab	NR	30.269357	75.23738	Rampura Phul, Punjab
RBGJ	ROBERTS GANJ	Uttar Pradesh	NCR	24.683136	83.077822	Robertsganj, Uttar Pradesh
POKL	PEOKOL	Uttar Pradesh	NER	26.340803	83.930204	Deoria, Uttar Pradesh
RDD	RIKHABDEV ROAD	Rajasthan	NWR	23.997173	73.748055	Kalyanpur, Rajasthan
PPC	PIPRAICH	Uttar Pradesh	NER	26.828307	83.535848	Gorakhpur Bypass, Uttar Pradesh
RGO	ROTEGAON	Maharashtra	SCR	19.956132	74.75787	Aurangabad, Maharashtra
RMJK	RAM NAGAR J K	Jammu and Kashmir	NR	32.863528	75.145426	Jandrah, Jammu and Kashmir
PRL	POLUR	Tamil Nadu	SR	12.511327	79.130558	Polur, Tamil Nadu
PMKT	PIMPALKHUTI	Maharashtra	CR	19.829473	78.581025	Pimpalkhuti, Maharashtra
PRT	PANRUTI	Tamil Nadu	SR	11.773239	79.555153	Panruti, Tamil Nadu
PAD	PARDI	Gujarat	WR	20.513153	72.924311	Valsad, Gujarat
PFM	PHAPHAMAU JN	Uttar Pradesh	NR	25.524256	81.866406	Phaphamau, Uttar Pradesh
PDV	PANDARAVADAI	Tamil Nadu	SR	10.913696	79.242126	Rajagiri, Tamil Nadu
PNHI	PANHAI	Uttar Pradesh	NCR	25.081679	81.189495	Manikpur, Uttar Pradesh
NWMS	NOAPARA MAHISHA	West Bengal	ER	24.323279	88.137274	Sagardighi Railway Station, West Bengal
PNB	PANBARI	Assam	NFR	26.226727	91.951417	Chandrapur, Assam
ODB	OODLABARI	West Bengal	NFR	26.866793	88.624639	Udlabari, West Bengal
PNU	PALANPUR JN	Gujarat	WR	24.174433	72.430172	Palanpur, Gujarat
PLSG	Palasingi	Andhra Pradesh	ECoR	19.014074	83.805056	Palasingi, Andhra Pradesh
PUX	Parasia	Madhya Pradesh	CR	22.193186	78.76432	Dongar Parasia, Madhya Pradesh
PKQ	Pattikkad	Kerala	SR	11.020627	76.231795	Pattikad, Kerala
PDSN	Peddasana	Andhra Pradesh	ECoR	18.593147	84.184485	National Highway 5, Andhra Pradesh
PTD	Petlad Junction	Gujarat	WR	22.5452909	72.9294731	Petlad, Gujarat
PCLI	Palachauri	Madhya Pradesh	CR	22.201012	78.659087	Dongar Parasia, Madhya Pradesh
PLA	Palia	Madhya Pradesh	WR	22.829589	75.79985	Indore, Madhya Pradesh
SB04	Mana	Chhattisgarh	?	21.21457	81.689931	Mana, Chhattisgarh
RHN	ROSHANPUR	Uttar Pradesh	NER	29.046556	78.887727	Tanda, Uttar Pradesh
RNT	RANTHAMBHORE	Rajasthan	WCR	26.093063	76.410001	MDR 111, Rajasthan
SAGM	SAGMA	Madhya Pradesh	WCR	24.622107	80.828347	Satna, Madhya Pradesh
RUI	Rukni	West Bengal	SER	23.551806	86.548025	Purulia, West Bengal
RV	RAVER	Maharashtra	CR	21.222201	76.044594	Jalgaon, Maharashtra
SBV	SIMRI BHAKHTIYARPUR	Bihar	ECR	25.72085979	86.59738402	Simri Bakhtiarpur, Bihar
RJW	RAJEVADI	Maharashtra	CR	18.38414319	74.15512908	Malshiras Rd, Maharashtra
KMM	KANNAMANGALAM			12.75354741	79.16113483	
SDHR	Sandhanidhar	Gujarat	WR	20.942193	70.713698	Junagadh, Gujarat
SAHP	SAHIJPUR	Gujarat	WR	23.061366	72.631634	National Highway 8, Gujarat
RMRB	Ramnagar Bengal	West Bengal	?	21.677451	87.55405	Egra Ramnagar Rd, West Bengal
SGF	SANGAT	Punjab	NWR	30.088059	74.83253	National Highway 64, Punjab
SAC	SANICHARA	Madhya Pradesh	NCR	26.363371	78.198369	National Highway 3, Madhya Pradesh
RORA	RORA	Uttar Pradesh	NCR	25.293896	79.236769	Jhansi, Uttar Pradesh
SAPE	SAPE WAMNE	Maharashtra	KR	18.085549	73.356471	SH 70, Maharashtra
RJS	RAJIYASAR	Rajasthan	NWR	29.06749331	73.84216374	Biradhwal, Rajasthan
SET	SETTIHALLY	Karnataka	SWR	12.64422829	77.14191788	Bangalore-Mysore Rd, Karnataka
RMF	RAMNA	Jharkhand	ECR	24.239748	83.605713	Dist. Garhwa, Jharkhand
SGKM	Srungavruksham	Andhra Pradesh	SCR	16.543756	81.601906	Srungavruksham, Andhra Pradesh
RGA	Rajgoda	West Bengal	SER	22.324313	87.866472	Rajgoda /RGA Railway Station, West Bengal
RVK	RAJA BHAT KHAWA	West Bengal	NFR	26.62014381	89.52860535	Rajabhat Khawa, West Bengal
RTB	RAJA TALAB	Uttar Pradesh	NER	25.2639068	82.85072904	Mirzapur, Uttar Pradesh
PYD	PALLIYADI	Tamil Nadu	SR	8.26515	77.259683	Kanyakumari, Tamil Nadu
SASG	Sasan Gir	Gujarat	WR	21.168995	70.602443	SH 111, Gujarat
SGV	Sargachhi	West Bengal	ER	24.01772	88.244037	Sargachhi, West Bengal
RJL	Rajmahal	Jharkhand	ER	25.052535	87.831451	State Highway 10, Jharkhand
RS	Risia	Uttar Pradesh	NER	27.688822	81.605514	Risia Railway Station, Uttar Pradesh
RCA	Rentachintala	Andhra Pradesh	SCR	16.545259	79.549492	Guntur, Andhra Pradesh
RAK	Ramkot	Uttar Pradesh	NR	27.534312	80.597408	Ramkot, Uttar Pradesh
PXR	Palpara	West Bengal	ER	23.059458	88.520722	National Highway 34, West Bengal
SDGH	Sri Dungargarh	Rajasthan	NWR	28.070311	74.008011	Churu, Rajasthan
SCE	Senchoa Junction	Assam	NFR	26.31161307	92.64248191	Senchoa, Assam
SBL	Sabalgarh	Madhya Pradesh	NCR	26.25127455	77.40874217	Sabalgarh, Madhya Pradesh
SKJ	SAHIBPUR KAMAL JN	Bihar	ECR	25.42703724	86.40012926	National Highway 31, Bihar
SRM	Sarna	Punjab	NR	32.252678	75.578528	National Highway 15, Punjab
SRW	Shri Karanpur	Rajasthan	NWR	29.844419	73.458716	State Highway 7B, Rajasthan
SKX	SARKARA	Uttarakhand	NER	29.166922	79.083308	National Highway 74, Uttarakhand
SMP	SHAMBHUPURA	Rajasthan	WR	24.771439	74.641918	Shambhupura, Rajasthan
SUX	SUDIYUR	Tamil Nadu	SR	9.602939	78.482345	Madurai-Rameshwaram Rd, Tamil Nadu
SNRR	SANSARPUR	Madhya Pradesh	WCR	23.67897035	80.34730745	National Highway 7, Madhya Pradesh
SVD	SARWARI	Maharashtra	SCR	19.764637	75.939699	Ranjani, Maharashtra
SZK	SUR KHAND KA KHEDA	Rajasthan	NWR	24.118095	73.879823	Kejed, Rajasthan
STZ	Satraon	Uttar Pradesh	NER	26.283587	83.821379	Deoria, Uttar Pradesh
SPLE	SUJNIPARA	West Bengal	ER	24.571584	88.036797	National Highway 34, West Bengal
CHOK	Chowk			18.902861	73.239613	
SRT	SATUR	Tamil Nadu	SR	9.357545	77.92157	Sattur, Tamil Nadu
APRH	Alehpur Halt			26.20946473	84.78898558	
SOAE	SOMRA BAZAR	West Bengal	ER	23.13916	88.433032	State Highway 6, West Bengal
SJQ	SURAJPUR ROAD	Chhattisgarh	SECR	23.289233	82.880146	Surajpur, Chhattisgarh
SR	SABLI ROAD	Gujarat	WR	23.03480657	71.9526428	State Highway 17, Gujarat
SOL	Solan	Himachal Pradesh	NR	30.907937	77.097531	Solan, Himachal Pradesh
SGRR	SANGAR	Jammu and Kashmir	NR	32.80617	75.044078	Jammu Cantt, Jammu and Kashmir
SMF	SAMAR GOPALPUR	Haryana	NR	28.96088908	76.51864461	NH 71, Haryana
STP	SITAPUR	Uttar Pradesh	NER	27.558728	80.697762	Sitapur, Uttar Pradesh
STDR	Satadhar	Gujarat	WR	21.283916	70.721182	Junagadh, Gujarat
SJF	SAJANVAR ROAD	Gujarat	WR	21.07527	71.608408	MDR, Gujarat
SHH	SHAPUR JN	Gujarat	WR	21.478281	70.371057	Vanthali-Shapur(Sorath) Rd, Gujarat
SMX	Simurali	West Bengal	ER	23.041337	88.510164	Chakdaha, West Bengal
SNAR	Srinagar Rajasthan	Rajasthan	WCR	25.36404716	75.56909136	Rd, Rajasthan
SMNE	SOMTANE	Maharashtra	CR	18.952233	73.145524	Kolkhe Village, Maharashtra
SRGT	SURENDRANAGAR GATE	Gujarat	WR	22.734565	71.636053	Surendranagar, Gujarat
SWV	SAWANTWADI ROAD	Maharashtra	KR	15.866512	73.785308	SH123, Maharashtra
SIM	SHRI AMIRGADH	Rajasthan	NWR	24.405948	72.643675	Amirgadh, Rajasthan
SLHA	SALHANA	Madhya Pradesh	WCR	23.8204621	80.65672125	State Highway 10, Madhya Pradesh
SRMT	Sirmuttra	Rajasthan	NCR	26.518904	77.375168	Sir Mathura, Rajasthan
SLM	Somalapuram	Andhra Pradesh	SWR	14.914015	76.868856	Anantapur Rd, Andhra Pradesh
SNMY	Sindri Marshalling Yard	Jharkhand	ECR	23.667035	86.466176	Pathardih, Jharkhand
SRSL	Sirsala	Rajasthan	NWR	28.4266753	75.12948824	National Highway 65, Rajasthan
SGPA	Sugapahari	Jharkhand	ER	24.27902375	86.57804879	Madhupur, Jharkhand
SVO	Sanvrad	Rajasthan	NWR	27.521887	74.518574	Didwana, Rajasthan
SJV	Sanjhauli Halt	Bihar	ECR	25.14389225	84.19103399	State Highway 12, Bihar
SNZ	Sherganj	Uttar Pradesh	NER	28.380489	79.804862	Sherganj, Uttar Pradesh
SMET	Shimoga Town	Karnataka	SWR	13.943037	75.583174	Shimoga, Karnataka
SSNR	Satsang Nagar Halt	Jharkhand	ER	24.49030743	86.68168063	Deoghar, Jharkhand
SKSO	Sikosa	Chhattisgarh	SECR	20.868216	81.285568	Sikosa, Chhattisgarh
TIL	TILRATH	Bihar	ECR	25.441179	86.068531	NH 31, Bihar
UMM	UMRAM	Andhra Pradesh	SCR	19.66158618	78.43734212	Sitagondi, Andhra Pradesh
TDR	TIRUVIDAIMARUTHUR	Tamil Nadu	SR	10.990634	79.453706	Thiruvidaimaruthur, Tamil Nadu
TKH	Thakurtola	Orissa	SER	21.651992	86.970717	Mayurbhanj, Orissa
TRPL	TRIPAL HALT	Himachal Pradesh	NR	32.00601	76.204696	Tripal, Himachal Pradesh
TLRA	TALARA	Himachal Pradesh	NR	32.239023	75.903937	Raja-ka-Talab, Himachal Pradesh
TMD	TALMADLA	Andhra Pradesh	SCR	18.239215	78.356638	Telangana Region, Andhra Pradesh
BHKL	BHAKRAULI	Uttar Pradesh	NR	28.308471	78.474665	State Highway 39, Uttar Pradesh
TRWT	TARAVATA	Madhya Pradesh	WCR	24.74613	77.381391	Guna, Madhya Pradesh
WKR	WANKANER JN	Gujarat	WR	22.622552	70.965617	Wankaner, Gujarat
SWE	SIWAITH	Uttar Pradesh	NR	25.577038	81.869261	Prayag, Uttar Pradesh
TGE	THEKERAGURI	Assam	NFR	26.199171	92.403859	Ahotguri, Assam
TSAH	Tata Sijua Halt	Jharkhand	SER	23.77451068	86.3316697	Sijua, Jharkhand
TGL	TUGGALI	Andhra Pradesh	SCR	15.310975	77.530146	Kurnool, Andhra Pradesh
UBL	HUBLI JN	Karnataka	SWR	15.350302	75.148104	Hubli, Karnataka
TID	TAGDI	Gujarat	WR	22.296445	71.948621	Tagadi, Gujarat
ARGP	ARALAGUPPE	Karnataka	SWR	13.253132	76.615439	State Highway 74, Karnataka
UCA	UCHANA	Haryana	NR	29.466064	76.178544	District Jind, Haryana
TAK	Tarakeswar	West Bengal	ER	22.882582	88.013437	Tarkeshwar, West Bengal
UMN	AMBLIYASAN	Gujarat	WR	23.447386	72.423181	Mehsana, Gujarat
SZP	Shahjahanpur	Uttar Pradesh	NER	27.893402	79.904536	Shahjahanpur, Uttar Pradesh
TTQ	Thathankulam	Tamil Nadu	SR	8.627298	77.875152	Thoothukudi, Tamil Nadu
TJH	Tajgadh	Gujarat	WR	22.350958	73.904788	Vadodara, Gujarat
UKC	UKSHI	Maharashtra	KR	17.12975972	73.45594229	Maharashtra, Maharashtra
UAA	UPPALA	Kerala	SR	12.6698	74.906488	Kasaragod, Kerala
TKQ	TRIKARPUR	Kerala	SR	12.142185	75.176143	Kannur District, Kerala
VAPM	VALAPATTANAM	Kerala	SR	11.927728	75.346365	Kannur District, Kerala
TUNG	Tung	West Bengal	NFR	26.921803	88.294811	NH 55, West Bengal
TKT	TIKKOTTI	Kerala	SR	11.490426	75.626246	Thikkodi, Kerala
UGWE	Ugwe	Maharashtra	SCR	20.806249	77.009265	State Highway 204, Maharashtra
TRDI	Tirodi	Madhya Pradesh	SECR	21.688066	79.724564	Balaghat, Madhya Pradesh
TQA	Takia	Uttar Pradesh	NR	26.311679	80.782017	State Highway 38, Uttar Pradesh
TPU	Tanakpur	Uttarakhand	NER	29.067103	80.109045	Tanakpur, Uttarakhand
DHL	Devanhalli	Karnataka	SWR	13.246834	77.704631	Near Bellary Road Bangalore Rural Dt., Karnataka
TAV	Talala Junction	Gujarat	WR	21.04184	70.522164	Junagadh, Gujarat
TPO	Tantpur	Rajasthan	NCR	26.83193514	77.47803025	Tantpur, Rajasthan
THKU	Thallak	Karnataka	SWR	14.450854	76.675366	Bellary-Hiriyur Rd, Karnataka
VD	VAGDIYA	Gujarat	WR	22.61417626	71.29168982	State Highway 113, Gujarat
YGA	Yerra Goppa Halt	Karnataka	SWR	15.905354	75.648078	Yerra Goppa, Karnataka
AGQ	ASIRGARH ROAD	Madhya Pradesh	CR	21.378418	76.268065	State Highway 27, Madhya Pradesh
AA	ATARIA	Uttar Pradesh	NER	27.172457	80.861033	Sitapur National Highway 24, Uttar Pradesh
WSD	WASUD	Maharashtra	CR	17.377406	75.147653	solapur, Maharashtra
AED	AULENDA	Uttar Pradesh	NCR	27.029152	77.612583	Kiraoli, Uttar Pradesh
ARH	AMHERA	Uttar Pradesh	NR	29.26223824	78.28580221	Amhera, Uttar Pradesh
SWDE	SIWAHA	Haryana	NR	29.340294	76.456292	Jind, Haryana
BHWA	BECHHIWARA	Rajasthan	NWR	23.787792	73.535256	Bichhiwara, Rajasthan
VRV	VIRAVADA	Gujarat	NWR	23.612331	73.07903	National Highway 8, Gujarat
YLG	YALVIGI	Karnataka	SWR	15.03425359	75.40940127	Yalvigi, Karnataka
ADHL	ADIHALLI	Karnataka	SWR	13.28342017	76.34728405	National Highway 206, Karnataka
WRGN	WARIGAON NEWADA	Uttar Pradesh	NR	25.586146	82.568316	Warigaon, Uttar Pradesh
APTA	APTA	Maharashtra	CR	18.863471	73.152629	Raigad, Maharashtra
WC	WADHWAN CITY	Gujarat	WR	22.702931	71.67236	Surendranagar, Gujarat
ADRA	ADRA JN	West Bengal	SER	23.495992	86.674665	Purulia.Div HQ SER, West Bengal
AKOT	Akot	Maharashtra	SCR	21.095661	77.047217	Akola, Maharashtra
BHUJ	BHUJ	Gujarat	WR	23.2660225	69.6778278	Bhuj, Gujarat
VLI	VALLIKUNNU	Kerala	SR	11.09046	75.851651	Vallikkunnu, Kerala
ATRR	ATRAURA	Uttar Pradesh	NER	25.316112	82.314016	Handia, Uttar Pradesh
VPU	VELPURU	Andhra Pradesh	SCR	16.725964	81.662635	Velupuru, Andhra Pradesh
VJPJ	VIJAYPUR JAMMU	Jammu and Kashmir	NR	32.57197	75.020996	Gadwal, Jammu and Kashmir
ZNP	Zindpura	Uttar Pradesh	NER	28.191347	79.849699	State Highway 29, Uttar Pradesh
BHRL	BHAROLI JUNCTION	Punjab	NR	32.27104809	75.61637323	Bharoli, Punjab
PQT	Puniyavant	Gujarat	WR	22.332118	73.957331	Vadodara, Gujarat
VRA	Valavanur	Tamil Nadu	SR	11.917402	79.573803	Vallavanur, Tamil Nadu
XBKJ	Bikramganj	Bihar	ECR	25.218914	84.273731	Bikramganj, Bihar
VTG	Bhetaguri	West Bengal	NFR	26.3029681	89.6653098	Bhetaguri, West Bengal
ATKS	Atwa Kursath	Uttar Pradesh	NR	27.13457027	80.26720993	Atwa Kursath, Uttar Pradesh
WDJ	Wanderjatana	Punjab	NR	30.564802	74.740729	State Highway 16, Punjab
AMI	Amravati	Maharashtra	CR	20.9300829	77.7577863	Amravati, Maharashtra
BIPR	Bheempura	Rajasthan	NWR	25.129644	72.392249	Jalor, Rajasthan
ARP	Atrampur	Uttar Pradesh	NR	25.572021	81.745663	Atrampur Railway Station, Uttar Pradesh
WEL	Wellington	Tamil Nadu	SR	11.3559	76.786078	Wellington, Tamil Nadu
ARKA	Arkha	Uttar Pradesh	NR	25.867316	81.331277	Lucknow Allahabad Rd, Uttar Pradesh
BAMA	BIRAMBAD	Rajasthan	NCR	26.922783	77.32494	Dumariya, Rajasthan
AUR	ATRAULI ROAD	Uttar Pradesh	NR	28.09718796	78.22010801	Dibai, Uttar Pradesh
BCB	Bhowra Junction	Jharkhand	SER	23.67077	86.417009	KUSTORE, Jharkhand
BHBK	BODHADI BUJRUG	Maharashtra	SCR	19.49627599	78.19524877	Kinwat, Maharashtra
BDHA	BADHADA	Gujarat	WR	21.2703	71.337414	Badhada, Gujarat
BHET	BHESTAN	Gujarat	WR	21.1278829	72.8613128	Surat, Gujarat
BFZ	BHANDARTIKURI	West Bengal	ER	23.43319157	88.32981731	State Highway 6, West Bengal
BATL	BAIHATOLA	Madhya Pradesh	SECR	23.231204	82.05862	Boridand, Madhya Pradesh
BGQ	BHONGAON	Uttar Pradesh	NCR	27.2590416	79.1657234	Mainpuri, Uttar Pradesh
BGHU	Borraguhallu	Andhra Pradesh	ECoR	18.275624	83.040289	Way to Rly Station, Andhra Pradesh
BELD	BELKHERA	Madhya Pradesh	WCR	22.981891	79.299879	State Highway 22, Madhya Pradesh
BIF	BHAIRONPUR	Madhya Pradesh	WCR	22.432086	77.420409	State Highway 15, Madhya Pradesh
BAU	BURHANPUR	Madhya Pradesh	CR	21.3343976	76.1986787	Burhanpur, Madhya Pradesh
BJK	BIJORA	Rajasthan	WCR	25.1451124	76.3956989	Antah, Rajasthan
BDT	BORDUBI ROAD	Assam	NFR	27.399181	95.314595	Madhubon to Naoholia Rd, Assam
BPRS	BHOGPUR SIRWAL	Punjab	NR	31.5565937	75.6452234	Bhogpur, Punjab
BIP	BAHILPURWA	Uttar Pradesh	NCR	25.137088	80.998599	National Highway 76, Uttar Pradesh
BGWD	BAGEWADI	Karnataka	SWR	16.30777084	74.75360003	Gokak TQ, Karnataka
BGAN	Bangain	Uttar Pradesh	NER	27.238993	81.905924	Bangain, Uttar Pradesh
BID	BIDADI	Karnataka	SWR	12.8004252	77.3902984	Bengaluru District, Karnataka
BNDI	Barundini	Rajasthan	WCR	25.173406	74.930101	National Highway 76, Rajasthan
BDCR	Bhadrachalam Road	Andhra Pradesh	SCR	17.550365	80.616024	Kottagudem, Andhra Pradesh
KISN	KALISEN			23.1816004	87.1624991	
AYU	ABHAYAPURI ASSAM	Assam	NFR	26.356599	90.641696	Abhayapuri, Assam
BFT	Bhabta	West Bengal	ER	23.9869677	88.241584	Bhabta, West Bengal
BHLP	BHULANPUR	Uttar Pradesh	NER	25.2878753	82.9575192	Varanasi, Uttar Pradesh
BAHP	Band Hamirpur	Uttar Pradesh	NR	26.32975	80.744382	State Highway 38, Uttar Pradesh
BLSD	Balsamand	Rajasthan	NWR	27.581307	74.473873	Didwana, Rajasthan
BEE	Bebejia	Assam	NFR	26.310185	92.640956	National Highway 37, Assam
BAA	Barala	West Bengal	ER	24.300532	88.039851	Murshidabad District, West Bengal
BDZ	Badkulla	West Bengal	ER	23.3046657	88.526557	State Highway 11, West Bengal
BIGA	Bigga	Rajasthan	NWR	28.04745291	74.20137016	National Highway 11, Rajasthan
BAYD	Beyad	Gujarat	WR	23.216364	73.207326	Sabarkantha, Gujarat
BBLA	Bhyabla Halt	West Bengal	ER	22.65426	88.854932	Basirhat, West Bengal
BHAN	Bhoyani	Gujarat	WR	23.358779	72.234682	State Highway 133, Gujarat
BK	Bakra Road	Rajasthan	NWR	25.2130523	72.487603	Jalor, Rajasthan
BBJ	Babaganj	Uttar Pradesh	NER	27.96429	81.568611	Babaganj, Uttar Pradesh
BBT	Birati	West Bengal	ER	22.66472	88.427613	Kolkata, West Bengal
AWH	Alewahi	Maharashtra	SECR	20.38793	79.710147	Palasgaon, Maharashtra
BDMA	Budhma	Bihar	ECR	25.902768	86.857009	National Highway 107, Bihar
BGLI	Bargolai	Assam	NFR	27.287486	95.703548	Ledo, Assam
BLAX	BARLAI	Madhya Pradesh	WR	22.894163	75.962109	Indore, Madhya Pradesh
BSAE	BANSH BARIA	West Bengal	ER	22.957288	88.395641	Bansberia, West Bengal
BRHL	BARYAL HIMACHAL	Himachal Pradesh	NR	32.025465	76.100072	Baryal, Himachal Pradesh
CHKE	Challakere	Karnataka	SWR	14.315154	76.660017	Chitradurga, Karnataka
BRND	BORIDAND	Madhya Pradesh	SECR	23.267799	82.178765	Shahdol, Madhya Pradesh
CHRM	Chirmiri	Chhattisgarh	SECR	23.1894855	82.3495508	Chirimiri, Chhattisgarh
BPKA	BHOPALKA	Gujarat	WR	22.1227803	69.3687405	Jamnagar, Gujarat
BNKH	BHAIRANAYAKANAH	Karnataka	SWR	13.194258	77.383393	State Highway 74, Karnataka
ALN	ALANDI	Maharashtra	CR	18.451229	74.093095	Ramdara Rd, Maharashtra
BRLA	BRAYLA CHAURASI	Madhya Pradesh	WR	23.55568274	75.09276104	Badayla Chorasi Rd, Madhya Pradesh
BQG	Bhagwangola	West Bengal	ER	24.333178	88.309816	Station Rd, West Bengal
BQM	Barelipur	Madhya Pradesh	CR	22.051583	78.407732	Nayagaon, Madhya Pradesh
BNA	BANNI KOPPA	Karnataka	SWR	15.40662732	75.94180892	National Highway 63, Karnataka
BKU	BHIKNUR	Andhra Pradesh	SCR	18.16449072	78.39915082	Nizamabad, Andhra Pradesh
BLSA	BOLSA	Maharashtra	SCR	19.00129053	77.70292058	Dharmabad, Maharashtra
BMBE	BIMBARI	Maharashtra	SCR	19.164065	77.631226	Bhokar, Maharashtra
BOKR	BHOKAR	Maharashtra	SCR	19.213965	77.666535	Bhokar, Maharashtra
CAG	CHHABRA GUGOR	Rajasthan	WCR	24.680339	76.850989	Baran, Rajasthan
CJW	CHAJAWA	Rajasthan	WCR	25.008594	76.580569	Baren, Rajasthan
BKTW	Baikunth			21.489691	81.777975	
ADB	ADILABAD	Andhra Pradesh	SCR	19.680104	78.535285	Adilabad, Andhra Pradesh
BPM	BAGPAT ROAD	Uttar Pradesh	NR	28.957503	77.272589	Bagpat, Uttar Pradesh
CIV	Chinnaravuru	Andhra Pradesh	SCR	16.224011	80.655843	Tenali, Andhra Pradesh
CHI	CHIPLUN	Maharashtra	KR	17.5425074	73.522429	Chiplun, Maharashtra
CAN	KANNUR	Kerala	SR	11.8706942	75.3683267	Kannur, Kerala
BNG	Barnagar	Madhya Pradesh	WR	23.0304117	75.6111208	Barnagar, Madhya Pradesh
MPL	Madanapalle Road	Andhra Pradesh	SCR	13.644442	78.554424	Madanapalle Road Station, Andhra Pradesh
BRQ	BAGRAKOT	West Bengal	NFR	26.87063169	88.58596154	National Highway 31, West Bengal
BNQ	BANARHAT	West Bengal	NFR	26.797885	89.025682	National Highway 31C, West Bengal
BMJ	Bridgemanganj	Uttar Pradesh	NER	27.195537	83.197098	Bridgmanganj, Uttar Pradesh
BRK	Bahraich	Uttar Pradesh	NER	27.581536	81.6075183	Bahraich, Uttar Pradesh
BRMX	Barmi	Uttar Pradesh	NR	27.489413	80.560821	Barmi, Uttar Pradesh
BNW	Bhiwani	Haryana	NWR	28.7984261	76.1255797	Bhiwani, Haryana
BNSA	Banbasa	Uttarakhand	NER	28.991685	80.0732101	H01, Uttarakhand
BSHT	Basirhat	West Bengal	ER	22.650516	88.86896	Basirhat, West Bengal
CHRU	CHAMRUA	Uttarakhand	NER	28.796206	79.138988	Chamrua, Uttarakhand
ANP	ANANDTANDAVPUR	Tamil Nadu	SR	11.14396635	79.65767451	Uluthakuppai, Tamil Nadu
ANGR	ANGADGERI HALT	Karnataka	SWR	16.45187366	75.84589116	Angadgeri, Karnataka
AAY	ARALVAYMOZHI	Tamil Nadu	SR	8.249451361	77.52926469	Dist. Kanniyakumari, Tamil Nadu
ALNP	Akelahanspur Halt	Uttar Pradesh	NER	28.34054	80.315571	Akelahanspur, Uttar Pradesh
BAH	BHABHAR	Gujarat	WR	24.06528	71.615774	SH 72, Gujarat
AON	ARAON	Uttar Pradesh	NCR	27.114343	78.692248	Araon, Uttar Pradesh
BZLE	BAZARSAU	West Bengal	ER	23.8757926	88.1828793	Bazarsau, West Bengal
CHPD	CHEPPAD HALT	Kerala	SR	9.232679	76.476742	Cheppad Railway Station Rd, Kerala
CGO	CHHIDGAON	Madhya Pradesh	WCR	22.406953	77.314105	Harda, Madhya Pradesh
AJM	Adraj Moti	Gujarat	WR	23.258801	72.565608	Adraj Moti, Gujarat
CKR	CHIKODI ROAD	Karnataka	SWR	16.36904776	74.76949433	Belagavi, Karnataka
BSR	VASAI ROAD	Maharashtra	WR	19.3824486	72.8322217	Thane Dist., Maharashtra
ABGT	ARBAGATTA HALT	Karnataka	SWR	13.907468	76.134971	State Highway 47, Karnataka
BTJ	BISHNATHGANJ	Uttar Pradesh	NR	25.801897	81.935379	Pratapgarh, Uttar Pradesh
BUS	BADAUSA	Uttar Pradesh	NCR	25.248423	80.651011	National Highway 76, Uttar Pradesh
ANCR	ANCHURI	West Bengal	SER	23.283904	86.993174	National Highway 60A, West Bengal
BSZ	Bharwa Sumerpur	Uttar Pradesh	NCR	25.825413	80.167419	Hamirpur, Uttar Pradesh
BSW	Baneswar	West Bengal	NFR	26.388205	89.494466	Baneswar, West Bengal
PTN	PATAN	Gujarat	WR	23.853292	72.131672	Patan, Gujarat
ABZ	Adgaon Buzurg	Maharashtra	SCR	21.123876	76.955924	Akola, Maharashtra
ADE	ADARI ROAD	Gujarat	WR	20.986795	70.330818	kadukada to railway fatak, Gujarat
AMC	Amritapura	Karnataka	SWR	14.13954873	76.24556343	State Highway 48, Karnataka
CDA	CHUDA	Gujarat	WR	22.49521135	71.7500982	State Highway 38, Gujarat
AKS	ANKUSPUR	Uttar Pradesh	NER	25.57131905	83.49401215	National Highway 29, Uttar Pradesh
ANO	ANJANI	Maharashtra	KR	17.620605	73.399308	Anjani, Maharashtra
APDC	Alipur Duar Court	West Bengal	NFR	26.499255	89.526808	Alipur Duar, West Bengal
CDK	CHANDKHERA ROAD	Gujarat	WR	23.111868	72.563224	Ahmedabad, Gujarat
CGHD	CHINNADAGUDI	Karnataka	SWR	12.084594	76.732445	Nanjungudu-Chamarajanagara Rd, Karnataka
CJS	CHARAMULA KUSUM	Chhattisgarh	ECoR	19.020403	82.401044	Bhansuli Kotpad PMGSY Rd, Chhattisgarh
BTGH	Bettadnagenhali	Karnataka	SWR	14.17383027	76.25933508	Amritapura, Karnataka
ADR	Mandi Adampur	Haryana	NWR	29.283136	75.468851	Hisar, Haryana
BSUR	Bisalpur	Uttar Pradesh	NER	28.290516	79.812599	Bisalpur, Uttar Pradesh
ANC	Annechakanahali	Karnataka	SWR	12.7379	76.282814	Annechakanahali, Karnataka
CCI	Chinnekuntapali	Andhra Pradesh	SCR	14.44278842	77.8420563	Chennai - Anantpur Rd, Andhra Pradesh
BTRI	Bitrol	Uttar Pradesh	NER	27.984069	78.92398	State Highway 33, Uttar Pradesh
AGCI	Angadi	Gujarat	WR	22.806751	73.282558	National Highway 59, Gujarat
ALS	Amlori Sarsar	Bihar	NER	26.294714	84.34557757	Siwan, Bihar
BFE	BAHAWAL BASI	Punjab	NR	30.147265	74.279311	National Highway 15, Punjab
AXK	ASOKHAR	Madhya Pradesh	NCR	26.525539	78.555854	State Highway 19, Madhya Pradesh
AXA	AMARSAR	Gujarat	WR	22.585991	70.91711	Rajkot, Gujarat
BENL	BENL	Karnataka	SWR	16.384407	75.882249	Dam Inspection Rd, Karnataka
BBW	BODARWAR	Uttar Pradesh	NER	26.87800049	83.63819103	State Highway 64, Uttar Pradesh
BAJE	Bajakare Halt	Karnataka	SWR	12.720476	75.508955	Panja Kadaba Rd, Karnataka
AMQ	AMMUGUDA	Andhra Pradesh	SCR	17.487039	78.527215	Secunderabad, Andhra Pradesh
BBA	BABRALA	Uttar Pradesh	NR	28.2664932	78.4034137	Babrala, Uttar Pradesh
ALW	ALWAL	Andhra Pradesh	SCR	17.505779	78.515006	Secunderabad, Andhra Pradesh
ATE	ATARRA	Uttar Pradesh	NCR	25.291367	80.576491	Dist. Banda(05192-224813), Uttar Pradesh
AWL	ALAWALPUR	Punjab	NR	31.425164	75.642236	Jalandhar, Punjab
AZP	AYYAMPET	Tamil Nadu	SR	10.896267	79.206701	Ayyampet, Tamil Nadu
ASK	ARSIKERE JN	Karnataka	SWR	13.314425	76.2520848	Arasikere, Karnataka
BAL	BUDALUR	Tamil Nadu	SR	10.782843	78.981443	SH 99, Tamil Nadu
BAZ	BARAN	Rajasthan	WCR	25.0967701	76.5051284	Baran, Rajasthan
AVRD	ARAVALI ROAD	Maharashtra	KR	17.316531	73.53816	Kochi - Panavel Rd, Maharashtra
BBGN	Barua Bamungaon	Assam	NFR	26.662157	93.944693	Barua Bamungaon, Assam
ANT	Anantnag	Jammu and Kashmir	NR	33.73853424	75.10713109	Anantnag, Jammu and Kashmir
BDPA	Badalpur Ph	West Bengal	?	21.710487	87.616227	State Highway 4, West Bengal
AVS	Auvaneeswaram	Kerala	SR	9.036513	76.852807	Avaneeswaram Pathanapuram Rd, Kerala
BDHN	Bodhan	Andhra Pradesh	SCR	18.645933	77.8881657	Bodhan, Andhra Pradesh
BED	Baseri	Uttar Pradesh	NCR	26.74699159	77.5430151	Baseri, Uttar Pradesh
BDBG	Badhai Balamgarh Halt	Punjab	NR	30.459894	74.460168	Badhai Balamgarh, Punjab
AVK	Aravankadu	Tamil Nadu	SR	11.359124	76.769203	Dist. Nilgiris, Tamil Nadu
ATW	Atwa Muthia Halt	Uttar Pradesh	NR	27.27399	80.415479	Atwa Muthia, Uttar Pradesh
BGMU	Bangarmau	Uttar Pradesh	NR	26.89181589	80.22205951	Bangarmau, Uttar Pradesh
BCHL	Bacheli	Chhattisgarh	ECoR	18.703461	81.238534	Dhurli-Basenpur Rd, Chhattisgarh
BBHT	Barabar Halt	Bihar	?	25.05585961	84.97436821	Vanavar Halt, Bihar
BFJ	Bhoras Budrukh	Maharashtra	CR	20.538301	75.014292	Kargaon Tanda-Chalisgaon Rd, Maharashtra
BARL	Baral	Uttar Pradesh	NR	28.494092	77.809975	State Highway 18, Uttar Pradesh
BDBA	Badabandha Road	Orissa	ECoR	20.276721	86.519951	Badabandha, Orissa
BGD	Bara Gudah	Haryana	NWR	29.697657	75.001641	Bara Gudha, Haryana
BLA	BAJALTA	Jammu and Kashmir	NR	32.762368	74.953339	Khana Chorgol, Jammu and Kashmir
BHTL	BHATEL	Gujarat	WR	22.1640963	69.4936287	Jamnagar, Gujarat
TSS	TALLI SAIDASAHU	Punjab	NR	31.03264	74.748404	Talhi Saidasahu, Punjab
BDWS	BADARWAS	Madhya Pradesh	WCR	24.98333982	77.56182792	Badarwas, Madhya Pradesh
BJPL	BAIJNATH PAPROLA	Himachal Pradesh	NR	32.050369	76.632508	Paprola, Himachal Pradesh
BLL	BANTANAHAL	Andhra Pradesh	SCR	15.16290019	77.27572365	Rayalaseema Region, Andhra Pradesh
BMA	BAGMAR	Madhya Pradesh	CR	21.73712886	76.36160194	East Nimar, Madhya Pradesh
BLWD	BOLWAD	Maharashtra	CR	16.823851	74.719998	Bolwad, Maharashtra
BMNI	BAMANI	Maharashtra	CR	17.512801	75.237643	State Highway 161, Maharashtra
BNY	Barhni	Uttar Pradesh	NER	27.4957951	82.7918337	Semari - Bisokhar Rd, Uttar Pradesh
BDVT	Bhadravati	Karnataka	SWR	13.8424287	75.702832	Bhadravati, Karnataka
BMKI	BAPUDHAM MOTIHARI	Bihar	ECR	26.655733	84.90529	Motihari, Bihar
BIRD	BHIWANDI ROAD	Maharashtra	CR	19.268544	73.045654	Bhiwandi, Maharashtra
BI	BARI SADRI	Rajasthan	NWR	24.411465	74.468715	Bari Sadri, Rajasthan
BLD	BHILAD	Gujarat	WR	20.2753232	72.887446	Bhilad, Gujarat
ALMW	ALMAW	Uttar Pradesh	NER	25.259915	82.489941	Allahabad, Uttar Pradesh
BGX	BAGRI SAJJANPUR	Rajasthan	NWR	25.916759	73.821842	Haripur, Rajasthan
VTP	VASTRAPUR	Gujarat	WR	23.00802	72.517982	Ahmedabad, Gujarat
BNTH	BANDHNATH	Gujarat	WR	21.434145	70.356879	Shapur, Gujarat
BIJR	BIJOOR	Karnataka	KR	13.8221962	74.6420535	Udupi, Karnataka
BNS	BANAS	Rajasthan	NWR	24.7131638	72.9887256	Sirohi Road, Rajasthan
BILP	Bhilpur	Gujarat	WR	22.196155	73.323477	Vadodara, Gujarat
BGPR	BHAGWANPURA	Rajasthan	NWR	25.419012	73.363312	Somesar, Rajasthan
BGG	BANTA RAGHUNATHGARH	Rajasthan	NWR	25.60180707	73.52738176	Somesar, Rajasthan
BJPR	Bijaipur Road	Madhya Pradesh	NCR	26.196877	77.305586	Bijaipur Road, Madhya Pradesh
BMY	Bamiana	Uttar Pradesh	NER	28.26312382	79.3291058	To Vishartganj, Uttar Pradesh
BNHR	Banbihari Gwalipur	Orissa	ECoR	20.33902661	86.20503345	State Highway 12, Orissa
BHAT	Bhatpura	Madhya Pradesh	NCR	26.327284	77.674711	State Highway 2, Madhya Pradesh
BINR	Brij Nagar	Rajasthan	NCR	27.439639	77.089708	Bharatpur, Rajasthan
BKS	Balikotia	Assam	NFR	26.46830942	92.57044308	Mathaouri Rd, Assam
BIR	Bir	Madhya Pradesh	WCR	22.05264	76.547232	East Nimar, Madhya Pradesh
BHDR	Bhadri	Uttar Pradesh	NR	25.6766583	81.5677547	National Highway 24B, Uttar Pradesh
BEDM	Bedham	Rajasthan	NCR	27.453929	77.209461	State Highway 14, Rajasthan
BPB	BADARPUR JN	Assam	NFR	24.8651775	92.5563227	03845-269546., Assam
GTU	GHAT NANDUR	Maharashtra	SCR	18.722978	76.563483	Ghat Nadur, Maharashtra
BNTL	Bantawala	Karnataka	SWR	12.878545	75.034456	Bantwal, Karnataka
BRBL	Birahalli	Karnataka	SWR	12.667132	76.385196	Birahalli, Karnataka
BSCK	BASUCHAK	Uttar Pradesh	NER	25.53140767	83.34822341	Basuchak-Rampur Mangha Rd, Uttar Pradesh
AND	ANDAMPALIAM	Tamil Nadu	SR	12.08842638	79.16898527	Maniyam St, Tamil Nadu
BRZ	BARETA	Punjab	NR	29.8593339	75.6924026	Bareta, Punjab
BRGW	BARGAWAN	Madhya Pradesh	WCR	24.197002	82.455989	Bargawa, Madhya Pradesh
BSY	BARSATHI	Uttar Pradesh	NR	25.564133	82.473946	State Highway 36, Uttar Pradesh
BUF	Bimlagarh Junction	Orissa	SER	21.964332	85.017326	Sundargarh, Orissa
BSKR	BASI KIRATPUR	Uttar Pradesh	NR	29.497228	78.213283	Kiratpur, Uttar Pradesh
CDS	CHANDISAR	Gujarat	WR	24.2064915	72.3128162	Banaskantha, Gujarat
BTI	BHATINDA JN	Punjab	NR	30.209488	74.932083	Bathinda, Punjab
BTZ	BALIMARA	Assam	NFR	27.236868	95.333576	Naharkatiya to Nigam Rd, Assam
PTK	PATHANKOT	Punjab	NR	32.271804	75.644427	NH 20, Punjab
BVNR	BHAVANI NAGAR	Maharashtra	CR	17.156895	74.312946	Tasgaon Rd, Maharashtra
BQP	Bighapur	Uttar Pradesh	NR	26.3551471	80.6934544	State Highway 38, Uttar Pradesh
AMLR	AMALA NAGAR	Kerala	SR	10.561834	76.171838	Thrissur, Kerala
BTC	Balaghat Junction	Madhya Pradesh	SECR	21.8116285	80.1998853	Balaghat, Madhya Pradesh
BOTI	Baori Thikria	Rajasthan	NWR	27.41454869	75.511335	National Highway 11, Rajasthan
BOF	Barog	Himachal Pradesh	NR	30.8908529	77.0829696	Barog, Himachal Pradesh
BSTP	Basantapur	Orissa	ECoR	21.548768	85.67659	National Highway 215, Orissa
BTM	Battulapuram	Andhra Pradesh	SCR	13.74759508	78.30580244	Battulapuram Station, Andhra Pradesh
BSWA	Baiswara	Uttar Pradesh	NR	26.284843	80.834712	State Highway 38, Uttar Pradesh
AMJ	Amin Gaon	Assam	NFR			Guwahati, Assam
AMNR	Ammanur	Tamil Nadu	SR			Mazavarayanallu Rd, Tamil Nadu
BPC	Berhampore Court	West Bengal	ER	24.0890841	88.263642	Berhampore, West Bengal
AMM	Atirampattinam	Tamil Nadu	SR	10.33228523	79.38580759	Muthupet, Tamil Nadu
CRWA	Chirawa	Rajasthan	NWR	28.22334137	75.65068452	SH 13, Rajasthan
ANKI	Anakhi	Gujarat	WR			Bharuch, Gujarat
ANW	Anawal	Gujarat	WR			Anawal, Gujarat
BWC	Banwali	Rajasthan	NWR	29.919979	74.029894	Sri Ganganagar, Rajasthan
BT	Barasat	West Bengal	ER	22.72388	88.483483	Kolkata, West Bengal
BYP	Baijnathpur	Bihar	ECR	25.901014	86.653766	State Highway 59, Bihar
BPD	Bahadurpur	West Bengal	ER	23.4385195	88.4633792	Bahadurpur, West Bengal
BXF	Barsuan	Odisha	SER	21.847398	85.119799	Sundargarh, Odisha
AMO	Amolwa	Bihar	ECR	27.211161	84.478487	Pashchim Champaran, Bihar
BXN	BAYANA JN	Rajasthan	WCR	26.916354	77.297131	Bayana, Rajasthan
SKEN	Sukhshena		?	25.790577	87.111962	
DNRP	DUNGARPUR	Rajasthan	NWR	23.867175	73.695462	State Highway 10, Rajasthan
CHBR	CHAURE BAZAR	Uttar Pradesh	NR	26.469531	82.118735	State Highway 9, Uttar Pradesh
DDW	DUDWA	Uttar Pradesh	NER	28.50831	80.672161	Dudwa, Uttar Pradesh
CKE	CHOKI SORATH	Gujarat	WR	21.659142	70.525813	National Highway 8D, Gujarat
CIH	Chilhia	Uttar Pradesh	NER	27.35207	82.990864	State Highway 1A, Uttar Pradesh
DGLE	DHULIAN GANGA	West Bengal	ER	24.672086	87.937644	National Highway 34, West Bengal
CDM	CHIDAMBARAM	Tamil Nadu	SR	11.391471	79.7033411	Chidambaram, Tamil Nadu
COO	CHHOTI ODAI	Rajasthan	WCR	26.558703	76.805294	SH 25, Rajasthan
CAMU	CHAMUA	Bihar	ECR	27.13770218	84.40083419	National Highway 28B, Bihar
DHLI	Dethli	Gujarat	WR	23.486172	72.103051	State Highway 19, Gujarat
DHAE	DAINHAT	West Bengal	ER	23.60191	88.170269	Daihaat Rd, West Bengal
DAD	DEVARGUDDA	Karnataka	SWR	14.66779	75.576141	Hanumanamatti, Karnataka
DEW	Dewalgaon	Maharashtra	SECR	20.89116034	80.07926655	Warsa Rd, Maharashtra
BWSN	BIJWASAN	Delhi NCT	NR	28.5367	77.051292	Bijwasan, Delhi NCT
DBS	DOBBSPET	Karnataka	SWR	13.23318016	77.24915543	Dobbasapete, Karnataka
DCK	DHANDHUKA	Gujarat	WR	22.384024	71.975613	Dhandhuka, Gujarat
COB	Cooch Behar	West Bengal	NFR	26.3029681	89.6653098	Cooch Behar, West Bengal
CQA	Cherukara	Kerala	SR	10.929228	76.228119	Cherukara, Kerala
DEE	DELHI SARAI ROHILLA	Delhi NCT	NR	28.662992	77.187106	New Rohtak road, Delhi NCT
DBSI	DAYA BASTI	Delhi NCT	NR	28.667329	77.17139	Zakhira, Delhi NCT
CWN	Charawan	Punjab	NR	30.501187	74.578082	State Highway 16, Punjab
DOB	Dundlodh Mukundgarh	Rajasthan	NWR	27.93879937	75.23735384	Mukandgarh, Rajasthan
BWK	Bawani Khera	Haryana	NWR	28.939509	76.032707	Bawani Khera, Haryana
BARU	Baharu	West Bengal	ER	22.205278	88.44446	Baharu, West Bengal
DOX	DOHNA	Uttar Pradesh	NER	28.434064	79.432729	State Highway 37, Uttar Pradesh
DKJ	DORNAKAL JN	Andhra Pradesh	SCR	17.445987	80.153157	Garla, Andhra Pradesh
GGC	GANGAPUR CITY	Rajasthan	WCR	26.468979	76.727708	Gangapur, Rajasthan
DMPR	DHARAMPUR	Uttar Pradesh	NR	28.150306	78.265728	National Highway 93, Uttar Pradesh
DJI	DHORAJI	Gujarat	WR	21.72217	70.44478	Dhoraji, Gujarat
DLD	DALAUDA	Madhya Pradesh	WR	23.948637	75.105361	Dalauda, Madhya Pradesh
TKRU	TAKHRAU	Uttar Pradesh	NCR	27.274196	79.212452	Takhrau, Uttar Pradesh
DSK	DUSKHEDA	Maharashtra	CR	21.073708	75.839083	Jalgaon, Maharashtra
DING	Ding	Haryana	NWR	29.4610537	75.2606046	Sirsa, Haryana
DHPD	DHAPARA DHAM	West Bengal	ER	24.195866	88.246087	National Highway 34, West Bengal
DNE	DHAMNI	Maharashtra	SCR	19.647058	77.177888	Hingoli, Maharashtra
DHRJ	DHIRGANJ	Uttar Pradesh	NR	25.745642	81.924339	State Highway 9, Uttar Pradesh
GDG	GADAG JN	Karnataka	SWR	15.437048	75.642481	Gadag, Karnataka
DNJ	DAUNDAJ	Maharashtra	CR	18.23000657	74.17678092	Indraprastha Rd, Maharashtra
DVG	DAVANGERE	Karnataka	SWR	14.467834	75.92229	Davanagere, Karnataka
DRGM	DEORAGRAM	Madhya Pradesh	WCR	24.096925	82.352464	Gajarbahara, Madhya Pradesh
DMYA	DAMOY	Madhya Pradesh	WCR	23.971208	80.996787	State Highway 11, Madhya Pradesh
DRU	KADUR	Karnataka	SWR	13.552501	76.008846	Kadur, Karnataka
DTN	DHAMTAN SAHIB	Haryana	NR	29.688827	76.004006	Jind District, Haryana
FDK	FARIDKOT	Punjab	NR	30.682857	74.76138	Faridkot, Punjab
DULP	Daulatpur Haryana	Haryana	NR	29.452123	75.88859	National Highway 65, Haryana
DPSR	Dapsaura	Uttar Pradesh	NCR	25.983503	80.202954	National Highway 86, Uttar Pradesh
DMF	Dumerta	Orissa	SER	22.185683	84.914683	Rourkela, Orissa
DPJ	Dharmapuri	Tamil Nadu	SWR	12.126595	78.154742	Dharmapuri, Tamil Nadu
DVA	Delvada	Gujarat	WR	20.773429	71.041529	Delvada, Gujarat
DKU	Dumri Khurd	Maharashtra	SECR	21.310416	79.312269	Dumri Khurd, Maharashtra
DNX	Dhansu	Haryana	NR	29.211731	75.801658	National Highway 65, Haryana
DIBL	Dholi Bhal	Gujarat	WR	22.44572	72.0826	Rayaka, Gujarat
DSPN	Deshpran Ph	West Bengal	?	22.029347	87.817047	Bajkul, West Bengal
DTJ	Detroj	Gujarat	WR	23.33202781	72.17654591	State Highway 133, Gujarat
GRN	GURNAY	Punjab	NR	29.87436664	75.8046766	MDR 102, Punjab
GILL	GILL	Punjab	NR	30.840521	75.848169	Ludhiana, Punjab
DTL	DARRITOLA	Chhattisgarh	SECR	23.289638	82.395751	National Highway 78, Chhattisgarh
DWT	Dewan Hat	West Bengal	NFR	26.3029681	89.6653098	Dewan, West Bengal
FNO	FUNGO HALT	Bihar	ECR	25.61873029	86.6044763	Fungo, Bihar
FRD	FARHEDI	Uttar Pradesh	NR	28.71171697	78.79371616	Moradabad- Chandausi Rd, Uttar Pradesh
GKJ	GOLAKGANJ	Assam	NFR	26.108359	89.83065	Golokganj, Assam
FTC	Fatehpur Chursi	Uttar Pradesh	NR	26.843511	80.26179	State Highway 38, Uttar Pradesh
GNGL	Gangauli	Uttar Pradesh	NER	25.668107	82.863093	Jaunpur, Uttar Pradesh
GKK	GOKAK ROAD	Karnataka	SWR	16.205164	74.738839	Belagavi, Karnataka
GRRG	GURLI RAMGARHWA	Uttar Pradesh	NER	27.185739	83.771432	Ghughli Bazar, Uttar Pradesh
FKB	FAKHRABAD	Andhra Pradesh	SCR	18.824644	77.974481	Basara, Andhra Pradesh
GPR	GHORPURI	Maharashtra	CR	18.52782092	73.89344839	Pune, Maharashtra
GHL	GOLHALLI	Karnataka	SWR	13.148289	77.413983	State Highway 74, Karnataka
FSW	Fateh Singhwala	Rajasthan	NWR	29.919979	74.029894	Sri Ganganagar, Rajasthan
DYK	DUDHIA KHURD	Uttar Pradesh	NER	28.46474	80.197805	State Highway 21, Uttar Pradesh
GND	Govindgarh Malikpur	Rajasthan	NWR	27.240582	75.645001	Govindgarh, Rajasthan
GNO	GOREGAON ROAD	Maharashtra	KR	18.162498	73.30253	Raigad, Maharashtra
DWV	DIWANKHAVATI	Maharashtra	KR	17.855413	73.418174	Maharashtra, Maharashtra
GMDN	GIRIMAIDAN	West Bengal	SER	22.340478	87.306151	Kharagpur, West Bengal
GSB	GARNA SAHIB	Punjab	NR	31.78056181	75.65349208	National Highway 1A, Punjab
GKL	GOKULPUR	West Bengal	SER	22.375923	87.293716	Midnapore, West Bengal
GLMA	GULMA	West Bengal	NFR	26.802802	88.403784	National Highway 31, West Bengal
EN	ISAND	Gujarat	WR	23.294039	72.484975	Khodiyar, Gujarat
DXN	DUDDHINAGAR	Uttar Pradesh	ECR	24.20903185	83.21679154	Sonebhadra, Uttar Pradesh
GAJB	GAJARA BAHARA	Madhya Pradesh	WCR	24.05344	82.311761	Gajarbahara, Madhya Pradesh
GMM	Gumman	Himachal Pradesh	NR	30.842438	76.97194	Parwanoo, Himachal Pradesh
GBRI	Gobarwahi	Maharashtra	SECR	21.514747	79.723237	State Highway 251, Maharashtra
DRZ	Dalli Rajhara	Chhattisgarh	SECR	20.586729	81.067973	Dalli Rajhara, Chhattisgarh
GRHM	Gir Hadmatiya	Gujarat	WR	20.988488	70.687208	Jambur, Gujarat
GRKN	Gorakhnath	Orissa	ECoR	20.308158	86.260098	Jagatsinghpur, Orissa
BGL	Bagula	West Bengal	ER	23.33546471	88.64640372	Bagula, West Bengal
GHS	Guru Harsahai	Punjab	NR	30.715001	74.399987	Panjeke, Punjab
GEB	Garh Baruari	Bihar	ECR	26.019349	86.605596	Garh Baruari, Bihar
GAD	Gevra Road	Chhattisgarh	SECR	22.348524	82.64566	Korba, Chhattisgarh
GHRI	Ghori Halt	Uttar Pradesh	NR	27.373959	80.503293	sharda nehar, Uttar Pradesh
GJMB	Ganjmuradabad	Uttar Pradesh	NR	26.987889	80.177008	Sharda Nehar, Uttar Pradesh
GAJU	Gaju Halt	Uttar Pradesh	NR	27.204231	80.372973	State Highway 25, Uttar Pradesh
GNN	GANGINENI	Andhra Pradesh	SCR	16.781754	80.498954	Yerrupalem, Andhra Pradesh
HRW	HARRAWALA	Uttarakhand	NR	30.260892	78.097705	Dehradun, Uttarakhand
NGRS	NAGROTA SURIYAM	Himachal Pradesh	NR	32.051899	76.09101	State Highway 22, Himachal Pradesh
HLN	Hole Narsipur	Karnataka	SWR	12.786495	76.24646	Hassan District, Karnataka
HGL	HARANGUL	Maharashtra	CR	18.385198	76.480912	State Highway 77, Maharashtra
HBL	HOMBAL	Karnataka	SWR	15.520136	75.576122	Belavaniki, Karnataka
HD	HARDA	Madhya Pradesh	WCR	22.338414	77.10084	Harda, Madhya Pradesh
HTL	HATIKHALI	Assam	NFR	25.61107	93.090848	North Cachar Hills, Assam
JAO	JAORA	Madhya Pradesh	WR	23.627773	75.115632	Jaora, Madhya Pradesh
HMK	HINDUMALKOTE	Rajasthan	NR	30.147103	73.925834	National Highway 15, Rajasthan
GUNS	GHUNAS	Punjab	NR	30.320113	75.420592	Ghunas Railway Station, Punjab
HA	HARGAON	Uttar Pradesh	NER	27.769192	80.728229	Hargaon, Uttar Pradesh
HMG	HAMIRGARH	Rajasthan	NWR	25.187264	74.616939	Hamirgarh, Rajasthan
HGI	HAGARI	Karnataka	SCR	15.15123873	77.05174732	National Highway 63, Karnataka
HPRD	HAPA ROAD	Gujarat	WR	23.540458	72.938107	National Highway 8, Gujarat
PTB	PATTAMBI	Kerala	SR	10.80193298	76.18133665	Pattambi, Kerala
PBJM	Pabnawa Jasmahinder Halt	Haryana	NR	29.89569571	76.65271797	Haryana, Haryana
HDD	HADDINAGUNDU	Karnataka	SCR	15.153264	76.979148	National Highway 63, Karnataka
JMS	JAMSAR	Rajasthan	?	28.24751	73.398985	Bikaner, Rajasthan
GLPT	GOALPARA TOWN	Assam	NFR	26.126535	90.620659	Goalpara Town Rail Station, Assam
HBS	HEBSUR	Karnataka	SWR	15.42206	75.283878	Hebsur, Karnataka
GUK	GUNTAKONDURU	Andhra Pradesh	SCR	16.45715	81.077533	P.P.Road, Andhra Pradesh
JAL	JAWALI	Rajasthan	NWR	25.462722	73.396871	Rania, Rajasthan
HZN	Hazrat Nagar Halt	Uttar Pradesh	NR	28.633331	78.665909	Hazrat Nagar, Uttar Pradesh
HLD	Haludpukur	Jharkhand	SER	22.7428208	86.2607646	State Highway 50, Jharkhand
GSGJ	Ghausganj	Uttar Pradesh	NR	27.13512687	80.29182666	Ghausganj, Uttar Pradesh
JMV	Jambara	Madhya Pradesh	CR	21.943048	78.251975	Amla, Madhya Pradesh
HAS	Hassan Junction	Karnataka	SWR	13.003182	76.117359	Hassan, Karnataka
HHR	Hridaypur	West Bengal	ER	22.711098	88.470282	Madhyamgram, West Bengal
HER	Her	Maharashtra	SCR	18.42690339	76.97130647	Latur, Maharashtra
JRKT	JADARAMA KUNTE	Karnataka	SWR	16.28426707	75.83866139	National Highway 13, Karnataka
JGW	JOGIWALA	Punjab	NR	31.093842	75.067432	State Highway 19, Punjab
IKK	IKKAR	Uttarakhand	NR	29.891989	78.099997	Haridwar, Uttarakhand
JCH	JETHA CHANDAN	Rajasthan	NWR	26.999949	71.308307	Chandan, Rajasthan
QSR	KANSRAO	Uttarakhand	NR	30.07856986	78.1417954	Dehradun, Uttarakhand
JSKA	JATAULA SAMPHKA	Haryana	NR	28.372602	76.799492	Hailley Mandi, Haryana
JWS	JHARWASAA	Rajasthan	NWR	26.210097	74.7074	Jharwasa, Rajasthan
JMKR	JAWLMUKHI ROAD	Himachal Pradesh	NR	32.015744	76.226427	Jwalamukhi, Himachal Pradesh
KAWL	KANDWAL HALT	Himachal Pradesh	NR	32.282959	75.769823	Pathankot, Himachal Pradesh
KAYR	KAYAR	Maharashtra	?	19.90643	78.907292	State Highway 233, Maharashtra
JTW	JAITWAR	Madhya Pradesh	WCR	24.740226	80.863876	Jaitwar, Madhya Pradesh
JUK	JAULKA	Maharashtra	SCR	20.28544292	77.0759091	Washim, Maharashtra
JKE	JUKEHI	Madhya Pradesh	WCR	23.986873	80.432389	Jukehi, Madhya Pradesh
KANO	Kanoh	Himachal Pradesh	NR	30.992083	77.118006	Sadhupul, Himachal Pradesh
JIND	JIND JN	Haryana	NR	29.328876	76.289617	Jind, Haryana
JDH	JAM JODHPUR JN	Gujarat	WR	21.906659	70.031387	Jamjodhpur, Gujarat
JKB	Jakhalabandha	Assam	NFR	26.563801	92.991109	Jakhalabandha, Assam
JVT	JIVANTI HALT	West Bengal	ER	24.080517	88.192446	State Highway 11, West Bengal
JMK	JAMUNAMUKH	Assam	NFR	26.108194	92.741306	National Highway 36, Assam
KDL	Kankroli	Rajasthan	NWR	25.049119	73.909586	Rajsamand, Rajasthan
JRQ	JHAROKHAS	Uttar Pradesh	ECR	24.1796157	83.16415065	National Highway 75, Uttar Pradesh
JEA	Nakaha Jungle	Uttar Pradesh	NER	26.803135	83.360755	Gorakhpur, Uttar Pradesh
JOBA	JOBA	Madhya Pradesh	WCR	24.096599	81.762682	Madhya Pradesh, Madhya Pradesh
JMN	JAMUAWAN	Bihar	?	24.81523	85.292477	Jamuawan, Bihar
JRLI	Jaroli	Orissa	?	21.952769	85.419294	Juruli, Orissa
JSS	JASIA	Haryana	?	29.005749	76.649455	National Highway 71A, Haryana
KASU	KASU	Maharashtra	CR	18.64059	73.079446	Maharashtra, Maharashtra
KAL	Kallai	Tamil Nadu	SR	9.977293	78.670312	Kallal, Tamil Nadu
KAWR	KARWAR	Karnataka	KR	14.821387	74.183139	Karwar, Karnataka
IPR	Islampur	Bihar	ECR	25.1385771	85.21730072	Islampur, Bihar
JDB	JAGDALPUR	Chhattisgarh	ECoR	19.066004	82.013757	Jagdalpur, Chhattisgarh
CGKP	CHANDAGIRIKOPAL	Karnataka	SWR	12.478702	76.716049	State Highway 7, Karnataka
JWB	JAWAI BANDH	Rajasthan	NWR	25.114043	73.147325	Pali, Rajasthan
JJJ	Jaijon Doaba	Punjab	NR	31.349656	76.134971	Jaijon Doaba, Punjab
JJG	JiaGanj	West Bengal	ER	24.244268	88.27698	Police Station Rd, West Bengal
NGRI	New Garia			22.4727	88.397713	
HSRA	Hosur	Tamil Nadu	SWR	12.717606	77.822839	Hosur, Tamil Nadu
KBK	Khamil Ghat	Rajasthan	NWR	25.626813	73.864884	State Highway 61, Rajasthan
JCN	Junichavand	Gujarat	WR	21.385151	70.683667	Junichavand, Gujarat
KANS	Kansiya Nes	Gujarat	WR	21.244102	70.640042	State Highway 111, Gujarat
KDM	KESAMUDRAM	Andhra Pradesh	SCR	17.686252	79.896471	Kesamudram, Andhra Pradesh
CNHL	CHINK HILL	Maharashtra	CR	18.099269	75.454685	State Highway 77, Maharashtra
KD	KUNDARKHI	Uttar Pradesh	NR	28.68044443	78.78806506	Kundarki, Uttar Pradesh
COA	Kakinada Port	Andhra Pradesh	SCR	16.955204	82.240057	Kakinada, Andhra Pradesh
JRLE	JANGIPUR ROAD	West Bengal	ER	24.459515	88.04076	Raghunathganj, West Bengal
CKTD	CHITRAKUTDHAM KARWI	Uttar Pradesh	NCR	25.217611	80.922775	Chitrakoot Karvi, Uttar Pradesh
KCM	Kalasumudram	Andhra Pradesh	SCR	14.21716	78.099683	Chennai - Anantpur Rd, Andhra Pradesh
KDK	KOHDAD	Madhya Pradesh	CR	21.70262289	76.36547849	State Highway 15, Madhya Pradesh
CHU	Champion	Karnataka	SWR	12.936251	78.262564	KGF, Karnataka
CJR	CHAMARAJ	Gujarat	WR	22.735539	71.555883	State Highway 17, Gujarat
CJL	CHAJLI	Punjab	NR	30.04298554	75.81228635	Jakhal Rd, Punjab
KEK	KARKHELI	Maharashtra	SCR	18.944571	77.7382	Biloli, Maharashtra
CNPR	CHAINPUR		ECR	23.729821	85.582933	
KDI	KUNDLI	Gujarat	WR	22.27884406	71.68394942	State Highway 38, Gujarat
CIA	CHHEHARTA	Punjab	NR	31.621878	74.794278	Amritsar, Punjab
CNO	CANCONA	Goa	KR	15.006906	74.039454	Ph:-0832-2643331., Goa
CJA	CHONGAJAN	Assam	NFR	26.062329	93.818104	local Rd, Assam
CLR	CASTLE ROCK	Karnataka	SWR	15.397879	74.334484	National Highway 4A, Karnataka
KDO	KADAKOLA	Karnataka	SWR	12.190407	76.663729	Mysore District, Karnataka
JPZ	JOGIGHOPA	Assam	NFR	26.241537	90.576384	National Highway 31B, Assam
CMK	Chamak	Maharashtra	CR			Amravati, Maharashtra
KGN	Kurseong	West Bengal	NFR	26.877401	88.277001	Kurseong, West Bengal
CKMI	Chhotaki Masaudhi Halt		?	25.3303975	85.03175144	
KAWT	Kanwat	Rajasthan	NWR	27.58952144	75.67626637	Kanwat, Rajasthan
CNN	Chintaman Ganes	Madhya Pradesh	WR	23.145849	75.741029	Ujjain, Madhya Pradesh
CMA	Cinnamara	Assam	NFR	26.715527	94.169432	Cinnamora, Assam
CMW	Chima Pahad	Andhra Pradesh	SCR	17.516012	80.463656	Khammam, Andhra Pradesh
CHTT	Chitta Halt	Uttar Pradesh	NCR	17.823439	77.537077	Chitta Halt, Uttar Pradesh
CKD	Charkhi Dadri	Haryana	NWR	28.600799	76.279921	Dist. Bhiwani, Haryana
CKSR	Chak Safaura Halt	Uttar Pradesh	NER	28.211203	79.842478	Mighauna, Uttar Pradesh
CHWT	Chhaprawat	Uttar Pradesh	NR	28.54197033	77.79989096	SH 18, Uttar Pradesh
KDBA	Kodimbala Halt	Karnataka	SWR	12.718252	75.476631	Panja Kadaba Rd, Karnataka
KEMR	KEMRI	Uttar Pradesh	NER	28.809864	79.197796	MDR 33W, Uttar Pradesh
KHTX	KHED TEMPLE HALT	Rajasthan	NWR	25.886234	72.109226	Tilwara, Rajasthan
CPU	CHOPAN	Uttar Pradesh	ECR	24.51403	83.025843	Chopan, Uttar Pradesh
DAC	DAHINSARA JN	Gujarat	WR	22.955607	70.618291	SH 24, Gujarat
PTZ	Patsul	Maharashtra	SCR	21.0022	77.038231	MSH24, Maharashtra
KJA	KHAJURHAT	Uttar Pradesh	NR	26.525308	82.126813	Bikapur, Uttar Pradesh
DBD	DEOBAND	Uttar Pradesh	NR	29.6800315	77.6708734	Deoband, Uttar Pradesh
CRG	CHURAMAN NAGRI	Rajasthan	WCR	27.40119	77.61767	SH 33, Rajasthan
COR	CHITTAURGARH	Rajasthan	WR	24.874341	74.623687	Chittorgarh, Rajasthan
CVB	CAVALRY BARRCKS	Andhra Pradesh	SCR	17.494734	78.518694	Secunderabad, Andhra Pradesh
CUK	CHURK	Uttar Pradesh	NCR	24.6496787	83.1032006	State Highway 14, Uttar Pradesh
KIN	Kapasan	Rajasthan	NWR	24.86221	74.312762	Kapasan, Rajasthan
KHRY	KHAIRAHI	Uttar Pradesh	NCR	24.80203661	82.98577448	State Highway 5, Uttar Pradesh
DAB	DHARMABAD	Maharashtra	SCR	18.88826031	77.8493415	Degaon, Maharashtra
CRD	MUMBAI CURREY ROAD	Maharashtra	CR	18.9937	72.83266	Mumbai, Maharashtra
CTHT	CHATAR HALT	Bihar	ECR	24.842144	85.495374	Chatar, Bihar
CRND	Choranda Junction	Gujarat	WR			Choranda, Gujarat
KLAD	KALANAD HALT	Kerala	SR	12.467679	74.998515	Kasaragod, Kerala
DAS	DHASA JN	Gujarat	WR	21.782545	71.518008	Dhasa, Gujarat
KHD	KHODIYAR	Gujarat	WR	23.156554	72.548244	Sarkhej Gandhinagar Hwy, Gujarat
CTRL	CHHATRAL	Gujarat	WR	23.26246	72.468518	State Highway 133, Gujarat
CTKT	Choti Khatu	Rajasthan	NWR	27.155534	74.35723	Degana, Rajasthan
KKD	Kalkund	Madhya Pradesh	WR	22.47801	75.85927	Mhow, Madhya Pradesh
DAVC	Jalalabad DAV College	Punjab	NR			Jalalabad, Punjab
CRE	Charghat Piparia	Madhya Pradesh	SECR	23.044097	79.929889	Guwarighat, Madhya Pradesh
D	Deula	West Bengal	ER	22.214924	88.281483	National Highway 117, West Bengal
KJV	Khijadiya Junction	Gujarat	WR	21.740875	71.275556	Amreli, Gujarat
DARI	Dhari Junction	Gujarat	WR	21.326767	71.027594	Dhari, Gujarat
DEA	Diara	West Bengal	ER	22.798157	88.280471	State Highway 2, West Bengal
CRN	Charegaon	Madhya Pradesh	SECR	22.04203838	80.14011549	State Highway 11, Madhya Pradesh
CTL	Chital	Gujarat	WR	21.745689	71.218128	SH 34, Gujarat
DPUR	Dadpur			19.972516	83.250076	
KHRI	Kharkhari	Jharkhand	SER	23.760124	86.234894	National Highway 32, Jharkhand
KFH	Katphal	Maharashtra	CR	18.23255147	74.59603217	Baramati, Maharashtra
KJPD	Kurinjipadi	Tamil Nadu	SR	11.572583	79.595999	Kurinjippadi, Tamil Nadu
KLH	Khemli	Rajasthan	NWR	24.690834	73.842386	Khemli, Rajasthan
KLNK	Kalanaur Kalan	Haryana	NWR	28.8349236	76.389612	Kalanaur, Haryana
DDK	Dhindsa	Punjab	NR	30.895838	74.738503	Dhindsa, Punjab
KMT	KHAMMAM	Andhra Pradesh	SCR	17.249347	80.138491	Khammam, Andhra Pradesh
DEU	Devsana	Gujarat	WR			State Highway 133, Gujarat
DEWA	Dewa	Gujarat	WR			Dewa, Gujarat
KTHA	KHUTAHA	Madhya Pradesh	WCR	24.802248	80.86085	MDR 11, Madhya Pradesh
DGJ	DUNGAR JN	Gujarat	WR	21.078274	71.553226	Dungar, Gujarat
KMA	KAIMA	Madhya Pradesh	WCR	24.611085	80.845912	Satna, Madhya Pradesh
KNRG	KANHARGAON NAKA	Maharashtra	SCR	19.94397081	77.14622609	Washim, Maharashtra
KMLM	Kelamangalam	Tamil Nadu	SWR	12.6162	77.865703	Krishnagiri, Tamil Nadu
KTLR	KANTHALIYA ROAD	West Bengal	ER	23.991771	88.179001	Khagraghat - Chowrigacha, West Bengal
KRPR	KAREPUR	Maharashtra	SCR	18.589152	76.681135	State Highway 168, Maharashtra
KNW	KHANDWA	Madhya Pradesh	CR	21.823596	76.353227	Khandwa, Madhya Pradesh
KNG	Kathunangal	Punjab	NR	31.7287	75.015194	National Highway 15, Punjab
DH	Diamond Harbour	West Bengal	ER	22.191902	88.189916	Diamond Harbour, West Bengal
DHY	DHARODI	Haryana	NR	29.6399236	76.05597469	MDR 111, Haryana
KNAR	KHANPUR AHIR	Rajasthan	NWR	27.911754	76.589847	MDR 61, Rajasthan
KOP	C SHAHU M RAJ KOLHAPUR TERM	Maharashtra	CR	16.70257	74.237695	Kolhapur, Maharashtra
KOLI	KESHOLI	Rajasthan	WCR	24.727194	76.790369	Baren, Rajasthan
DGPP	DHENGLI PP GOAN	Maharashtra	SCR	19.406622	76.49169	Satuna, Maharashtra
KTHD	Kothari Road	Chhattisgarh	SECR	22.156964	82.70858	Kothari, Chhattisgarh
KMBL	KHAMBHALIYA	Gujarat	WR	22.217513	69.657344	Khambhalia, Gujarat
KRDL	Kirandul	Chhattisgarh	ECoR	18.757486	81.258131	Kirandul, Chhattisgarh
KNLS	KANALAS JN	Gujarat	WR	22.319955	69.896549	Jamnagar, Gujarat
KODN	KODUMUNDA	Kerala	SR	10.81693051	76.14287908	Thrithala, Kerala
KSDE	KARSINDHU	Haryana	NR	29.392008	76.731866	Panipat, Haryana
KSC	KASHI CHAK	Bihar	ECR	25.070799	85.718754	Nalanda, Bihar
DGNH	DERGAON HALT		?	25.088974	85.751319	
KRYA	KURRAIYA	Uttar Pradesh	NER	28.416819	80.244212	Chauhan Rd, Uttar Pradesh
KRJD	KARJODA	Gujarat	NWR	24.218469	72.455671	Chhapi, Gujarat
KPKI	QASIMPUR KHERI	Uttar Pradesh	NR	29.18277	77.28593	State Highway 57, Uttar Pradesh
KMSD	Kumar Sadra	Chhattisgarh	ECoR	18.912986	81.671506	National Highway 16, Chhattisgarh
KPE	Kauwapur	Uttar Pradesh	NER	27.51582161	82.29790151	MDR 10E, Uttar Pradesh
KSUA	Kashipura	Gujarat	WR	23.120701	73.170262	State Highway 59, Gujarat
KRA	Karepalli	Andhra Pradesh	SCR	17.511408	80.271865	Karepally, Andhra Pradesh
KTRD	Katosan Road	Gujarat	WR	23.409181	72.246237	State Highway 216, Gujarat
DHK	Dhakuria	West Bengal	ER	22.51554	88.371504	Kolkata, West Bengal
KNL	Kalanwali	Haryana	NWR	29.835057	74.97985	Kalanwali, Haryana
LHU	Loharu	Haryana	NWR	28.427051	75.801613	Bhiwani Distt., Haryana
DNHK	DHINDHORA HKMKD	Rajasthan	WCR	26.803925	77.103482	Dhindhora, Rajasthan
LKY	LAKHMAPUR	Karnataka	SWR	15.870282	75.627712	Muttalageri, Karnataka
LPW	Loharpurwa	Uttar Pradesh	NER	27.082641	83.268484	Loharpurwa, Uttar Pradesh
LNS	LUNSU HALT	Himachal Pradesh	NR	32.018944	76.1797	Lunsu, Himachal Pradesh
LER	Lehra	Uttar Pradesh	NER	27.161243	83.234142	Lehra Railway Station Rd, Uttar Pradesh
MKRA	MAKRERA	Rajasthan	NWR	26.31092531	74.5333716	Kharwa, Rajasthan
LHN	LACHYAN	Maharashtra	SWR	17.27957376	75.97170146	Solapur, Maharashtra
LAUL	LAUL	Maharashtra	CR	18.03387288	75.39501005	State Highway 161, Maharashtra
KVC	KAPARPURA	Bihar	ECR	26.179892	85.309233	National Highway 28, Bihar
LDCY	LODI COLONY	Delhi NCT	NR	28.579455	77.216548	Najafkhan Rd, Delhi NCT
MDPA	MANDPIYA	Rajasthan	NWR	25.261369	74.635713	National Highway 79, Rajasthan
KTE	KATNI	Madhya Pradesh	WCR	23.833385	80.400543	Katni, Madhya Pradesh
KY	KARELI	Madhya Pradesh	WCR	22.932344	79.066765	Kareli, Madhya Pradesh
LMD	LINGANENIDODDI	Andhra Pradesh	SCR	15.399929	77.703397	Rayalaseema Region, Andhra Pradesh
KXX	KATA ROAD	Maharashtra	SCR	20.187339	77.11088	Washim, Maharashtra
KURJ	KHAJURAHO	Madhya Pradesh	NCR	24.7969839	79.8900217	National Highway 75, Madhya Pradesh
LKT	HULKOTI	Karnataka	SWR	15.434667	75.531958	National Highway 63, Karnataka
LAD	Lohardaga	Jharkhand	SER	23.445967	84.70733	National Highway 75, Jharkhand
KVS	KALSUR	Karnataka	SWR	14.88804207	75.40095654	haveri, Karnataka
KZPR	KAZIPARA	West Bengal	ER	23.909854	88.188491	Khagraghat - Chowrigacha, West Bengal
LMG	LUMDING JN	Assam	NFR	25.750036	93.1766	Lumding. Ph:-03674-263366, Assam
LR	LADPURA	Rajasthan	NWR	26.504385	74.728726	Ajmer, Rajasthan
KZX	KHUDDA KORALA	Punjab	NR	31.729693	75.647484	Khuda, Punjab
MHJ	MAHAJAN	Rajasthan	NWR	28.793007	73.853666	Mahajan, Rajasthan
LKS	LUNKARANSAR	Rajasthan	NWR	28.493395	73.743155	Lukhransar, Rajasthan
MJBT	MAJBAT			26.784587	92.287814	
LUNI	LUNI JN	Rajasthan	NWR	26.001256	73.003175	Luni, Rajasthan
KTRR	Kathara Road	Uttar Pradesh	NCR	26.310011	80.228735	Kanpur Nagar, Uttar Pradesh
KWW	Kuswa	Uttar Pradesh	NCR	27.473814	78.403697	MDR 106W, Uttar Pradesh
KUDL	KUDAL	Maharashtra	KR	16.017651	73.67813	Kudal, Maharashtra
KUL	KALLAYI	Kerala	SR	11.234607	75.788884	Calicut, Kerala
KVM	Kavutaram	Andhra Pradesh	SCR	16.32892	81.069608	Krishna, Andhra Pradesh
DNZ	Dhanori	Maharashtra	CR			SH244, Maharashtra
MAD	MADDUR	Karnataka	SWR	12.604742	77.049522	Mandya District, Karnataka
KUPR	Khurdpur	Punjab	NR	31.424854	75.72317	Adampur, Punjab
BDYR	Bidyadabri			26.271855	89.767506	
MAH	Madhoganj	Uttar Pradesh	NR	27.117963	80.135457	Hardoi, Uttar Pradesh
LOV	Lovedale	Tamil Nadu	SR	11.382403	76.704285	Ooty, Tamil Nadu
LKQ	Laukaha Bazar	Bihar	ECR	26.543198	86.463013	Madhubani, Bihar
KVLR	Karuvalli	Tamil Nadu	SWR	11.831114	78.027912	Salem district, Tamil Nadu
LSG	Lawa Sardargarh	Rajasthan	NWR	25.272756	73.948453	State Highway 56, Rajasthan
MJL	MAJHOWLIA	Bihar	ECR	26.802772	84.619139	Vikash Village, Bihar
JML	Jumnal			16.72300229	75.71413356	
MNKB	MIYONKA BARA	Rajasthan	NWR	25.872727	72.728511	Samdhari, Rajasthan
MBG	MAIBANG	Assam	NFR	25.30497	93.135371	North Cachar Hills, Assam
MKR	MADDIKERA	Andhra Pradesh	SCR	15.256635	77.411496	Guntakal, Andhra Pradesh
MC	MANDAPAM CAMP	Tamil Nadu	SR	9.281533	79.134997	Mandapam, Tamil Nadu
LUR	LATUR	Maharashtra	CR	18.429166	76.556049	Latur, Maharashtra
MJPB	Manjhra Purab	Uttar Pradesh	NER	28.300646	81.160402	Manjhra Purab, Uttar Pradesh
LTRR	LATUR ROAD	Maharashtra	SCR	18.506494	76.845289	SH 3, Maharashtra
MKHR	MARWAR KHARA	Rajasthan	NWR	27.06056944	72.13007151	Jodhpur, Rajasthan
MABD	MAHBUBABAD	Andhra Pradesh	SCR	17.597561	79.999792	Mahbubabad, Andhra Pradesh
MGG	MANGLIYA GAON	Madhya Pradesh	WR	22.815074	75.918051	Mangilya, Madhya Pradesh
MGL	MANGELA	Karnataka	?	16.223191	75.749383	Mugalolli, Karnataka
MDS	MANDASOR	Madhya Pradesh	WR	24.075937	75.076343	Mandsaur, Madhya Pradesh
MAKH	MOKHAMPURA	Rajasthan	NWR	26.030315	74.68323	National Highway 79, Rajasthan
MAY	MARIAHU	Uttar Pradesh	NR	25.597006	82.598166	Mariahu, Uttar Pradesh
MLDE	MADLAUDA	Haryana	NR	29.399824	76.809711	Panipat, Haryana
MED	MEDCHAL	Andhra Pradesh	SCR	17.639335	78.474557	Rangareddy, Andhra Pradesh
ME	MASAIPET	Andhra Pradesh	SCR	17.88053655	78.46695707	Medak, Andhra Pradesh
MDVR	MADHAVNAGAR	Maharashtra	CR	16.886605	74.575493	Sangli, Maharashtra
KDRD	KHULDIL ROAD	Uttar Pradesh	ECR	24.368372	82.86161	Obra, Uttar Pradesh
MLI	MANGALIYAWAS	Rajasthan	NWR	26.278197	74.492705	Mangaliyawas, Rajasthan
MDT	MADARIHAT	West Bengal	NFR	26.69455139	89.27455902	National Highway 31C, West Bengal
DWDI	Dighwa Dubauli	Bihar	NER	26.26522955	84.74324864	Saran, Bihar
MHV	MAHUVA JN	Gujarat	WR	21.09412	71.756011	Mahuva, Gujarat
MHBZ	Mahtha Bazar	Uttar Pradesh	NER	27.391561	82.957379	Mahtha Bazar, Uttar Pradesh
MIM	Maniram	Uttar Pradesh	NER	26.838267	83.342407	National Highway 29, Uttar Pradesh
MBV	Mirzapur Bachhaud	Haryana	NWR	28.077937	76.198447	State Highway 26, Haryana
MDDG	Malad Gaon	Maharashtra	CR	18.36212	74.596581	National Highway 9 Daund, Maharashtra
MNJR	Manjhlepur	Uttar Pradesh	NR	25.994578	81.178625	State Highway 38, Uttar Pradesh
MGF	Mandagere	Karnataka	SWR	12.730158	76.378905	Mandya District, Karnataka
GADH	Goaldih	Orissa	?	21.726323	85.546265	Padmapur, Orissa
MDE	Makhdumpur Gaya	Bihar	ECR	25.077131	84.979105	Jehanabad, Bihar
MHQ	Mahuda	Jharkhand	SER	23.747481	86.270783	National Highway 32, Jharkhand
MMD	Maheshmunda	Jharkhand	ER	24.232416	86.389033	Maheshmunda, Jharkhand
MRHT	MORANHAT	Assam	NFR	27.1829782	94.9193076	Sibsagar, Assam
MTMI	MOTIMARI	Andhra Pradesh	SCR	16.956602	80.320896	Motimarri Station, Andhra Pradesh
MVN	MILAVITTAN	Tamil Nadu	SR	8.811577	78.087335	Thoothukudi, Tamil Nadu
MQC	MUNDKA	Delhi NCT	NR	28.6884912	77.02856887	Mundka, Delhi NCT
MRV	MARSUL	Maharashtra	SCR	19.233398	77.098156	Purna, Maharashtra
MY	MALLIYAM	Tamil Nadu	SR	11.079116	79.595866	State Highway 64, Tamil Nadu
MOPR	MOHANPURA	Rajasthan	NR	29.992445	73.845031	National Highway 15, Rajasthan
MSR	MASUR	Maharashtra	CR	17.404241	74.144209	Satara, Maharashtra
MPLM	MARTHIPALAYAM	Tamil Nadu	SR	11.021579	78.023359	Erode - Unjalur - Kodumudi - Karur Rd, Tamil Nadu
NRD	NARODA	Gujarat	WR	23.085662	72.658017	Ahmedabad, Gujarat
MUUA	MAHUAWA KHURD	Uttar Pradesh	NER	26.854361	83.593922	State Highway 64, Uttar Pradesh
MSH	MAHESANA JN	Gujarat	WR	23.602623	72.388708	Mehsana, Gujarat
NIIJ	NILAJE	Maharashtra	CR	19.155062	73.079908	Nilaje, Maharashtra
MUKE	MUKKALI	Kerala	SR	11.68423	75.550362	Chombala, Kerala
MVF	MANABAR	Orissa	ECoR	18.839732	82.695903	Manabar Station, Orissa
MYS	MYSORE JN	Karnataka	SWR	12.318946	76.646013	JLB Road Mysore, Karnataka
MRF	Marpalli	Andhra Pradesh	SCR	17.54542	77.771485	Veerlapally, Andhra Pradesh
MSS	Masarahalli	Karnataka	SWR	13.804192	75.735905	Shimoga, Karnataka
MPE	Malatipur	West Bengal	ER	22.651892	88.762823	Malotipur Railway Station, West Bengal
NPS	Napasar	Rajasthan	NWR	27.980942	73.56399	Napasar, Rajasthan
MZU	Marandahalli	Tamil Nadu	SWR	12.388944	78.017329	Dharmapuri, Tamil Nadu
MXP	Malupota	Punjab	NR	31.184014	75.965393	Phagwara - Mohali Expy, Punjab
MPG	Manpur Nagaria	Uttar Pradesh	NER	27.908304	78.818201	State Highway 33, Uttar Pradesh
MTND	Mattagajpur	Orissa	ECoR	20.441552	85.946128	Mattagajpur, Orissa
PAW	PANDABESWAR	West Bengal	ER	23.711965	87.277416	Bardhaman, West Bengal
MYR	MAIHAR	Madhya Pradesh	WCR	24.255485	80.763148	Maihar, Madhya Pradesh
NBUE	NIBKARORI	Uttar Pradesh	NCR	27.32874892	79.40995966	Nibkarori, Uttar Pradesh
PBN	PARBHANI JN	Maharashtra	SCR	19.25746	76.774119	Parbhani, Maharashtra
PAU	PURNA JN	Maharashtra	SCR	19.180527	77.024985	Purna, Maharashtra
OSN	OSIYAN	Rajasthan	NWR	26.729223	72.899779	Osiyan, Rajasthan
NGTG	New Gitaldaha	West Bengal	NFR	26.0707762	89.5868746	New Gitaldaha, West Bengal
PBM	PAMBAN JN	Tamil Nadu	SR	9.279729	79.213482	Pamban, Tamil Nadu
ORDI	ORDI	Rajasthan	WR	24.83576663	74.63042028	National Highway 79, Rajasthan
NM	Naimisharanya	Uttar Pradesh	NR	27.355137	80.484435	MDR 74C, Uttar Pradesh
PALM	PALAIYAM	Tamil Nadu	SR	10.718615	78.129081	Karur, Tamil Nadu
PHC	PANCHOT	Gujarat	WR	23.635162	72.339879	State Highhway 55, Gujarat
NVLN	NAWALGOHAN	Maharashtra	SCR	19.79863469	77.12327222	Hingoli, Maharashtra
NLE	NILESHWAR	Kerala	SR	12.255885	75.13575	Nileswaram, Kerala
NWD	NAWADIH	Bihar	ECR	24.886758	85.548645	Nawada, Bihar
NNGL	Naya Nangal	Punjab	NR	31.378961	76.354211	Near CAN plant nangal, Punjab
JMM	JAIMURTINAGAR F			26.836932	85.066065	
NAU	NADAPURAM ROAD	Kerala	SR	11.639509	75.575581	Madappallly, Kerala
NHF	Nihasta Halt	Uttar Pradesh	NR	26.212313	80.925035	State Highway 38, Uttar Pradesh
PANP	PANDAVAPURA	Karnataka	SWR	12.463018	76.681387	SH 19 Junction Mandya District, Karnataka
NVU	NAVALUR	Karnataka	SWR	15.415518	75.055491	Dharwad - Hubli Hwy, Karnataka
NYY	NEYYATTINKARA	Kerala	SR	8.41041	77.08111	Thiruvananthapuram, Kerala
NLQ	Nangal Pathani Halt	Haryana	NWR	28.364489	76.496786	Nangal Pathani, Haryana
NRJ	Narimogaru	Karnataka	SWR	12.74638568	75.29242739	Puttur subrahmanya state highway 100, Karnataka
GNV	Gandevi	Gujarat	WR			Gandevi, Gujarat
NRKP	Narkopi	Jharkhand	SER	23.37562044	85.01562358	Ranchi, Jharkhand
GNS	Ghonsor	Madhya Pradesh	SECR	22.658083	79.95091	Ghansor, Madhya Pradesh
NNP	Nanpara Junction	Uttar Pradesh	NER	27.859887	81.512594	Nanpara, Uttar Pradesh
NMGY	Numaligarh	Assam	NFR	26.601184	93.865713	NMGY, Assam
NPR	Nepalganj Road	Uttar Pradesh	NER	28.010872	81.60073	Midwest, Uttar Pradesh
NKR	Nimar Kheri	Madhya Pradesh	WR	22.11119	76.150998	State Highway 27, Madhya Pradesh
NTV	Nautanwa	Uttar Pradesh	NER	27.42688	83.421297	Nautanwa, Uttar Pradesh
NTM	Narthamalai	Tamil Nadu	SR	10.506577	78.78914	Trchy - Pudukottai - Ramanathapuram Rd, Tamil Nadu
PAQ	PADIYA NAQLA	Uttarakhand	NER	29.085837	78.90761	National Highway 74, Uttarakhand
PKNA	PAKHNA	Uttar Pradesh	NCR	27.302522	79.304318	Pakhna, Uttar Pradesh
PO	PARANGIPETTAI	Tamil Nadu	SR	11.476847	79.736045	Parangipettai, Tamil Nadu
PPH	PIPRI DIH	Uttar Pradesh	NER	25.879046	83.500574	State Highway 67, Uttar Pradesh
PPU	PIPARPUR	Uttar Pradesh	NR	26.137823	82.038949	State Highway 9, Uttar Pradesh
PSLP	PASALAPUDI	Andhra Pradesh	SCR	16.470923	81.095153	Putlacheruvu, Andhra Pradesh
OTR	MOTURU	Andhra Pradesh	SCR	16.439969	81.051142	Coastal Andhra Region, Andhra Pradesh
PDZ	PILIODA	Rajasthan	WCR	26.606366	76.864382	SH 1, Rajasthan
PJK	PANJ KOSI	Rajasthan	NR	30.137676	74.057408	Diwan Khera, Rajasthan
PKK	PAKKI	Punjab	NR	30.164759	74.355504	National Highway 15, Punjab
NVT	NAVIPET	Andhra Pradesh	SCR	18.770457	78.013194	Nizamabad, Andhra Pradesh
PGG	PENGANGA	Maharashtra	SCR	19.96032136	77.12304513	Washim, Maharashtra
PBV	Paliba	Orissa	ECoR	18.659915	82.695712	Paliba Station, Orissa
PDG	PARADGAON	Maharashtra	SCR	19.629143	76.147387	Usmanpur, Maharashtra
PPDE	PANDU PINDARA	Haryana	NR	29.307976	76.371308	Jind, Haryana
PCL	Pulicherla	Andhra Pradesh	SCR	13.598983	79.040396	Pulicherla Station, Andhra Pradesh
BNDA	BANDA JN	Uttar Pradesh	NCR	25.477677	80.336246	Banda(05192-224813), Uttar Pradesh
QRP	KILA RAIPUR	Punjab	NR	30.759177	75.827486	Delhon Pakhowal Rd, Punjab
PLCJ	PHALODI JN	Rajasthan	NWR	27.124914	72.366863	Phalodi, Rajasthan
PDR	Payagpur	Uttar Pradesh	NER	27.407067	81.776186	State Highway 30, Uttar Pradesh
PRDG	PORADANGA HALT	West Bengal	ER	24.26027265	88.22616465	Lalgola, West Bengal
PAS	PASUR	Tamil Nadu	SR	11.236641	77.857087	Namakkal, Tamil Nadu
PSAE	PURBASTHALI	West Bengal	ER	23.453302	88.323896	Purbasthali, West Bengal
PNVT	PANCHARATNA	Assam	NFR	26.158866	90.555996	Makri Rail Station, Assam
HFG	Haflong Hill	Assam	NFR			North Cachar Hills, Assam
PPW	Pachperwa	Uttar Pradesh	NER	27.528038	82.657808	Semari - Bisokhar Rd, Uttar Pradesh
PKB	PATHARKHOLA S	Assam	NFR	25.77893135	93.10297773	NH54, Assam
PNT	PANITOLA	Assam	NFR	27.49675109	95.2499424	A T Rd, Assam
PNGI	Panangudi	Tamil Nadu	SR	9.921169	78.612621	Madurai - Thondi Rd, Tamil Nadu
PCH	PACHHAPUR	Karnataka	SWR	16.093145	74.672174	Rustumpur, Karnataka
PLV	PALSI	Maharashtra	CR	17.812195	74.111907	Wathar-Koregaon Rd, Maharashtra
PRSP	PRASADPUR	Uttar Pradesh	NER	28.54694	80.081172	Prasadpur, Uttar Pradesh
PJ	Peppeganj	Uttar Pradesh	NER	26.930569	83.294438	Sahibganj, Uttar Pradesh
PN	PANSAR	Gujarat	WR	23.307875	72.47975	Palanpur, Gujarat
PDY	Puducherry	Puducherry	SR	11.925446	79.828127	South Blvd, Puducherry
PIS	Piska	Jharkhand	SER	23.32954274	85.20610188	Ranchi, Jharkhand
PFU	Padua	Orissa	ECoR	18.396744	82.687882	Paduwa Station, Orissa
NUJ	Nujella	Andhra Pradesh	SCR	16.386599	81.022402	Krishna, Andhra Pradesh
HT	Hotar	West Bengal	ER	22.308541	88.399008	Sherpur Dhamua Rd, West Bengal
PRSL	Pandrasali	Jharkhand	SER	22.63341	85.806909	National Highway 75, Jharkhand
PHM	Patapatnam	Andhra Pradesh	ECoR	18.74075263	84.08146989	Srikakulam District, Andhra Pradesh
PM	PALAM	Delhi NCT	NR	28.585656	77.09295	Sadh Nagar I, Delhi NCT
PTAE	PATULI	West Bengal	ER	23.54758541	88.25171386	State Highway 6, West Bengal
BKIT	BINKADAKATTI			15.43671405	75.59547386	
PVR	PANDHARPUR	Maharashtra	CR	17.66849	75.319283	Pandharpur Ph:02186-223227, Maharashtra
ROS	RAJOSI	Rajasthan	NWR	26.312897	74.671814	MDR 79, Rajasthan
RJT	RAJKOT JN	Gujarat	WR	22.312206	70.803446	Rajkot, Gujarat
INDB	INDORE JN BG	Madhya Pradesh	WR	22.71757	75.868429	Indore, Madhya Pradesh
RGI	RAMGIRI	Karnataka	SWR	13.95014469	76.12545422	Shivani Rd, Karnataka
RBG	RAYBAG	Karnataka	SWR	16.48337451	74.80682566	Belagavi, Karnataka
SBNR	SHRI VIJAINAGAR	Rajasthan	NWR	29.240494	73.523389	Vijaynagar, Rajasthan
PNHR	PANIHAR	Madhya Pradesh	WCR	26.099221	78.014931	Gwalior, Madhya Pradesh
KRBR	KERKHABARI			26.300344	90.625041	
PVZ	Parvezpur	Rajasthan	NWR	28.510828	75.728178	damkora, Rajasthan
PP	PURANPUR	Uttar Pradesh	NER	28.514911	80.150951	Puranpur, Uttar Pradesh
RKZ	RAJKIAWAS	Rajasthan	NWR	25.75038	73.523536	Marwar, Rajasthan
RMGM	RAMANAGARAM	Karnataka	SWR	12.720096	77.283451	Ramanagara, Karnataka
RKY	KOTHARIYA	Gujarat	WR	22.176807	70.814382	State Highway 122, Gujarat
RBR	RIBADA	Gujarat	WR	22.124961	70.800952	State Highway 233, Gujarat
CKA	Chak Pakhhewala	Punjab	NR	30.434234	74.19716	Chimne Wala, Punjab
RN	RATNAGIRI	Maharashtra	KR	17.002793	73.356938	Ratnagiri 02352228951, Maharashtra
MIX	Manipuram Cabin			16.29953	80.45759	
REJ	Rejinagar	West Bengal	ER	23.85009	88.259255	National Highway 34, West Bengal
RHMA	Rahama	Orissa	ECoR	20.298605	86.405224	Nathang, Orissa
RMPH	Rampahari	Madhya Pradesh	NCR	26.2365	77.357146	State Highway 2, Madhya Pradesh
RDV	Radha Balampur	Uttar Pradesh	NR	26.083856	81.107034	State Highway 13A, Uttar Pradesh
PUW	Patuwas Mehrana	Haryana	NWR	28.557035	76.333688	Mehrana, Haryana
RGU	Ragaul	Uttar Pradesh	NCR	25.686945	80.129683	Maudaha, Uttar Pradesh
PTYR	Patiyara	Uttar Pradesh	NR	26.627948	80.476502	Patiyara, Uttar Pradesh
PUMU	Penumarru	Andhra Pradesh	SCR	16.131433	80.77586	Koteparu, Andhra Pradesh
RNGG	Rangaliting	Assam	NFR	26.656417	93.918286	Rangaliting, Assam
RYP	RAYANAPAD	Andhra Pradesh	SCR	16.577504	80.562937	Rayanapad Station, Andhra Pradesh
RMD	RAMANATHAPURAM	Tamil Nadu	SR	9.358387	78.836862	Ramanathapuram, Tamil Nadu
SFPR	Safipur	Uttar Pradesh	NR	26.744344	80.354767	Unnao, Uttar Pradesh
RSH	Ratan Shahr	Rajasthan	NWR	28.15811944	75.52398099	Jhunjhunu, Rajasthan
JLY	Jhilmili	Madhya Pradesh	SECR	22.054052	79.154333	Jhilmili, Madhya Pradesh
SDD	SINDHAWADAR	Gujarat	WR	22.546528	70.894135	Sindhavadar, Gujarat
SII	SITIMANI	Karnataka	SWR	16.31992	75.865598	Dam Inspection Rd, Karnataka
SHSK	SAHARSRAKUND	Maharashtra	SCR	19.402665	78.007953	Nanded, Maharashtra
SFM	SUNAM	Punjab	NR	30.130335	75.808761	Sunam, Punjab
SBLT	SHRI BHADRIYA LATHI	Rajasthan	NWR	27.030421	71.515941	Lathi, Rajasthan
SBZ	SISWA BAZAR	Uttar Pradesh	NER	27.14956695	83.75634907	Siswa Bazar, Uttar Pradesh
SGL	SAGAULI JN	Bihar	ECR	26.758187	84.73934	Sugauli, Bihar
SGW	SINGWAL	Rajasthan	NWR	26.061015	74.682759	National Highway 79, Rajasthan
SDH	SARADHNA	Rajasthan	NWR	26.34042601	74.56620475	Mangaliyawas, Rajasthan
SBH	SULEBHAVI	Karnataka	SWR	15.912563	74.641724	Belagavi, Karnataka
SDT	SADAT	Uttar Pradesh	NER	25.673309	83.308384	Mahpur Sadat Marg, Uttar Pradesh
SHAN	SRINIVASA NAGAR	Andhra Pradesh	SCR	17.90995578	78.46192055	Ramanthapur, Andhra Pradesh
SCP	SIRNAPALLI	Andhra Pradesh	SCR	18.487478	78.271132	Sirnapalli, Andhra Pradesh
RJI	RAJAWARI	Uttar Pradesh	NER	25.497689	83.130772	National Highway 29, Uttar Pradesh
SEU	SENDRA	Rajasthan	NWR	26.077974	74.194143	Sendra, Rajasthan
SKLR	Sakleshpur	Karnataka	SWR	12.945368	75.778745	Sakleshpur, Karnataka
SHV	SHIVANI	Karnataka	SWR	13.81113967	76.05823629	Shivani Rd, Karnataka
RWO	RANAVAV	Gujarat	WR	21.698214	69.726078	Ranavav, Gujarat
SHMI	SHIROOR	Karnataka	KR	13.930712	74.593966	Uttara Kannada, Karnataka
S	SHRIRANGAPATNA	Karnataka	SWR	12.4247	76.678033	Mandya District, Karnataka
RXL	RAXAUL JN	Bihar	ECR	26.987018	84.844564	Raxaul, Bihar
SDS	Sadulshahr	Rajasthan	NWR	29.90264143	74.17270445	Sadul Shahar, Rajasthan
SMPR	Shri Madhopur	Rajasthan	NWR	27.457628	75.598294	Sri Madhopur, Rajasthan
SCQ	Sham Chaurasi	Punjab	NR	31.45851	75.76642	Distt. Hoshiarpur, Punjab
NDRT	Nangal Degrota			28.367897	76.067464	
SDBH	Sindri Block Hut	Jharkhand	ECR	23.692944	86.447091	Pathardih, Jharkhand
JWKA	Jandwala Kharta			30.35763393	74.0290538	
SMLT	SAMLOTI	Himachal Pradesh	NR	32.098872	76.360945	National Highway 20, Himachal Pradesh
SKGH	SAKTESGARH	Uttar Pradesh	NCR	24.999741	82.821887	Saktesgarh Railway Station, Uttar Pradesh
SNGR	SANGANAPUR	Maharashtra	SCR	19.188596	76.7364	State Highway 148, Maharashtra
SPDR	SHEOPRASADNAGER	Chhattisgarh	SECR	23.303628	82.789857	National Highway 78, Chhattisgarh
SRU	SALEMPUR JN	Uttar Pradesh	NER	26.298048	83.923271	Salempur, Uttar Pradesh
SNAP	SONA ARJUNPUR	Uttar Pradesh	NR	29.75828051	77.45252833	State Highway 57, Uttar Pradesh
SQD	SATTIRAKKUDI	Tamil Nadu	SR	9.400229	78.704868	Ramanathapuram, Tamil Nadu
SNKG	SANKARAGUMMANUR HALT	Andhra Pradesh	SCR	15.167166	77.235523	National Highway 63, Andhra Pradesh
SONI	SONI	Madhya Pradesh	NCR	26.527305	78.555226	SH 19, Madhya Pradesh
SMAE	SAMUDRAGARH	West Bengal	ER	23.335767	88.324967	Samudragarh, West Bengal
SFX	SAFILGUDA	Andhra Pradesh	SCR	17.461671	78.53311	Secunderabad, Andhra Pradesh
SLGH	SHELGOAN H	Maharashtra	SCR	19.08013093	77.58839078	Mudkhed, Maharashtra
SNH	SAUNSHI	Karnataka	SWR	15.206786	75.295781	Saunshi, Karnataka
SSGJ	SURSARAIGHAT JH	Madhya Pradesh	WCR	24.023428	82.124918	Shidi, Madhya Pradesh
PAV	Pedana	Andhra Pradesh	SCR	16.252107	81.143792	Pedana, Andhra Pradesh
SJPM	SUJATA PURAM HALT	Karnataka	SWR	12.140253	76.675521	Nanjangudu, Karnataka
STR	SATARA	Maharashtra	CR	17.688361	74.063727	SH 58, Maharashtra
SRVN	Sravanur	Karnataka	SWR	12.743443	76.355604	Sravanur, Karnataka
SKU	Sikroda	Madhya Pradesh	NCR	26.336915	77.732363	Morena(0753-2226392), Madhya Pradesh
SLB	SALBONI	West Bengal	SER	22.640971	87.321899	Salbani, West Bengal
SRJM	SIRJAM	West Bengal	SER	23.403864	86.835097	Purulia District, West Bengal
SSB	SHAKURBASTI	Delhi NCT	NR	28.68022733	77.12991159	Pitampura, Delhi NCT
SML	Shimla	Himachal Pradesh	NR	31.102794	77.159932	Shimla, Himachal Pradesh
KARO	Khario P.H.		?	23.835655	86.192092	
SN	Sukna	West Bengal	NFR	26.790887	88.363493	Hill Cart Rd, West Bengal
SMKT	Somankatti	Karnataka	SWR	15.766716	75.632594	State Highway 30, Karnataka
SIRA	Sirhi Itara	Uttar Pradesh	NCR	26.367008	80.215235	Sirhiltara, Uttar Pradesh
SOT	Shohratgarh	Uttar Pradesh	NER	27.374711	82.969293	Railway Station, Uttar Pradesh
SRMP	Sirsi Mukhdumpr	Uttar Pradesh	NR	28.633209	78.635169	Sirsi Mukhdumpr, Uttar Pradesh
SURP	Suratpura	Rajasthan	NWR	28.661958	75.406758	National Highway 65, Rajasthan
PTS	Patansaongi	Maharashtra	SECR	21.344445	79.010677	Nagpur, Maharashtra
SIY	Sirry	Chhattisgarh	SECR	20.990441	81.731233	National Highway 43, Chhattisgarh
KBPR	Kabakaputtur	Karnataka	SWR	12.7683965	75.2045015	Puttur, Karnataka
SWO	Sonwara	Himachal Pradesh	NR	30.894075	77.004229	National Highway 22, Himachal Pradesh
SRTN	SIBSAGAR TOWN	Assam	NFR	26.989968	94.643517	Sibsagar, Assam
JMD	Jamdha	Maharashtra	CR	20.574085	74.985547	Jamda, Maharashtra
THAN	THAN JN	Gujarat	WR	22.57896	71.206533	Thangadh, Gujarat
TIP	TATTAPPARAI	Tamil Nadu	SR	8.828581	78.022486	State Highway 77, Tamil Nadu
TJ	THANJAVUR	Tamil Nadu	SR	10.778085	79.138296	Thanjavur, Tamil Nadu
THPR	TIPPAPUR	Andhra Pradesh	SCR	18.19412214	78.37737983	National Highway 7, Andhra Pradesh
SUNR	SURENDRANAGAR	Gujarat	WR	22.7443	71.630056	Surendra Nagar, Gujarat
TLMG	TALMADUGU	Andhra Pradesh	?	19.64177583	78.39635424	Sitagondi, Andhra Pradesh
TL	TILONIYA	Rajasthan	NWR	26.652675	74.934194	Ajmer, Rajasthan
SUNM	SUNAMAI HALT	Uttar Pradesh	NR	28.097372	78.220525	Sunamai, Uttar Pradesh
THM	THALYAT HAMIRA	Rajasthan	NWR	26.992726	71.077426	Hamira, Rajasthan
TGT	TINAI GHAT	Karnataka	SWR	15.449132	74.404471	National Highway 4A, Karnataka
SVL	Sevaliya	Gujarat	WR	22.807897	73.344328	Sevaliya, Gujarat
THX	TOVALAI	Tamil Nadu	SR	8.228257841	77.50621583	Thovalai, Tamil Nadu
THW	THARWAI	Uttar Pradesh	NR	25.53921886	81.91469331	Tharwai, Uttar Pradesh
SVNR	SAVANUR	Karnataka	SWR	14.96170893	75.40631885	State Highway 6, Karnataka
STE	Sagarkatte	Karnataka	SWR	12.4233817	76.47887666	Sagarkatte, Karnataka
TBTN	THANA BHAWAN TN	Uttar Pradesh	NR	29.58113	77.402047	Thana Bhawan, Uttar Pradesh
TIC	TIMMACHIPURAM	Tamil Nadu	SR	10.952368	78.37531	Karur, Tamil Nadu
TDO	TANDA URMAR	Punjab	NR	31.672179	75.637595	Urmar Tanda, Punjab
SZN	Shahbaznagar	Uttar Pradesh	NER	27.928906	79.88703	Shahbaznagar, Uttar Pradesh
SZV	Sivadi	Tamil Nadu	SWR	12.039872	78.118844	Dharmapuri, Tamil Nadu
TBA	Timba Road	Gujarat	WR	22.781628	73.385859	National Highway 59, Gujarat
SUBR	Subhagpur	Uttar Pradesh	NER	27.26251	82.017643	MDR 10E, Uttar Pradesh
SRBA	Saragbundia	Chhattisgarh	SECR	22.212297	82.732324	Janjgir-Champa, Chhattisgarh
SZY	Silak Jhori	Chhattisgarh	ECoR	18.982188	81.672904	National Highway 16, Chhattisgarh
TKP	Takipur	West Bengal	ER	24.303242	87.920594	National Highway 60, West Bengal
SRJN	Sirajnagar Halt	West Bengal	ER	23.818591	88.27076	Sirajnagar, West Bengal
SXC	Sondalia	West Bengal	ER	22.682186	88.582275	Sondalia Railway Station, West Bengal
TBD	Telibandha	Chhattisgarh	SECR	21.235642	81.67053	Telibandha, Chhattisgarh
TNUE	TINDAULI	Uttar Pradesh	NCR	27.183053	78.92129	Tindauli, Uttar Pradesh
TRM	TIRUNAGESVARAM	Tamil Nadu	SR	10.975208	79.428212	Ayyavadi, Tamil Nadu
TWL	TILWARA	Rajasthan	NWR	25.893262	72.078131	Barmer, Rajasthan
TTI	TURTIPAR	Uttar Pradesh	NER	26.16121	83.890841	Mujouna Gawn, Uttar Pradesh
UPW	UPPALAVAI	Andhra Pradesh	SCR	18.424892	78.316108	Uppalwai Main Rd, Andhra Pradesh
URPR	UGRASENPUR	Uttar Pradesh	NR	25.568212	82.189171	Janghai, Uttar Pradesh
VBN	VALLABHNAGAR	Rajasthan	NWR	24.690424	74.018709	MDR 36A, Rajasthan
TUWA	Tuwa	Gujarat	WR	22.800702	73.463163	National Highway 59, Gujarat
UJA	UNJHA	Gujarat	WR	23.796456	72.381669	Unjha, Gujarat
VND	VENDRA	Andhra Pradesh	SCR	16.578434	81.569095	Mogollu Rd, Andhra Pradesh
VP	VIRAPUR	Andhra Pradesh	SCR	15.158976	77.131692	Anantapur, Andhra Pradesh
TVG	TAVARGATTI	Karnataka	SWR	15.41485364	74.66287512	State Highway 34, Karnataka
TP	TIRUCHIRAPPALLI FORT	Tamil Nadu	SR	10.825594	78.688891	Tiruchirapalli Fort Station Road, Tamil Nadu
UNLA	UNAULA	Uttar Pradesh	NER	26.788432	83.471435	Gorakhpur, Uttar Pradesh
KPB	KHARPOKHRA		ECR	27.14256584	84.15269269	
VRL	VERAVAL	Gujarat	WR	20.913351	70.370689	Veraval, Gujarat
VEER	VEER	Maharashtra	KR	18.11340179	73.33007701	Lonere - Mangaon 02145270055, Maharashtra
VBW	VAIBHAVWADI RD	Maharashtra	KR	16.512013	73.707645	Sindhudurg, Maharashtra
THA	Tehta	Bihar	ECR	25.11306847	84.98502287	Tehta, Bihar
VEN	VERNA	Goa	KR	15.353587	73.912519	South Goa 0832-2754289, Goa
TPB	Trilokpur	Uttar Pradesh	NER	27.50819	82.701077	Semari - Bisokhar Rd, Uttar Pradesh
DBNR	Dibnapur	Uttar Pradesh	NER	28.524363	79.51619	Dibnapur, Uttar Pradesh
TMKA	Tomka	Orissa	ECoR	21.107333	85.975352	Orissa, Orissa
UJH	Ujhani	Uttar Pradesh	NER	27.995236	79.01491	Ujhani, Uttar Pradesh
UBN	Ubarni	Uttar Pradesh	NR	26.118214	81.163629	National Highway 24B, Uttar Pradesh
TMS	Tumsar Town	Maharashtra	SECR	21.383833	79.741784	State Highway 249, Maharashtra
TXD	Tyada	Andhra Pradesh	ECoR	18.217967	83.04219	Vishakhapatnam, Andhra Pradesh
UMG	Uttangal Mangalam	Tamil Nadu	SR	11.535044	79.419161	State Highway 10, Tamil Nadu
MPKT	CHENNAI PARK TOWN	Tamil Nadu	SR	13.07995	80.275985	Chennai, Tamil Nadu
WL	WARANGAL	Andhra Pradesh	SCR	17.972477	79.604929	Warangal, Andhra Pradesh
MRPR	MAU RANIPUR	Uttar Pradesh	NCR	25.261271	79.136793	NH 75, Uttar Pradesh
VVA	VARVALA	Gujarat	WR	22.29950326	68.96784145	Jamnagar, Gujarat
MGO	MAHISGAON	Maharashtra	CR	18.111324	75.501817	State Highway 77, Maharashtra
ZW	ZAWAR	Rajasthan	NWR	24.358621	73.731959	National Highway 8, Rajasthan
WRS	WARIS ALEGANJ	Bihar	ECR	25.015425	85.642177	Warisaliganj, Bihar
VZPH	Vazeerpur Halt	Uttar Pradesh	NER	28.148542	79.863989	Lilhar Mudia Link Rd, Uttar Pradesh
WTJ	JAM WANTHALI	Gujarat	WR	22.429409	70.321802	Ranuja Village Rd, Gujarat
PRI	PATHRI	Uttarakhand	NR	29.851996	78.076506	Haridwar, Uttarakhand
VPG	VENTRAPRAGADA	Andhra Pradesh	SCR	16.473819	80.914447	Krishna, Andhra Pradesh
VVKP	VIVEKANAND PURI HALT	Delhi NCT	NR	28.664098	77.183702	Sarai Rohilla, Delhi NCT
PUS	PHUSRO		ECR	23.767489	86.01025	
VSG	VASCO DA GAMA	Goa	SWR	15.397241	73.813425	Mormugao, Goa
VLTR	Vadali Luter Road	Gujarat	WR	23.078738	73.135398	Vadali Luter, Gujarat
LOD	Lekoda	Madhya Pradesh	WR	23.075768	75.698491	Ujjain, Madhya Pradesh
VJR	VIJAYANAGAR	Maharashtra	SWR	16.77781197	74.69628991	Miraj Road, Maharashtra
VRR	VIRPUR	Gujarat	WR	21.848343	70.707212	Rajkot, Gujarat
OREH	Ore Halt		?	24.915065	84.991898	
YFP	YUSUFPUR	Uttar Pradesh	NER	25.639006	83.748684	MDR 94E, Uttar Pradesh
VJD	VIJPADI ROAD	Gujarat	WR	21.17981	71.449442	Dolti-Rajula Rd, Gujarat
MVS	MANAVASI	Tamil Nadu	SR	10.934013	78.220496	Manavasi, Tamil Nadu
VINH	VINHERE	Maharashtra	KR	17.907649	73.38401	Raigad, Maharashtra
MRDW	MURDESHWAR	Karnataka	KR	14.100277	74.505247	Murudeshwara, Karnataka
KUDA	KUNDAPURA	Karnataka	KR	13.612909	74.728366	Basrur, Karnataka
KZE	KANHANGAD	Kerala	SR	12.320268	75.085248	Kanhangad, Kerala
NROD	NARI ROAD	Gujarat	WR	21.758482	72.081434	SH 6, Gujarat
WDG	Wadegaon	Maharashtra	SECR	20.76451	79.981617	Warsa Rd, Maharashtra
VSW	Visavadar	Gujarat	WR	21.341738	70.755622	Visavadar, Gujarat
NRPD	Narayanpet Road	Karnataka	SCR			SH 51, Karnataka
SBY	Solan Brewery	Himachal Pradesh	NR			Solan, Himachal Pradesh
KSJF	Kasganj Mg	Uttar Pradesh	NER	27.801268	78.64517	Kasganj, Uttar Pradesh
WND	Wan Road	Maharashtra	SCR	21.21501	76.820433	Dhulghat, Maharashtra
VLU	Vadalur	Tamil Nadu	SR	11.557655	79.547974	Vadalur, Tamil Nadu
VLV	Vallivedu	Andhra Pradesh	SCR	13.528576	79.068221	Vallivedu, Andhra Pradesh
MANI	Mani Halt	Bihar	ECR	25.17399368	84.23126777	Mani, Bihar
TAA	TADLA PUSAPALLI	Andhra Pradesh	SCR	17.62631287	79.95418371	Mahbubabad, Andhra Pradesh
CHRG	CHORGI	Karnataka	SWR	17.175077	75.869711	Bijapur, Karnataka
SNAD	Saniyad	Gujarat	WR			Palej, Gujarat
SRDR	Sardarshahr	Rajasthan	NWR	28.43959051	74.47905757	SH 6, Rajasthan
SRGR	Saraygarh	Bihar	ECR			Saraygarh, Bihar
PTU	PARTUR	Maharashtra	SCR	19.575715	76.212767	Jalna, Maharashtra
AGY	AGORI KHAS	Uttar Pradesh	NCR	24.59896	83.056105	State Highway 5, Uttar Pradesh
SVPI	SHIVPURI	Madhya Pradesh	WCR	25.438444	77.638246	Shivpuri, Madhya Pradesh
MUO	MASANGAON	Madhya Pradesh	WCR	22.272733	77.005257	Harda, Madhya Pradesh
KWAE	KATWA	West Bengal	ER	23.640315	88.124085	Katwa, West Bengal
VNRD	VANI ROAD	Gujarat	WR	23.09506243	72.00352873	State Highway 17, Gujarat
JAN	JARANGDIH		ECR	23.769553	85.92881	
BOR	BOISAR	Maharashtra	WR	19.7985273	72.761899	Boisar, Maharashtra
WGI	Waghai	Gujarat	WR	20.77263816	73.50047372	Waghai, Gujarat
BMF	BASMAT	Maharashtra	SCR	19.33347231	77.1517776	Basmath, Maharashtra
CGF	CHARALI	Assam	NFR	27.44966566	95.35095095	Madhubon to Naoholia Rd, Assam
CJ	KANCHIPURAM	Tamil Nadu	SR	12.848947	79.703149	Kanchipuram, Tamil Nadu
CKDL	CHAKDAYALA	Jammu and Kashmir	NR	32.478914	75.304858	Chhan Rorian, Jammu and Kashmir
CJN	CHHATNA	West Bengal	SER	23.305386	86.975734	Chhatna, West Bengal
SVX	SAVARDA	Maharashtra	KR	17.405007	73.515528	Ratnagiri, Maharashtra
URP	Udairampur	West Bengal	ER	22.100085	88.273732	Udairampur, West Bengal
STD	Satrod	Haryana	NWR	29.108936	75.82118	Haryana, Haryana
CHHU	Chhanva	Orissa	SER	22.3355771	86.194643	Mayurbhanj, Orissa
PASA	PARASHSHALA	Kerala	SR	8.339840005	77.16548966	Parassala, Kerala
KDPA	KHADAPA		ECoR	19.00582	82.445719	
NMK	Nim Ka Thana	Rajasthan	NWR	27.741573	75.779691	Neem Ka Thana, Rajasthan
KLAT	Khelpatta			21.274489	77.872524	
MUHI	Murhari Halt			25.34140834	85.53301433	
SZH	Saonga Halt	Madhya Pradesh	SECR	21.520105	78.871166	Saonga, Madhya Pradesh
DDC	Dum Dum Cantt.	West Bengal	ER	22.636349	88.411641	Dum Dum Cantt, West Bengal
PLY	Plassey	West Bengal	ER	23.777986	88.28447	Plassey, West Bengal
CKX	Chakur	Maharashtra	SCR	18.48756076	76.88402832	MSH3, Maharashtra
PCMK	Pacharmalikpura	Rajasthan	NWR	27.201471	75.389317	State Highway 19, Rajasthan
BCRD	Barchi Road	Madhya Pradesh	CR	21.951502	78.311632	State Highway 26, Madhya Pradesh
BUDI	Bundi	Rajasthan	WCR	25.407922	75.650699	Bundi, Rajasthan
CJQ	Champajharam	Orissa	SER	22.101526	84.904212	National Highway 23, Orissa
VRG	VIKRAMNAGAR	Madhya Pradesh	WR	23.162187	75.817754	Ujjain, Madhya Pradesh
BYC	BELLARY CANT	Karnataka	SWR	15.150286	76.894505	Bellary, Karnataka
BWF	BUTEWALA	Punjab	NR	31.080357	74.896803	Village Sadhara Rd, Punjab
SPY	Sarsonpuri	Chhattisgarh	SECR	20.780632	81.638003	National Highway 43, Chhattisgarh
BSDA	BANIYA SANDA DHORA	Rajasthan	NWR	25.86023	71.668563	Barmer, Rajasthan
BXP	BARPATHAR	Assam	NFR	26.274562	93.899672	Railway Station, Assam
GRF	GAMBHIRI ROAD	Rajasthan	WR	24.693873	74.671009	National Highway 79, Rajasthan
BEC	BERACH JN CABIN			24.896442	74.615232	
PPNI	PARAS PANI			24.38141	83.048953	
NDT	Nathdwara	Rajasthan	NWR	24.92025	73.909396	SH 49, Rajasthan
JNU	JAUNPUR JN	Uttar Pradesh	NR	25.762849	82.699696	Jaunpur, Uttar Pradesh
UMRI	UMRI	Maharashtra	SCR	19.0418	77.642682	Nanded, Maharashtra
BXLL	BILLI	Uttar Pradesh	ECR	24.453381	83.011944	Obra, Uttar Pradesh
BHPA	Bahrupiya Halt	West Bengal	ER	22.22962	88.349067	Bahirpuya, West Bengal
SPP	SHAHPUR PATOREE	Bihar	ECR	25.639426	85.5813	Samastipur, Bihar
MSSD	Maheshari Sandhuan	Punjab	NR	30.848579	74.992929	Firozpur Rd, Punjab
ASSH	AISHBAGH			26.836088	80.908616	
BDJ	VADAKARA	Kerala	SR	11.5933214	75.5869409	Calicut, Kerala
KADH	Khairadih Halt	Bihar	ECR	25.035047	84.054715	Khairadih, Bihar
BXL	BHEDUASOL	West Bengal	SER	23.19436393	87.13517328	National Highway 60, West Bengal
AMPR	AMARPURA RATHAN	Rajasthan	NWR	29.483399	74.078953	MDR 103, Rajasthan
BWA	BHINWALIYA	Rajasthan	NWR	25.5596627	73.4924808	Pindwara, Rajasthan
JNX	Jagnath Road Halt	Rajasthan	NWR	25.270948	72.62821	Jalor, Rajasthan
MBSK	Marwar Balia	Rajasthan	NWR	27.357827	74.545106	Marwar, Rajasthan
BEJ	Beniganj	Uttar Pradesh	NR	27.299916	80.440599	Sitapur, Uttar Pradesh
BSDR	Bansadhara Halt	Andhra Pradesh	ECoR	18.970276	83.822754	Lihuri Rd, Andhra Pradesh
SPR	Sonarpur Junction	West Bengal	ER	22.443359	88.429773	Kolkata, West Bengal
SPB	Sonekpur Halt	Uttar Pradesh	NR	28.630277	78.693142	Bilari, Uttar Pradesh
PQA	Pipla Halt	Maharashtra	SECR	21.312575	79.06676	Pipla, Maharashtra
BIRL	Biraul	Bihar	ECR	25.937062	86.233733	Darbhanga, Bihar
GRZ	Gurthuri		NR	29.648169	76.177379	
JNT	Jaintipura	Punjab	?	31.773393	75.102192	National Highway 15, Punjab
PQH	Pindkepar Halt			21.304069	80.182003	
JNZ	Jenal	Gujarat	NWR	24.32731222	72.03773599	Bhildi, Gujarat
PQN	Pariawan Kalakankar Road	Uttar Pradesh	NR	25.825794	81.368601	Pwn Klaknder Rd, Uttar Pradesh
JNN	Jamuniatand	Jharkhand	ECR	23.75454	86.191952	Jamuniatand, Jharkhand
CKM	Chauki Man	Punjab	NR	30.814886	75.565673	Chauki Maan, Punjab
BEI	Shimoga Bidare			13.90253585	75.64768061	
BEM	Budaun	Uttar Pradesh	NER	28.0274922	79.1360237	Badaun, Uttar Pradesh
METR	Methi Tikur			26.698845	80.418467	
BWV	Bhiwapur	Maharashtra	SECR	20.76925671	79.51148736	Bhiwapur, Maharashtra
SMDC	SAWAI MADHOPUR D CABIN			26.0356	76.375851	
APQ	ADITPARA			21.67359117	69.67791789	
MOTA	MOTA	Uttar Pradesh	NCR	27.28897774	79.25372946	Mota, Uttar Pradesh
SWNR	SEWA NAGAR	Delhi NCT	NR	28.579299	77.227708	South Extension 1, Delhi NCT
LO	LOLIYA	Gujarat	WR	22.512244	72.166923	State Highway 1, Gujarat
NON	Nonar Halt			25.28647118	84.37077345	
HLB	HADALA BHAL	Gujarat	WR	22.487223	72.131796	Limbadi to Hadala Rd, Gujarat
RLR	RAILA ROAD	Rajasthan	NWR	25.630348	74.596325	Raila, Rajasthan
EDA	ITWAN DUNDAILA			24.93995873	80.84270551	
PDJ	PHIDING			25.221835	93.14983	
SMDP	SHAHABAD MOHAMADPUR	Delhi NCT	NR	28.560927	77.071838	Dwarka, Delhi NCT
KTOA	KOTANA	Rajasthan	NWR	23.91693	73.726342	Kotana, Rajasthan
TJM	TURINJAPURAM			12.336963	79.090728	
KYV	KOYILVENNI	Tamil Nadu	SR	10.776294	79.368646	Kovilvenni, Tamil Nadu
ROHN	ROHEDNAGAR HALT	Haryana	NR	28.76112801	76.81409299	Delhi-Rohtak Corridor, Haryana
SPL	SUNDARAPERUMAL KOVIL	Tamil Nadu	SR	10.941722	79.30063	Thanjavur, Tamil Nadu
NOY	NOYAL			11.060239	77.931769	
KCYN	KACHHIYANA HALT			25.13311708	85.98011055	
LW	LORWADA			24.217193	72.08968	
EDD	EDDULADODDI	Andhra Pradesh	SCR	15.329698	77.589906	Pyapili, Andhra Pradesh
RLP	HARLAPUR	Karnataka	SWR	15.434833	75.799259	National Highway 63, Karnataka
GRH	GHORASAHAN			26.82028731	85.12762727	
NOH	Nigohi	Uttar Pradesh	NER	28.09891941	79.87850355	Nigohi, Uttar Pradesh
AIH	ALAWALPUR I PUR	Uttar Pradesh	NR	29.04779604	77.2716389	Alawalpur, Uttar Pradesh
DPU	DIPHU	Assam	NFR	25.83725	93.438384	Diphu, Assam
MPRD	Mathurapur Road	West Bengal	ER	22.140587	88.390923	State Highway 3, West Bengal
DLDE	DALDALI	Assam	NFR	25.820221	93.517152	Diphu, Assam
LD	LONDA JN	Karnataka	SWR	15.450273	74.496982	Londa, Karnataka
BYH	BHITI	Uttar Pradesh	NER	25.333548	82.261348	Handia, Uttar Pradesh
DPO	DAMANPUR			26.53866	89.536367	
HLR	Halisahar	West Bengal	ER	22.921499	88.436792	Kanchrapara, West Bengal
TJW	Tejpurwa Halt			25.940085	84.819703	
HLE	Heelalige	Karnataka	SWR	12.81318	77.710974	Chandapura -Dommasandra Road Bengaluru, Karnataka
DPW	Dhapewara	Madhya Pradesh	SECR	21.87272116	80.19132726	State Highway 11, Madhya Pradesh
SMDT	Semmandappatti	Tamil Nadu	SWR	11.79555484	78.0260573	Salem, Tamil Nadu
BAWA	Balwara	Rajasthan	NWR	25.50314455	72.55450009	State Highway 38, Rajasthan
RKJE	Rakhitpur	Jharkhand	ECR	23.725742	86.490871	Jairampur More to Baliapur, Jharkhand
LMU	Limarua	Madhya Pradesh	SECR	22.52425	80.349702	Chiraidongri, Madhya Pradesh
KLLF	Kalol Jn			23.244426	72.50348	
LB	Lain Bazar			26.42919088	84.28060123	
KNYR	Kaniuru Halt	Karnataka	SWR	12.717207	75.365526	Kaniyoor, Karnataka
APP	Ambapendarpur Halt			25.26696279	85.52970941	
KADI	Kadi	Gujarat	WR	23.292133	72.326105	Kadi, Gujarat
APU	Anipur	Assam	NFR	24.545736	92.434527	Anipur, Assam
APJ	Amarpur Jorasi	Rajasthan	NWR	28.02178	76.076109	Narnaul, Rajasthan
APK	Aruppukkottai			9.524631681	78.10189147	
API	Akkaraippatti			10.39980799	77.92262799	
KTKH	Kotlakheri	Madhya Pradesh	WR	22.078204	76.173654	East Nimar, Madhya Pradesh
KXZ	KESARIYA ROAD			22.908846	71.814406	
SABD	SALABAD			26.984965	77.310319	
KURN	KHUKRANA			29.400184	76.924226	
KXR	KURIA			26.468217	85.005407	
KLKH	Kalladaka			12.845834	75.059842	
BTYA	Bhatariya			23.438252	72.274465	
RJK	RAJA KA SAHASPUR	Uttar Pradesh	NR	28.626216	78.780097	Bilari, Uttar Pradesh
KTMA	KOTMA	Madhya Pradesh	SECR	23.202833	81.979022	Kotma, Madhya Pradesh
BSBN	BHUSAWAL B CABIN			21.049919	75.822458	
PSRY	PASHWASHRAYA			26.763435	88.403783	
CKLA	Chak Banwala	Punjab	NR	30.423043	74.133437	Chimne Wala, Punjab
JIGT	JIRIGHAT			24.8100917	93.08687905	
KADR	Kadiyadra	Gujarat	WR	23.885219	73.057502	State Highway 10, Gujarat
TJD	TAJPUR DEHMA	Uttar Pradesh	NER	25.728138	83.92969	Gosalpur Rd, Uttar Pradesh
CLI	CHALGERI	Karnataka	SWR	14.56140311	75.73529039	Chalageri, Karnataka
JGBR	JOGESHWAR BIHAR			23.746057	85.6267	
SDVL	SOLDEVANAHALLI	Karnataka	SWR	13.091395	77.490385	Bengaluru, Karnataka
LOL	LOLIEM			14.939155	74.08778	
KMMD	Kirmiti Mendha			20.593933	79.774173	
KRPC	KHARIA-PIPRA HALT			18.807373	82.724227	
BLRE	BELSIRI			26.800481	92.514463	
DRQ	DHARMINIYA			26.865525	84.793439	
DRE	DHOGRI	Punjab	NR	31.40278	75.635791	Dhogri, Punjab
KKLR	KAIKOLUR	Andhra Pradesh	SCR	16.551026	81.218316	Kaikalur, Andhra Pradesh
KYSD	KAIYAL SEDHAVI	Gujarat	WR	23.427144	72.428861	State Highway 217, Gujarat
KLYH	Kallur Yedahli	Karnataka	SWR	12.421124	76.497258	Kallur Yedahli, Karnataka
KYSB	KAIYAL SEDHAVI			23.426814	72.428531	
DHE	Dodhi	Uttar Pradesh	NER	25.604879	82.998947	Dodhi, Uttar Pradesh
BRDV	Baradev	Uttar Pradesh	NR	26.70177936	80.41192877	State Highway 38, Uttar Pradesh
TKLN	Tarrakalan	Madhya Pradesh	NCR	25.971659	76.901807	Tarrakalan, Madhya Pradesh
MKHI	Makhi	Uttar Pradesh	NR	26.661427	80.461137	Unnao, Uttar Pradesh
CLU	Chilakalapudi	Andhra Pradesh	SCR	16.202721	81.162137	Machilipatnam, Andhra Pradesh
BRDH	Bardhana Halt			22.136015	78.799478	
PSV	Parsneu			28.037883	74.378783	
HNZM	Delhi Hazrat Nizamuddin			28.58701	77.253929	
TKLB	Takli Bhansali	Maharashtra	SECR	21.361133	78.983053	National Highway 69, Maharashtra
PSX	Patansaongi Town Halt	Maharashtra	SECR	21.335452	79.025915	Patansaongi, Maharashtra
BCT	Mumbai Central	Maharashtra	WR	18.970667	72.819383	Mumbai, Maharashtra
PDF	PADAMPUR			23.519468	70.836786	
TDH	Tindharia	West Bengal	NFR	26.851551	88.332848	National Highway 55, West Bengal
KZA	KHADA	Uttar Pradesh	NER	27.182926	83.868376	Khadda Katai Bharpurva Bandh, Uttar Pradesh
RGBD	RAMGANGA			28.297728	79.374639	
QBW	QUBARWALA			30.175886	74.417372	
PPRH	PIPARAHAN HALT			26.224333	85.246908	
DET	DET			25.01154	74.641128	
ACN	ADHICHCHANUR			12.05415	79.182478	
KPLR	KOPARLAHAR	Himachal Pradesh	NR	32.05191	76.250443	National Highway 88, Himachal Pradesh
MU	MAKANSAR			22.7603547	70.90609338	
RKSH	RISHIKESH	Uttarakhand	NR	30.107173	78.287498	Rishikesh, Uttarakhand
NZG	NAZARBAG			22.814612	70.855228	
MPF	MUIRPUR ROAD			24.206087	83.094386	
AVC	AMRAVATHI COLONY			14.498219	75.854093	
KLRS	KOLARAS	Madhya Pradesh	WCR	25.224926	77.590411	Shivpuri, Madhya Pradesh
CSMA	Chanasma Junction	Gujarat	WR	23.710492	72.111883	Chanasma, Gujarat
CGKR	CHANDAGIRIKOPAL	Karnataka	?	12.485167	76.730177	State Highway 7, Karnataka
BDJR	BHADORA JAGIR			24.786919	77.411883	
KAG	KODAGANUR	Karnataka	SWR	14.33050869	76.03354288	State Highway 47, Karnataka
BMRN	BHIMRANA			22.389889	68.992445	
CAPA	Chhapra Jn			25.787896	84.724365	
NDPL	NDPL			15.456312	78.520612	
BAR	BAR	Rajasthan	NWR	26.063048	74.113189	Haripur, Rajasthan
KJGY	Khanalampura Gy			29.929193	77.583508	
RLA	RAJULA JN	Gujarat	WR	21.103699	71.479251	Baraf Tana, Gujarat
TKND	Trivikramdeo Nagar			26.30191091	84.70896636	
DVGM	DEVGAM			23.938342	71.591856	
SNBR	SONUABARY			26.172784	92.310137	
HRSN	HARISINGA			26.72438	91.985001	
SPGN	SRIPURIA GAON			27.4659128	95.35152926	
TNJR	TAJ NAGAR			28.3853476	76.82424935	
LIM	SONALIUM			15.309987	74.292427	
PPRN	PIPRAN			29.265795	73.928281	
GPPR	GOPALPUR			23.08359558	70.10301644	
BMNL	BAMANWALI HALT			28.361736	73.555273	
UDKN	UDAYPUR KHURD			28.486234	80.178413	
JUL	JHULASAN	Gujarat	WR	23.326699	72.471355	Mehsana, Gujarat
KGVE	Konagavalli Halt			14.02498482	75.49647358	
DOT	Dhakia Tiwari	Uttar Pradesh	NER	28.028812	79.885872	Dhakia Tiwari, Uttar Pradesh
BHTH	Bhairopatti Halt			25.894911	86.907187	
MTWN	Mitewani			21.424028	79.712797	
KVNJ	Kapadvanj	Gujarat	WR	23.01905	73.078323	Kapadvanj, Gujarat
NCN	Nachinda Ph			21.881341	87.754966	
VINA	Vina			22.764139	72.903227	
LIJ	Lakshmiganj			26.927786	83.788161	
KULH	Kulha-Halt			26.369411	80.656456	
KTKS	Kantakosh Halt			25.33365668	87.67389167	
STB	Shantipur	West Bengal	ER	23.262661	88.435028	National Highway 34, West Bengal
NCE	Nalacheruvu East			13.9882125	78.1854899	
DSN	Darsana			23.523411	88.795843	
TKMG	Tikamgarh			24.76729627	78.84066555	
NKPU	Nekpur			24.995699	85.338857	
KGVL	Kadagaravalli			12.83778	75.696016	
MDPJ	Madanapur Halt			19.549184	78.189939	
PATR	Paramjeevar Tarajeevar			26.256947	85.448635	
NLNR	NULEMURU HALT			14.00753736	76.12580921	
LKU	LAL KUAN	Uttarakhand	NER	29.071574	79.517641	Lalkuan, Uttarakhand
KAJG	KARANJGAON			19.94938262	74.92403621	
MRX	MURUD	Maharashtra	CR	18.380482	76.251585	State Highway 162, Maharashtra
SKAR	SAKARIYA			24.607481	80.90078	
NLL	NALLI			9.269174	77.922239	
PDGM	PUDUNAGARAM			10.683752	76.684608	
KLVD	KALAVAD			21.89969815	69.80832386	
JHL	JAKHAL JN	Haryana	NR	29.80181311	75.82450098	Jakhal, Haryana
MCLA	Macherla	Andhra Pradesh	SCR	16.4695102	79.4382772	Macherla, Andhra Pradesh
MEG	MELENG			26.794395	94.305982	
WWA	VAVANIYA			23.00720621	70.61468985	
DEIT	Dehit			25.30046874	75.8501527	
TMGN	Thamla Mogana			24.875571	73.934778	
AMRI	ANAJ MANDI			28.187505	76.605319	
BMPT	Banni Mahamman			25.891285	84.778666	
TKA	TEHARKA	Uttar Pradesh	NCR	25.300234	78.917318	National Highway 75, Uttar Pradesh
CKHS	Chikhale			18.97295	73.152541	
DSBC	DELHI SHAHDARA BLOCK CABIN			28.677357	77.30022	
SDPN	SINDPAN			24.164576	75.03158	
AHJU	AHJU	Himachal Pradesh	NR	32.02843	76.690156	National Highway 20, Himachal Pradesh
LLKN	LAL KALAN			30.827549	76.101493	
BOZ	BOLARUM BAZAR	Andhra Pradesh	SCR	17.51784754	78.51596514	Secunderabad, Andhra Pradesh
SVN	SIVUNGAON	Maharashtra	SCR	19.10865331	77.54447049	Nanded, Maharashtra
PNSD	PANGARSHINDE HALT			19.526469	77.24009	
RJJN	RAJAJAN HALT			25.61496319	85.67090424	
UMNF	Ambliyasan Jn			23.446636	72.422431	
PPTA	PATLIPUTRA			25.621426	85.068505	
LKBR	LAKSHMI BAI NAGAR			22.741887	75.858162	
DBLA	Dabla	Rajasthan	NWR	27.88868543	75.94640056	National Highway 79, Rajasthan
VPDA	VIDYAPATIDHAM			25.60206486	85.80243269	
GTLW	GUNTAKAL WEST			15.16752339	77.34265088	
SVDK	S M V D KATRA			32.982814	74.935736	
RPAN	RANGAPARA NORTH			26.8215934	92.682658	
VEK	VELLARAKKAD	Kerala	SR	11.4723	75.653412	Vellarakkad Railway Station, Kerala
CGON	CHAYGAON	Assam	NFR	26.06406911	91.39525116	National Highway 37, Assam
GNAN	Gonda Jn			27.153922	81.977618	
DIE	Demai			23.159049	73.210181	
PTKC	PATHANKOT CANTT			32.2593	75.636044	
EC31	Kharuara Halt			25.43162809	85.54361733	
PWA	Powai			27.35353	95.646229	
NAB	Nagbhir Junction	Maharashtra	SECR	20.579812	79.700138	Nagbhir, Maharashtra
NAK	Naksalbari			26.682578	88.202235	
UDPR	Udaipura			24.77568891	78.65148637	
KNWF	Khandwa Jn			21.823906	76.353537	
SVS	Srinivaspur			13.328283	78.206169	
NMDR	Nimdanri	West Bengal	ER	22.608628	88.905624	Madhyampur Station Rd, West Bengal
KCU	Kachhiaa	Uttar Pradesh	NER	27.973382	78.883109	Badaun, Uttar Pradesh
MHPR	Mahiyarpur			25.41145304	87.6133852	
BTCN	Balaghat			21.8111685	80.1994253	
MHPE	Mhope			18.943255	73.19412	
JLRF	Jetalsar Jn			21.729584	70.57412	
SDPH	Sardar Patel Halt			25.050378	85.424114	
IMBG	Imlibigha Halt			25.30079433	85.53137104	
XKA	Kamta			25.33657395	85.27774552	
MKZ	Mahkepar Road			21.632916	79.67892	
SKAP	SK Para	Tripura	NFR	23.971989	91.94712	National Highway 44, Tripura
MMCC	MOOR MARKET			13.084876	80.275222	
DKR	Dekpura Halt			25.26115312	85.52942276	
KRHT	KHARAHAT			27.070551	94.749659	
JDW	JARAUDA NARA	Uttar Pradesh	NR	29.42673	77.705438	MuzaffarNagar, Uttar Pradesh
MAYR	Mayar			29.100107	75.860747	
VKM	VENKATESAPURAM			11.93077853	79.44229366	
SXQ	SUAHERI			29.436816	78.190831	
PPVL	PIRAPPANVALASAI	Tamil Nadu	SR	9.299159	79.043777	Pirappan Valasai, Tamil Nadu
NARA	NARA HALT			29.39044164	76.75996966	
KER	KIRIHRAPUR	Uttar Pradesh	NER	26.04550053	83.73706466	Kirihrapur, Uttar Pradesh
PLVR	PALAM VIHAR HALT			28.51546359	77.03276457	
GGKR	GOVINDGARH KHOKHAR	Punjab	NR	29.99243927	75.80832814	Govindgarh, Punjab
PLVA	PALLEVADA	Andhra Pradesh	SCR	16.57670008	81.28789597	Pallevada, Andhra Pradesh
NDIM	NANDAIGRAM HALT			23.31154801	88.31706186	
MGD	MUGAD	Karnataka	SWR	15.46241	74.915401	State Highway 34, Karnataka
TBAE	TRIBENI	West Bengal	ER	22.990358	88.398096	Tribeni, West Bengal
URL	UNJALUR	Tamil Nadu	SR	11.127976	77.875839	Unjalur, Tamil Nadu
BMM	BHASKARPARA			22.988208	71.905409	
DKW	DHANAKWADA			24.146307	71.823472	
IVL	ILAVELANGAL	Tamil Nadu	SR	8.937878	77.87235	Ottanatham - Maniyachi Rd, Tamil Nadu
GZS	GIANI ZAIL SINGH SANDHWAN	Punjab	NR	30.613851	74.801905	Distt Faridkot, Punjab
SHB	Shahibag			23.035546	72.600949	
BMC	Bhimalgondi	Madhya Pradesh	SECR	21.740994	78.914582	State Highway 19, Madhya Pradesh
TBR	Taiabpur			26.392839	88.154497	
BSWD	BHEMSWADI			21.485727	71.357286	
TKTB	THAKURBARI			26.797642	92.699488	
RMC	Ram Chaura Road	Uttar Pradesh	NR	25.609488	81.686954	National Highway 24B, Uttar Pradesh
GHLU	Ghallu			30.25660652	74.10782138	
BMN	BHIMANA	Rajasthan	NWR	24.595571	72.886302	Abu Road, Rajasthan
PRDH	PIR DULHE SHAH HALT			25.873873	73.155686	
KEJ	Kathleeghat	Himachal Pradesh	NR	31.021478	77.103224	Shoghi, Himachal Pradesh
MRDG	Maradanga			26.301078	89.556685	
MRDA	Maroda			20.095174	79.660732	
LUA	Laluri Khera			28.607969	79.746243	
KEMP	Kempalsad			21.087653	79.263378	
SGUD	Siliguri			26.723574	88.414033	
CHNH	Channi Halt			27.89015197	73.01665499	
KTGO	Kotgaon			20.625413	79.674577	
PAAL	Pala			21.37608002	78.01833338	
SXV	Suku			18.715021	82.726431	
NARD	Naika Road			25.4485799	85.29237674	
RAKD	Radha Kund			27.537943	77.523598	
BHMA	Baghmara Halt			25.36552363	87.61746341	
ZPR	Zorawar Pura Halt			29.762905	73.448817	
OM	Omkareshwar Road	Madhya Pradesh	WR	22.215082	76.04654	SH 27, Madhya Pradesh
AGTR	Agauthar Halt			26.00814555	84.84375722	
NES	Natesar			24.96388458	85.27180571	
KNLE	Kanale			14.22509941	74.9593668	
BRMT	Baramati	Maharashtra	CR	18.1536772	74.5781969	Baramati, Maharashtra
MHKT	MOHKHUTI			27.106537	94.80821	
GNGR	GUNGRANA			30.714577	75.82596	
MCO	MOTIHARI COURT			26.62564	84.905431	
MXM	MINATCHIPURAM			10.629748	76.875347	
OPN	ONNUPURAM HALT			12.71156367	79.17972009	
GDH	Gidnahali			13.406514	77.825134	
KUKA	Khui Khera			30.30520584	74.07780396	
BNJN	BINJANA			22.9311979	75.9868018	
GDW	Gadhwala			27.970288	73.454923	
MCL	MADIMANGALAM			12.598975	79.1862	
BUGN	BHURJIHA BARAGN			27.638101	80.726312	
LKJN	LINK JN. CABIN			25.356832	81.841869	
JHH	JHALRA HALT			29.420302	78.176404	
KTES	KATNI SOUTH			23.824725	80.401113	
KGH	Kotegangur			13.98216244	75.52065618	
CLKN	CHUCHELA KALAN			29.014596	78.272803	
GDI	GUDGERI	Karnataka	SWR	15.12492173	75.35960448	Gudgeri, Karnataka
DLPR	DAYALPUR			25.63221065	81.88948492	
CKRD	CHAKMAKRAND			25.6975316	85.27402978	
BHCH	BLOCK CABIN CHAKKI BANK			32.24197484	75.65106215	
KNSN	KARNA SUBARNA	West Bengal	ER	24.035537	88.176458	Khagraghat - Chowrigacha, West Bengal
APCH	ALIPURDUAR COLLEGE			26.50167916	89.52748623	
CRZ	CARANZOL			15.36074913	74.30619777	
KNSR	KANASAR	Rajasthan	NWR	28.145913	73.324726	Lalgarh, Rajasthan
HSDA	Hansdiha			24.6141943	87.08497982	
GUSB	GHUMASAN BG			23.378259	72.449413	
MXZ	Mohdara Halt			20.960497	79.347023	
OHAN	OHANCABIN			25.102455	81.017247	
BIE	BHISTENHATTI			15.41363	74.705805	
AWT	Alwar Tirunagri	Tamil Nadu	SR	8.602296	77.941809	Thoothukudi, Tamil Nadu
MUDI	Mududi			13.15129437	76.23320421	
BUGY	Bugia Halt			29.38048	73.608155	
IGTA	Ingohta	Uttar Pradesh	NCR	25.758384	80.126678	National Highway 86, Uttar Pradesh
GNGT	Gangatolia			22.392169	79.986339	
DHOA	Dhaulpur			26.697202	77.905659	
SHER	Sher			26.35166492	84.62829053	
BICI	Barkichampi			23.483611	84.709751	
JBPN	Jabalpur Jn (Ng)			23.164248	79.950772	
SLQ	Salona Assam			26.448981	92.961877	
DGT	Dhulghat	Maharashtra	SCR	21.296282	76.749633	Amlakhurd, Maharashtra
DGY	Dighori Buzurg			21.107513	79.230454	
PH	Panoh			31.551328	76.199917	
MCY	Machriawan			25.46247957	85.29442	
KIK	Karaikal			10.925606	79.839712	
KIF	Kuri			9.035098526	76.81739456	
PSJ	Patasahi	Orissa	SER	22.020127	84.923705	National Highway 23, Orissa
JLT	Jhamat Halt			27.200026	83.340382	
CKN	CHINTA KANI	Andhra Pradesh	SCR	17.126459	80.201337	Chinta Kani Station, Andhra Pradesh
CBSA	Chaibasa	Jharkhand	SER	22.560494	85.812342	National Highway 75, Jharkhand
KKR	KHAKHRALA ROAD			22.897133	70.722232	
SPPA	SHERPUR DHIPURA			25.59993975	85.84816211	
DNWF	Dangarwa			23.401545	72.441313	
PSS	PADSALI			18.00606189	75.38808359	
CHRA	CHHARRA	West Bengal	SER	23.375747	86.422994	Purulia, West Bengal
PKNS	POKHARNI NARASIMHA	Maharashtra	SCR	19.11874726	76.73163885	Pokharni Nrsnha, Maharashtra
BHAS	BHOJRAS			25.7882166	74.6342799	
HNL	HINGOLI DECCAN	Maharashtra	SCR	19.726357	77.146758	Hingoli, Maharashtra
ALAL	ALAL			30.378176	75.724207	
KARR	KHARAR			30.7263804	76.6360518	
BHAL	BHATIEL			22.477066	72.834624	
AGM	AGARAM SIBBANDI			12.414388	79.113347	
ASAR	ASRA HALT			29.24976077	77.29144328	
CTZ	CHAUNTRA BHATERH	Himachal Pradesh	NR	32.005535	76.74671	Chauntra Bhater, Himachal Pradesh
MUY	MUGAIYUR			11.976522	79.305326	
PAY	PAYYANUR	Kerala	SR	12.092248	75.195107	Kannur District, Kerala
KRLR	KARAILA ROAD JN	Madhya Pradesh	ECR	24.261081	82.719311	Main Road Singrauli-Jayant, Madhya Pradesh
DAV	DEVALGAON AVCHAR	Maharashtra	SCR	19.322431	76.605201	Parbhani, Maharashtra
NMY	NOONMATI			26.180382	91.806851	
VNEC	Vijayawada North East			16.532028	80.630413	
CKW	CHALKHOA	Assam	NFR	27.4656628	94.95920467	Dibrugarh, Assam
MNDV	MANDAWARIYA			26.621072	74.890472	
JLG	JULGAON DECCAN			19.384261	77.790475	
TKPY	TURAKAPALLI			15.09271353	77.62850538	
DAH	DEHARE			19.24185547	74.67415559	
ULG	UDALGURI			26.744291	92.094329	
NMM	NEW MISAMARI			26.810166	92.575454	
MSMI	MISAMARI			26.811265	92.595773	
AMBR	Ambika Rohina	Maharashtra	SCR	18.44225438	76.94372065	Ambika Devi Rd, Maharashtra
ORC	ORCHHA	Uttar Pradesh	NCR	25.401119	78.644228	National Highway 75, Uttar Pradesh
NTVT	NETHRAVATHI			12.844375	74.856475	
HNEO	Hathbandh			21.63191858	81.84577293	
BSSL	Basi Beriasal	Rajasthan	WCR	25.024084	74.764318	Bassi, Rajasthan
CIP	Chichpalli			19.966168	79.443249	
SNTD	Santaldih	West Bengal	SER	23.596661	86.483123	Purulia, West Bengal
SNTN	Santinagar Halt			23.29297423	88.63775531	
SNTH	Sonthaliya	Rajasthan	NWR	27.400358	75.531666	National Highway 11, Rajasthan
DPNR	Deepnagar Halt			25.140667	85.483274	
GKV	Gottihalli Halt			13.260622	78.155685	
JAMA	Jama	Jharkhand	ER	24.345509	87.14492	Jama, Jharkhand
HIVR	Hiwarkheda			21.431848	78.112944	
PETA	Pandetola			24.74153659	87.06032058	
BWP	Bhawanipur Kalan	Uttar Pradesh	NER	27.415623	82.161102	Bhawanipur Kalan, Uttar Pradesh
LSE	Laseri			28.713124	75.479624	
KKV	Kunkavav Junction	Gujarat	WR	21.653448	70.975052	SH 104, Gujarat
LOK	Loknath	West Bengal	ER	22.871718	88.033921	Loknath Railway Station, West Bengal
CKH	Chakand	Bihar	ECR	24.8901416	84.9954942	Chakand, Bihar
CKK	Chakarpur	Uttarakhand	NER	28.951978	80.002313	National Highway 125, Uttarakhand
DCA	DAMCHARA	Assam	NFR	25.012661	92.749675	Diakkawn Rd, Assam
MOX	MORAN			27.14711	94.888404	
BRMR	BHARMAR	Himachal Pradesh	NR	32.167399	75.954299	State Highway 22, Himachal Pradesh
CVV	CHERUVU MADHAVARAM	Andhra Pradesh	SCR	16.746018	80.518783	Cheruvu Madhavaram Station, Andhra Pradesh
WDL	WANDAL	Karnataka	SWR	16.416601	75.86371	Dam Inspection Rd, Karnataka
WDN	VADGAON NILA			18.929059	76.643889	
MOJ	MOHANA	Madhya Pradesh	WCR	25.980208	77.833955	Mohana, Madhya Pradesh
KMV	KARMAD	Maharashtra	SCR	19.8726636	75.53789815	Aurangabad, Maharashtra
DRS	DHARESHWAR	Rajasthan	NWR	25.777584	73.667743	Sojat Road, Rajasthan
KNJJ	KANNJARA HALT			19.60396498	77.21022911	
BAGD	BAGWADA			20.43948	72.916866	
MRYA	MERIYANA			21.201567	71.415981	
RDRA	RAMDEVRA	Rajasthan	NWR	27.006279	71.929837	Ramdevra, Rajasthan
SGNR	SHRI GANGANAGAR	Rajasthan	NWR	29.931792	73.871417	Sri Ganganagar, Rajasthan
GKPE	GORAKHPUR EAST			26.75876979	83.38739044	
KPCM	KUWARCHINTAWA			26.51743	84.942114	
SAPR	SARANGPUR ROAD	Gujarat	WR	22.236682	71.748617	State Highway 38, Gujarat
GPAE	GUPTIPARA	West Bengal	ER	23.197355	88.4178	Guptipara Railway Station, West Bengal
WDM	WYNDHAMGANJ	Uttar Pradesh	ECR	24.264112	83.401605	Sonebhadra, Uttar Pradesh
KMD	KODUMUDI	Tamil Nadu	SR	11.076073	77.885771	Kodumudi, Tamil Nadu
BUU	BHADANPUR	Madhya Pradesh	WCR	24.16808	80.679777	National Highway 7, Madhya Pradesh
ETB	ITARSI B CABIN			22.591346	77.709215	
CVP	KOVILPATTI	Tamil Nadu	SR	9.182578	77.872848	Kovilpatti, Tamil Nadu
PAL	PALASNER	Madhya Pradesh	WCR	22.304246	77.050174	Harda, Madhya Pradesh
RNIS	Ranolishishu	Rajasthan	NWR	27.517012	75.301025	National Highway 11, Rajasthan
GBB	GUBBI	Karnataka	SWR	13.321429	76.939264	Gubbi, Karnataka
PERN	PERNEM	Goa	KR	15.707894	73.816537	North Goa, Goa
NAWN	NAWAN	Rajasthan	NWR	29.653072	74.353285	State Highway 7, Rajasthan
AEX	Adderi			14.141045	75.157978	
JNDO	Jehanabad Court			25.20122348	84.98423623	
MCLE	MANCHILI	Andhra Pradesh	SCR	16.662928	81.613684	Coastal Andhra Region, Andhra Pradesh
AEK	Anekal Road	Karnataka	SWR	12.723885	77.710727	Karnataka, Karnataka
DCU	Damalcheruvu	Andhra Pradesh	SCR	13.478885	79.056434	National Highway 18, Andhra Pradesh
GBE	Gayabari			26.86004	88.260998	
GKPI	Gate Karepalli			17.500295	80.255103	
KNJI	Karanjali			22.0353	88.245999	
BAGA	Bhagega	Rajasthan	NWR	27.67720995	75.72088996	State Highway 37B, Rajasthan
BAGJ	Barharagani			26.92135422	83.91957403	
SLPR	Silpaprabesh			22.058566	88.106545	
PLNI	Palani			10.458722	77.521183	
CNDM	Chandi Mandir	Chandigarh	NR	30.727071	76.886839	Panchkula, Chandigarh
CNDB	Chandur Bazar			21.219451	77.741807	
MMVR	Murga Mahadev Road			22.06048608	85.46586181	
HSJ	HUSSAIN SAGAR J			17.426453	78.461904	
SRBG	Sarobag			25.27285122	86.47603525	
NWBV	NWBV			16.529876	80.620394	
JSPR	JASHAPAR			21.83713055	69.87358352	
RUP	Rupahigaon	Assam	NFR	26.41256239	92.74226717	Nagaon, Assam
RF	RAFALESHWAR			22.77389735	70.89692533	
SGLA	SANGOLA	Maharashtra	CR	17.435563	75.187581	Sangole, Maharashtra
BSA	BHAINSA			27.391523	77.673452	
BNNR	BHINDAR			24.528647	74.179638	
KOX	KACHUJOR			23.84267774	87.4650456	
INK	INTAKANNE	Andhra Pradesh	SCR	17.727522	79.860507	Intikanne Station, Andhra Pradesh
KZJF	KAZIPET F CABIN			17.974824	79.577271	
JDPT	Jagdishpur			25.14822783	86.98461958	
UBCN	ULHAS BRIDGE CABIN			19.246247	73.069462	
RG	RAJGHAT NARORA	Uttar Pradesh	NR	28.235655	78.353587	Babrala, Uttar Pradesh
SRDH	SARSADH			29.184058	76.731812	
IGRL	INGORALA			21.82341762	71.68698098	
LGCE	LAGARGAWAN	Madhya Pradesh	WCR	24.464248	80.81431	Lagargawan, Madhya Pradesh
JDPR	Jagdishpur	Jharkhand	?	24.273109	86.525504	Giridih, Jharkhand
HSM	HAUSNAGAR			24.646721	87.94988	
VST	BIJAYSOTA	Madhya Pradesh	WCR	23.978724	81.110959	State Highway 10, Madhya Pradesh
SKPA	SHRIKALYANPURA			25.189878	76.094182	
DYS	DALAPATHY SAMUDRAM	Tamil Nadu	SR	8.430572	77.638091	Dhalapathisamudram, Tamil Nadu
RGNH	RAGHUNATHGARH			29.311679	73.651572	
KVLS	Karakavalasa	Andhra Pradesh	ECoR	18.292228	82.991426	Coastal Andhra Region, Andhra Pradesh
SULH	Sulhani	Punjab	NR	30.871949	74.865129	Machhi Bugra, Punjab
QCAB	QCAB			22.229374	84.884802	
AJLE	AZIMGANJ JN CABIN			24.23827	88.257363	
XCBN	Xcbn			25.303843	83.169582	
TWI	Totewahi Halt			20.014659	79.600455	
INP	INDAPUR	Maharashtra	KR	18.297688	73.24465	Indapur, Maharashtra
INJ	INNANJE			13.25558643	74.76121957	
BJLP	BARAI JALALPUR	Uttar Pradesh	NER	27.449608	80.800122	Sitapur National Highway 24, Uttar Pradesh
KLGD	KOLLENGODE			10.626984	76.697715	
DWJN	DIVA JN. CABIN			19.188667	73.042923	
BRWH	BAHERWA HALT			25.2518775	82.79228878	
STKW	Sultanpur Kalia			28.46051764	76.86926378	
HCNR	Harichandanpur	Orissa	ECoR	21.328476	85.795395	Rd, Orissa
NMUE	Numaishgarh Halt			28.40773962	77.8423063	
PTP	Patal Pani	Madhya Pradesh	WR	22.514232	75.797002	Mhow, Madhya Pradesh
PTA	Patiala	Punjab	NR	30.344249	76.4041	Patiala, Punjab
DRPH	Devri P.H.	Madhya Pradesh	SECR	22.85663	79.836698	Kaladehi, Madhya Pradesh
NLKT	Nalkata			24.06838884	91.9996184	
PCZ	Pocharam	Andhra Pradesh	SCR	17.486717	80.234583	Khammam To Yellanddu Rd, Andhra Pradesh
BSD	Basuldanga	West Bengal	ER	22.20374787	88.23393947	National Highway 117, West Bengal
KOM	Kodikkalpalaiym			10.786311	79.648699	
TFGN	Tufanganj			26.303308	89.667639	
MWAD	Mowad			21.455554	78.451335	
COAC	Coac			16.964553	82.238213	
KPAW	Kanchrapara Workshop Gate			22.935794	88.445352	
NLBR	Nilambazar	Assam	NFR	24.743292	92.365126	NH 44, Assam
KADL	Kumradol			24.69517058	87.07556011	
SKPR	Sikarpur Halt			21.984896	78.946006	
MRSH	Morshi			21.326057	77.995446	
CHTL	Churaru Takrala			31.597665	76.166445	
SUNW	Surendra Nagar (W) Cabin			22.734875	71.636363	
SUNE	Sune			22.753791	71.644706	
XGN	Gokulnagar			25.48797487	85.30219144	
HSX	Hoshiarpur	Punjab	NR	31.5240737	75.9055848	Phagwara Road-Hoshiarpur, Punjab
TSG	SITAPUR CITY (THOMASGANJ)			27.569887	80.690259	
GUB	GULARBHOJ	Uttarakhand	NER	29.11078373	79.30114461	Gular Bhoj Railway Station, Uttarakhand
LRNC	LAKSAR NORTH CABIN			29.77155182	78.01131777	
LDU	Lunidhar	Gujarat	WR	21.715431	71.085551	State Highway 104, Gujarat
HOH	HONAGANAHALLI	Karnataka	SWR	16.679401	75.732815	National Highway 218, Karnataka
SE	SEMLA			22.039641	70.79367	
TELI	TELI			11.933094	79.405133	
ILA	SILSIMAN	Tamil Nadu	SR	9.867401338	78.20018193	Silaiman Railway station, Tamil Nadu
MMRB	MANMAD B CABIN			20.23147357	74.44955586	
NSN	NASIRPUR HALT			28.604529	77.109242	
REP	RESAULI			16.3096804	80.4578628	
COP	Kanpur M. G. Goods			26.45248	80.341969	
PEM	Peralam Jn			10.959358	79.656384	
UDR	AMDARA ROAD	Madhya Pradesh	WCR	24.09950088	80.57790451	Amdara, Madhya Pradesh
SFR	SAFRAI	Assam	NFR	27.029015	94.942883	Suffry Station Chariali, Assam
BURN	BURNPUR	West Bengal	SER	23.6719137	86.9386234	CHITRA CINEMA HALL MORE, West Bengal
KQX	KACHUJOR			23.84122463	87.462774	
RWTB	ROWTA BAGAN			26.736799	92.21491	
CAO	CHAURADANO			26.85049224	85.01767731	
RSNA	RASANA HALT			24.224697	72.256353	
GRNA	GURHANWA			26.74758	85.215756	
PDPR	Purandarpur	Uttar Pradesh	NER	27.209982	83.347472	National Highway 29, Uttar Pradesh
HJLI	HUGRAJULI			26.805203	92.358641	
NSO	Nashipur Road			24.21105	88.274766	
ULTL	Kulti Link Cabin			23.734566	86.865534	
PMDB	PAMIDI			14.9811882	77.59908881	
DCTL	DOMBIVLI CTL			19.203604	73.084191	
KQZ	Kolar			13.124594	78.132044	
SVTN	SHIVATHAN			15.477666	74.518905	
GMI	Gond Umri			21.003133	80.082136	
BMGN	BAMUNI GAON			26.01201	91.282876	
BQU	Bhattiprolu	Andhra Pradesh	SCR	16.105632	80.787953	Bhattiprolu, Andhra Pradesh
CMGR	Chikkamanglur			13.30388465	75.78877626	
BURA	Bahuara			25.89687002	84.78348075	
BHKA	Bahira Kalibari	West Bengal	ER	22.685772	88.563588	Bahira Kalibari Railway Station, West Bengal
GNRD	Genoli Road			25.203127	75.152338	
BYPA	Baiyyappanahalli			12.9912	77.651853	
VGDC	Viramgam D Cabin			23.137395	72.042828	
URML	Upramal			25.247947	75.276627	
NEYT	Ntpc Exchange Yard Talcher			20.919626	85.2081	
JRRI	Jrri			25.308243	83.178547	
NCPM	Nishchindapur Market Halt	West Bengal	ER	21.987443	88.217105	National Highway 117, West Bengal
BRSA	Barwa Kalan			27.391266	83.408343	
JWK	Jawaharpur Kamsan			27.52481	78.588278	
TMZJ	Tmzj			22.246668	87.933497	
HUN	Hunsenahalli			13.399832	77.94645	
DYW	Diyawan Halt			25.3817289	85.28392367	
GHB	Gahri Bhagi			30.116783	74.944234	
JREA	Jhareda			27.476348	77.032106	
JSL	JASSOWAL HALT			30.799159	75.831803	
KOWN	KHOWANG			27.299563	94.895843	
IDGH	INDARGARH			25.775115	77.7382	
BROR	BERORE			29.200034	73.300793	
MWZ	MAHISHADAHARI			23.916311	87.649654	
CHAH	CHAILAHA HALT			26.67481223	84.89464733	
LHD	LOHOGAD	Maharashtra	SCR	20.467176	77.078506	Akola, Maharashtra
GHGL	GHAGWAL	Jammu and Kashmir	NR	32.504286	75.213604	Vijaypur Jammu, Jammu and Kashmir
ADTL	ADHARTAL	Madhya Pradesh	WCR	23.227389	79.972274	Jabalpur, Madhya Pradesh
SISN	SISAUNA			29.216155	78.280549	
JSI	JASALI			24.169914	71.914081	
NWN	Nanwan			28.371337	76.014318	
PRWA	PARWAKHURD HALT			19.365201	77.764414	
KWC	KUNDWA CHAINPUR			26.771884	85.183119	
KSMB	KASTLA KASMABAD	Bihar	ECR	25.114944	85.798364	Kastla Kasmabad, Bihar
DKJR	DHEKIAJILI ROAD			26.809214	92.452548	
AADR	Amb Andora			31.670727	76.110391	
BHHZ	BEHTA HAZIPUR HALT	Uttar Pradesh	NR	28.71973	77.304041	Behta Hazipur, Uttar Pradesh
BYNR	MOOKAMBIKA ROAD	Karnataka	KR	13.87259	74.63279	Baindur, Karnataka
KWH	KACHHWA ROAD	Uttar Pradesh	NER	25.250465	82.706617	Kachhwa, Uttar Pradesh
IBH4	IBH4			22.029944	82.431192	
IBH5	IBH5			22.019762	82.620084	
IBH6	IBH6			22.021243	82.737917	
IBH3	IBH3			22.01621	82.892472	
BRMO	BERMO		ECR	23.772498	85.955893	
IBH1	IBH1			21.861847	83.625911	
IBH2	IBH2			21.87477	83.794136	
IBHG	Ibhg			21.775184	81.988429	
NGHW	Nageshwadi Halt			18.46151913	76.91610236	
SISM	Singuli Shyam			25.186362	75.004442	
SSGR	Sisai Gulabrai			26.282385	83.776865	
MWR	Mahansar	Rajasthan	NWR	28.199841	75.031292	Ramgarh, Rajasthan
MGDR	Magardharra Ph			21.96619296	80.12555929	
FGH	Fatehgarh Haryana			28.647921	76.243784	
DASF	Dhasa Jn			21.782515	71.517978	
KAMR	Khurrampur			25.16872288	85.22131557	
SHTS	Sambhal Hatim Sarai	Uttar Pradesh	NR	28.596912	78.568241	Chandausi, Uttar Pradesh
BECN	Bikaner East			27.972495	73.368894	
PKM	Periyanaikanpalayam	Tamil Nadu	SR	11.144776	76.948477	Periyanaickenpalayam, Tamil Nadu
IBHE	Ibhe			21.60083	81.815212	
SRJK	Suraj Kunda			26.142698	81.202919	
IBHF	Ibhf			21.682533	81.896133	
IBHC	Ibhc			21.38637	81.741998	
PKRH	Parsa Kerwan Halt			26.05361014	84.82737607	
TOR	Titur			21.059452	79.288957	
TOI	Tamkuhi Road			26.721824	84.228415	
BFF	Barabhati			20.862984	80.060841	
MROA	Mora			27.516762	77.612747	
SGDV	Soma Guddu			14.288569	76.633302	
KWB	Kaniwara	Madhya Pradesh	SECR	22.218261	79.732914	Kanhiwada, Madhya Pradesh
DJHR	Deojhar			22.08071726	85.47699312	
DEPI	Deenapatti			25.89498	86.937159	
IBHA	Ibha			21.206629	81.384639	
DKJB	Dornakal Bye Pass			17.42921	80.157907	
JUYA	Jodhpuriya			25.070196	74.814653	
DUE	Dhuri Jn			26.80086215	84.13937978	
BKRH	Brij Kishor Halt			26.31374	84.69461	
SMGR	Samaguri	Assam	NFR	26.416263	92.849833	Samaguri, Assam
BTDR	Batadrowa Road	Assam	NFR	26.466939	92.538085	Mathaouri Rd, Assam
RTJ	Rantej	Gujarat	WR	23.471537	72.153828	State Highway 19, Gujarat
NRKG	NARKATIAGANJ JN			27.105025	84.464035	
KGLE	KHAGRAGHAT ROAD	West Bengal	ER	24.106842	88.226481	Khagraghat, West Bengal
BDK	BEDAG			16.823512	74.756723	
PRK	PARKHAM			27.299256	77.711657	
DWL	DHUWALA			25.48715009	74.58197428	
BYO	BAYALUVADDIGERI			15.230476	76.533248	
RJMA	RAJOMAJRA			30.375339	75.798104	
LNT	LINGTI	Maharashtra	?	19.86677	78.901334	State Highway 234, Maharashtra
BYE	BANSI BOHERA			24.363233	74.388674	
PPS	PIPILIYA ROAD			22.930873	70.678255	
SQZ	VANCHANGIRI			17.95128343	79.66715341	
KLMJ	Kalhe Majra			30.33584099	76.21149322	
KMHT	KARMAHAT			23.71269609	85.54107489	
KLMD	Kollumangudi			10.980702	79.655933	
BDA	VADODARA C CABIN			22.318357	73.17783	
GAGA	Galgalia			26.52752005	88.11348526	
NAKD	NAIK DIH			25.847026	83.466008	
KSIH	Khodseoni			21.15584791	80.11271469	
POY	POLLACHI JN			10.653079	77.001342	
BRIH	Bairi Halt			25.1586116	84.21132172	
SDLK	SUNDLAK			25.121481	76.455842	
ISM	ISMAILA HARYANA	Haryana	NR	28.796977	76.746563	National Highway 10, Haryana
PPK	Pachpokharia			26.894084	84.981145	
KYG	KIDIYANAGA			23.47934	70.768891	
VBU	VEMBUR			10.58933886	78.07238255	
NNM	Nannilam			10.8837044	79.6509052	
KYO	KHANDIKAR			26.463321	91.642769	
BATM	Batala Sugar Mills			31.856906	75.228493	
HIS	Hisua			24.859601	85.417826	
LLD	Lalavadi			21.930347	78.189646	
IDS	Ishardaspur			25.947849	81.253954	
CGE	Charghat Pipari			23.037538	79.922584	
DLCB	Durg Link Cabin			21.197156	81.300896	
SRSO	Sarsoo			24.91978208	85.35368317	
DGPI	Durgapuri			25.865541	76.809686	
IDT	Sidlaghatta			13.39218973	77.86536472	
BYQ	Bahai			26.122334	81.01528	
SPBG	Sipra Bridge			23.173483	75.757499	
BWO	Buramara			22.107567	86.650295	
PRNT	Periyanagathunai			12.55934641	77.91101668	
IFFC	Iffco Cabin			23.212087	72.520108	
TKG	Thakurganj			26.426933	88.129704	
MTRA	Matigara			26.716817	88.384065	
BRKH	Bisapur Kalan Halt	Madhya Pradesh	SECR	21.914681	78.923701	State Highway 19, Madhya Pradesh
SUPR	Surajpur			30.782451	76.888897	
HMB	Harebetta			12.794145	75.593582	
SSU	Sasa Musa			26.527558	84.357082	
BGDI	Bagadia Ph			20.279033	86.586249	
POT	Pothia			26.310567	88.179429	
POU	Padrauna			26.8977092	83.982606	
HAN	HINDAUN CITY	Rajasthan	WCR	26.756164	77.031686	Karauli, Rajasthan
MGRP	MEGH RAJ PURA	Himachal Pradesh	NR	32.079397	76.071419	State Highway 22, Himachal Pradesh
GPSA	Ghatparsia Halt			22.05973896	79.05285233	
GHAI	GHATIGAON	Madhya Pradesh	WCR	26.054864	77.92678	Ghatigaon, Madhya Pradesh
SBIC	SABARMATI BRIDGE			23.067094	72.588756	
DSX	DESANG			27.056055	94.686324	
SUC	Sunak			23.604089	73.209986	
CKKD	CHARKHERA KHURD			21.938836	76.642615	
AMPA	AMBALAPUZHA	Kerala	SR	9.386059	76.363817	ph 0477-2272620, Kerala
SBID	SABARMATI D CABIN			23.101488	72.570275	
SUI	Sui			28.8992313	76.06142951	
MHWL	MACHROWAR			31.516333	75.636644	
KTLN	KHAT LABANA			30.03901185	73.86124731	
SUJH	Sujangarh	Rajasthan	NWR	27.708763	74.463659	Sujangarh, Rajasthan
NTDM	NITYANAND DHAM			23.414967	75.057507	
TEK	Tekkali Halt	Andhra Pradesh	ECoR	18.605282	84.231178	Tekkali, Andhra Pradesh
SLBS	SALSALA BARI			26.486647	89.594991	
BTDF	BOTAD JN			22.1826706	71.6653966	
SBIS	SABARMATI SOUTH			23.083452	72.563755	
GJT	Gannaghatta			13.244119	78.146705	
DQV	DAULA KOT BHAI			30.206149	74.703438	
LHK	LAIHRA KHANA			30.22585497	75.1389846	
DNU	Dalsanur			13.274642	78.171853	
GKHT	GRAM KHARIKA			25.6720447	85.38790629	
RKO	RAMAKRISHNAPURAM GATE	Andhra Pradesh	SCR	17.476299	78.528473	Secunderabad, Andhra Pradesh
MWG	Mindala			20.515626	79.716809	
DSAP	DELHI SHAHDARA A PANEL			28.673349	77.31954	
SNCA	SONACHARA			25.984617	91.143131	
RKL	Ramkola			26.90674	83.836714	
RKK	Ratangarh Kanakwal			29.922761	74.966758	
DLGS	Duklangia			26.692531	94.273103	
KTLP	Katalpur Halt			26.22928858	84.77284273	
SETB	Sessa			27.32406	94.85767	
AUI	Aurahi	Bihar	ECR	25.823021	87.135054	Purnia, Bihar
AUN	Aurang Nagar			29.043935	75.974542	
BNLS	Bangi Nihal Singh			30.008326	74.955285	
HAR	Hamirpur Road	Uttar Pradesh	NCR	26.016513	80.190689	Hamirpur, Uttar Pradesh
WTP	Water Pipe			19.009064	73.290406	
SLHI	Shilhauri Halt			25.95302123	84.8337492	
RTG	Rangtong	West Bengal	NFR	26.836122	88.342388	Hill Cart Rd, West Bengal
BLLT	Ballupete			12.969668	75.908903	
RTU	Ratan Sarai			26.37354	84.573582	
SDRA	Sudharana	Haryana	NWR	28.453681	76.425807	Sudharana, Haryana
BVRM	Bhimavaram Junction	Andhra Pradesh	SCR	16.543097	81.538335	Bhimavaram, Andhra Pradesh
NKW	Nilakantheswar	Orissa	ECoR	21.426066	85.798221	Orissa, Orissa
SKY	Shikara	Madhya Pradesh	SECR	22.798847	79.858161	Shikara - Dhooma Rd, Madhya Pradesh
DJB	DIJAOBRA			25.5507	93.093936	
BLR	BALGANUR	Karnataka	SWR	15.59262851	75.60251865	Gadag, Karnataka
MSHW	MUSHARWA HALT			27.05162706	84.48696237	
CHIT	CHITHARI HALT			25.228309	79.890762	
BRGP	BAJRANGPURA			22.83874437	71.74006476	
BRGT	BHERAGHAT	Madhya Pradesh	WCR	23.1697663	79.7978789	Bheraghat, Madhya Pradesh
SWU	SANAURA			31.579622	75.641326	
MHDA	MAHDEIYA	Madhya Pradesh	ECR	24.210039	82.588309	Singrauli, Madhya Pradesh
BRGJ	BARGAON GUJAR			21.78491809	76.35622878	
DHWS	DHOSAWAS			23.383691	75.051031	
VDK	VADAKANNIKAPURM			10.641667	76.686919	
KHNR	KACHNARA			23.808778	75.101024	
MMDA	MUTHALAMADA			10.626386	76.771723	
DV	DHUVA			22.72237874	70.9335792	
FRG	Faringapete Halt			12.875341	74.957082	
CASA	CHHANSARA			23.767566	71.276337	
SNLR	SANTALPUR	Gujarat	WR	23.759161	71.181545	Santalpur, Gujarat
SIA	SHIVLANKHA			23.380465	70.620232	
SNMR	Soniyana Mewar			25.080389	73.971244	
MSHM	MAHESANA			23.60614672	72.38875602	
SWW	Shahanagar Timarua	Uttar Pradesh	NCR	27.416457	78.25971	Shahnagar, Uttar Pradesh
NKV	NAKARDEI			26.948956	84.891939	
MMDL	MOHINI MANDAL(H			26.678677	85.389062	
GVR	GORESUAR			26.52605563	91.7204668	
SRRB	SHORANUR B CABIN			10.759868	76.271	
KBY	KHOIRABARI			26.626143	91.840413	
PCAB	PCAB			22.237662	84.912165	
TNL	TANGLA			26.658355	91.912274	
SWT	Shivwala Tehu			27.382935	78.224585	
NGPB	Nagpur (Se)			21.145332	79.088256	
PLHL	PALLAHALLI HALT			12.41156327	76.66016772	
NJPS	New Jalpaiguri			26.682355	88.442721	
BARS	Barsana			27.443263	77.150253	
LKMN	Lokmanya Nagar	Madhya Pradesh	WR	22.691279	75.847166	Indore, Madhya Pradesh
MSHF	Mahesana			23.603326	72.38937	
TVTN	Thambawati Nagri			24.958315	74.686919	
SPYA	Sipaya			26.564981	84.326498	
JUBS	Jubbasahani			26.17489	85.369793	
LSGS	Lavan Satyagraha Smarak P.H			22.096296	87.850571	
HPLB	Hatpuraini			25.15534554	86.98458958	
CHT	Champahati	West Bengal	ER	22.402193	88.493624	Baruipur-Champahati Rd, West Bengal
MMDP	Mohamadpur			24.877386	85.415625	
NEHL	Nethranahalli H			14.674986	76.71037	
KBS	Kusmuda Block Station			22.342991	82.680149	
SVGL	Shrivagilu			12.755498	75.584174	
GVP	Gate Vanampalli			17.448472	77.892616	
GOX	GOBINDPUR DUGLI			26.085299	83.791513	
KAKN	Kaimarkalan	Madhya Pradesh	NCR	26.176561	77.222727	Kaimarkalan, Madhya Pradesh
BLV	Bhelwa			26.994131	84.778361	
BLF	Balajan			26.09571	89.887371	
APRD	Ashapurna Devi			21.727401	87.638201	
KNVH	Kanivehalli			13.3271212	75.89866121	
SEPN	SEPON			27.117144	94.856434	
HBG	HOWBAGH JABALPUR	Madhya Pradesh	WCR	23.156296	79.932199	Jabalpur, Madhya Pradesh
BHBT	BLOCK HUT BASANTPUR			32.559965	75.059067	
JMBL	JAMBHALI HALT			19.167016	77.592935	
TNNH	TAPASWINARAYAN NAGAR HALT			26.631615	85.445955	
STDB	SITAFALMANDI B			17.428299	78.520249	
AYD	AYANDUR			11.966732	79.34081	
AJKI	AJITKHERI	Madhya Pradesh	WR	23.040004	76.045323	Devas, Madhya Pradesh
MSDG	MASOBA DONGARGAON			17.265554	75.136269	
HXR	HANSAPORE			20.906867	72.925984	
MDUN	Madhura Nagar			16.52535224	80.64760818	
DDS	DUDH SAGAR			15.31821	74.306568	
KFN	KANOR			24.459564	74.266275	
CQS	CAPPER QUARRY	Tamil Nadu	SR	11.694558	79.753666	Cuddalore Township, Tamil Nadu
AYN	AIYANAPURAM	Tamil Nadu	SR	10.788547	78.929033	Chinnakankeyampatti, Tamil Nadu
FTH	FATUHI	Rajasthan	NR	30.056984	73.871319	National Highway 15, Rajasthan
BDUA	BASUDEOPUR CHANDAIL HALT			25.64873807	85.54269153	
KLVR	Kolvihir			21.26585	77.854259	
HBQ	HUBLI EAST CAB			15.348063	75.155355	
MITA	MITHA			24.082494	71.672422	
BNWS	BHANWASA			26.83330204	75.21704971	
BUBR	BHUTAKIA BHIMSA			23.53354	70.908462	
GEK	GEGAL AKHRI	Rajasthan	NWR	26.540366	74.775574	Kishangarh, Rajasthan
SLWR	SILAWAR	Uttar Pradesh	NR	29.505405	77.345001	State Highway 57, Uttar Pradesh
LJKR	LAJKURA CABIN			21.809025	83.888267	
MDN	MIDNAPORE	West Bengal	SER	22.42498	87.307379	Medinipur, West Bengal
MYX	METYAL SOHAR	West Bengal	SER	23.482582	86.748784	West Bengal, West Bengal
JGF	JOGIDIH			24.27691367	83.05228824	
PWK	PIPARIYA KALAN	Madhya Pradesh	WCR	23.859295	80.736422	State Highway 11, Madhya Pradesh
KMTI	Kumarhatti	Himachal Pradesh	NR	30.889186	77.055981	Kumarhatti, Himachal Pradesh
KRTN	KIRTI NAGAR	Delhi NCT	NR	28.64692948	77.14507403	Kirti Nagar, Delhi NCT
TCH	Tiruchchuli			9.537360695	78.19753187	
ADRE	ADRA EAST CABIN			23.492772	86.692871	
KLSP	Kushal Pura			28.484266	75.764732	
TERH	Terha Halt			25.99564553	84.84936706	
LVR	Lokvidyapith Nagar	Uttar Pradesh	NER	27.154414	83.306841	National Highway 29, Uttar Pradesh
LVK	Lakkavarapukota			18.018465	83.147449	
JGP	Jalalpur			26.586308	84.311942	
BNWD	Bhandewadi Halt			21.141189	79.159229	
HEN	Heria Ph			21.974916	87.795566	
KDHI	Kaladehi	Madhya Pradesh	SECR	22.87917	79.83489	National Highway 7, Madhya Pradesh
ICBN	Icbn			25.296735	83.156976	
JBCN	Joda Block Cabin			22.024168	85.43383	
PPTN	Piprithan			26.484618	88.124798	
SKLI	Sukli			21.677859	79.683653	
ANGM	Aungari Dham			25.19133244	85.22615711	
KATI	Kanthi P Halt	West Bengal	?	21.788743	87.734128	Kanthi, West Bengal
NTS	Nattrasankottai	Tamil Nadu	SR	9.880423	78.54143	Madurai - Thondi Rd, Tamil Nadu
KDHN	Kandharan Halt			28.594924	75.45245	
BWBN	Bewar Bhojan			28.5476822	75.56834136	
GNDM	Gunrajpur Dhama			26.06944932	84.8211346	
KBKN	Khabra Kalan			29.322476	75.412296	
KRKM	Khara-Kameri			25.427702	73.929025	
JES	Jaitsar			29.342839	73.652289	
GGG	Gangagarh Halt			27.850344	78.739109	
MDLM	MUNDALARAM			23.687953	75.102087	
KTDD	KATAIYA DANDI	Uttar Pradesh	NCR	25.14906247	81.39848088	Kataiya, Uttar Pradesh
KNRI	KUNURI			23.91630575	87.61151777	
KHW	KHERODA			24.570581	74.068536	
AJIT	AJIT	Rajasthan	NWR	25.86007697	72.67795462	State Highway 68, Rajasthan
BKAC	BARKAKANA AVOIDING CABIN			23.64052	85.463592	
CMMG	CHAMUNDA MARG	Himachal Pradesh	NR	32.110941	76.421027	Chamunda Marg, Himachal Pradesh
X108	Aman Lodge			18.997761	73.27608	
BLDL	BALLE-DA-PIR-LA	Himachal Pradesh	NR	32.215731	75.932732	Balle da pir larath, Himachal Pradesh
GURN	Gurudas Nagar	West Bengal	ER	22.199323	88.214928	Diamond Harbour Rd, West Bengal
SOA	SANOSRA	Gujarat	WR	21.7481103	71.78947866	State Highway 25, Gujarat
BGRR	BAGARPUR HALT			29.079066	78.278043	
FZR	FIROZPUR CANT	Punjab	NR	30.942486	74.618439	Firozpur, Punjab
LMGF	LUMDING JN			25.750176	93.17674	
MDJN	Madar Jn			26.464294	74.686507	
TZH	TAKAZHI			9.3702	76.408316	
BVI	BORIVALI	Maharashtra	WR	19.228739	72.856412	Mumbai, Maharashtra
PNTR	PENNATHUR HALT			12.84996017	79.12353682	
GM	GARMADI			23.72788	71.13394	
MBU	MELPATTAM BAKKAM	Tamil Nadu	SR	11.784898	79.622949	Pattampakkam, Tamil Nadu
BANR	Bhaner			22.87918573	72.97561962	
CUD	TIRUPPAPPULIYUR	Tamil Nadu	SR	11.748845	79.753441	Cuddalore, Tamil Nadu
KWBR	KATWAR BAZAAR			25.562644	82.448864	
NXH	NIDAGHATTA			12.6253503	77.08806621	
LCAE	LALBAGH COURT ROAD	West Bengal	ER	24.173693	88.246307	Lalbagh Court Road, West Bengal
DKGN	DEKARGAON			26.681166	92.763075	
KBGB	Komagata Maru Budge Budge			22.49283248	88.19442228	
BTJL	BHATKAL	Karnataka	KR	13.98866	74.5655589	Bhatkal, Karnataka
BGRA	BAGHNAPARA	West Bengal	ER	23.242082	88.329724	Kalna-Memari Rd, West Bengal
MGTD	MEGHPUR TITODI			22.138132	69.451972	
LMGS	LUMDING SOUTH			25.757118	93.163576	
DMWP	Dmw Patiala Halt			30.36115636	76.42154342	
CSY	COSSYE			22.40683301	87.28964852	
DDNA	Dudhaunda	Uttar Pradesh	NER	25.573305	83.084478	Aunrihar, Uttar Pradesh
MNGR	Mohan Nagar			29.45876	73.523178	
DALF	DALI GANJ			26.875644	80.927742	
KMPS	Kumara Patnam Bg Sdg			14.527464	75.780127	
MABG	MATANA BUZURG			23.11385063	75.86711717	
IKD	Ikdori	Madhya Pradesh	NCR	26.037543	76.940934	State Highway 2, Madhya Pradesh
BLDK	Balauda Takun	Madhya Pradesh	WR	22.877384	75.755456	State Highway 27, Madhya Pradesh
KRMP	Kumaripur Halt			25.43754408	87.6057221	
GSRM	Gauri Sriram			26.76998003	84.18676079	
BBRA	Bbra			16.549141	81.53283	
JNRD	Junagarh Road			19.874057	82.946083	
KSBP	Keshabpur	West Bengal	SER	22.221674	87.948672	Haldia Mechada via Tamluk, West Bengal
BVZ	Naloi Barwa			28.96314483	75.62385717	
JNRI	Jalandari			25.286385	75.342247	
TDPM	Todikkapulam Halt		SR	11.153244	76.268569	
KHR	Khairee Halt			22.343556	79.860374	
LLBR	Lalabazar	Assam	?	24.56185	92.610161	Kalachera Rd, Assam
SSPD	Sadashivapet Road	Andhra Pradesh	SCR	17.48356464	77.87282036	Sadashivapet, Andhra Pradesh
CWDA	Chuhriwala Dhanna			30.21207491	74.13556886	
PADL	Padil			12.874231	74.894329	
JMKL	JAMUNIA KALAN			24.41306058	74.88866231	
PJPI	PRAJAPATI HALT			26.815895	84.502163	
KGIH	KALGURKI HALT			16.585004	75.775752	
BDVR	Bodavara			18.175095	83.112494	
BEHT	BIHAT HALT			25.44976996	86.03345555	
KNKP	KONDIKOPPA			15.431088	75.469303	
MRPM	MATHURAPUR MOR HALT			29.66095526	78.42224175	
CCBG	Chicholi Buzurg			20.613113	79.912753	
SHHT	SINGHAUL HALT			25.43500864	86.09668029	
SDPT	SEDARAMPATTU			12.672036	79.202726	
ADX	ADAPUR			26.924721	84.941759	
BKTB	BINDUKURI			26.709022	92.734685	
KDBR	KHADKI BAZAR			19.406761	77.832038	
DHWN	Dhaniyawan			25.421986	85.28746856	
STNR	Sitalnagar			28.04419	74.245042	
GMK	GULMA KHOLA			26.83822	88.43738	
NTWL	Netawal			24.861017	74.45849	
NKBR	Narkatia Bazar			26.488339	84.38246	
BRL	BARWALA ROAD			22.902131	70.714894	
NPTY	NIMPURA THROUGH YARD			22.325255	87.265053	
GMX	GURMURA			24.35489793	83.04777423	
THSA	THANISANDRA			13.05785584	77.63550936	
GOG	GHORGHAT			25.27073	86.58456	
KNKD	Kankanadi			12.866703	74.8811367	
RXR	RANGAPAHAR	Nagaland	NFR	25.854971	93.707766	Bridge, Nagaland
OBAC	OBRA-A-CABIN			24.446331	82.988313	
RDHP	RADHANPUR	Gujarat	WR	23.84693	71.585594	Patan, Gujarat
STNC	Sitarampur Link Cabin			23.745854	86.885648	
MSBR	MUSAHIBPUR			31.9834479	75.60945677	
BSPD	BIASPIND			31.459179	75.632658	
CHAF	Chaf Halt			26.82851002	84.09396866	
DBK	Darbari			27.96552653	73.10053242	
IBHH	Ibhh			21.846442	82.057491	
JDNM	JAGUDAN			23.521871	72.401679	
IBHD	Ibhd			21.443752	81.763465	
DBT	Dakshin Barasat	West Bengal	ER	22.226102	88.452286	Barasat, West Bengal
JULF	Jhulasan			23.326449	72.471105	
BWIP	Bhawanipatna			19.93393	83.158398	
KJR	Kalajhari			20.369711	85.838015	
JDNF	Jagudan			23.522071	72.401879	
BEHJ	Behj			27.481951	77.396587	
GRCP	G. Ramchandrapur			19.990686	83.330182	
GLKN	Gugalwa Kirtan			28.545807	75.576076	
KCLA	Kenchanalu Halt			14.01778367	75.28544677	
TNPR	Tejnarayanpur			25.33956233	87.71098052	
TORA	Torniya	Gujarat	WR	21.450802	70.497006	Torniya, Gujarat
BRVR	Borvihir	Maharashtra	CR	20.7843263	74.8417412	Dhule, Maharashtra
TPNI	Tuiya Pani	Madhya Pradesh	SECR	22.560296	80.010141	Pindrai, Madhya Pradesh
VRK	Virkudi			10.817963	79.648304	
BHRH	Bhuyar Halt			20.712948	79.579542	
MTBG	Matia Barghat Halt			26.941536	83.757104	
SMPC	Shambhupura C Cabin			24.792781	74.638449	
GHPU	Gandhipuram Halt	Andhra Pradesh	SCR	17.495052	80.31352	Gandhi Nagar, Andhra Pradesh
STLB	Sitalpur Bengal			21.774098	87.672822	
HPL	Haripal	West Bengal	ER	22.8311582	88.11853982	State Highway 2, West Bengal
WLGN	Walgaon			21.020729	77.71074	
ADQ	Adhikari			26.57689211	88.16988226	
DKCH	DAKACHA			22.859111	75.951951	
KNB	KANIYAMBADI			12.80931679	79.12441763	
NGON	NAUGAON			26.130622	78.120358	
VLCA	VELLALCHERUVU H			16.132576	79.891216	
SEI	SHENDRI	Maharashtra	CR	18.130093	75.552627	State Highway 77, Maharashtra
KHDH	Karahdih Halt			25.068848	85.432679	
GRMT	GUR MARKET			16.701278	74.264117	
MTDI	MALTEKDI			19.1674	77.334354	
GPC	GHATPINDRAI	Madhya Pradesh	WCR	22.952676	79.26631	Ghatpindra, Madhya Pradesh
VPO	BHUPIA MAU	Uttar Pradesh	NR	25.875223	81.970286	Dandupur, Uttar Pradesh
BNOD	Benoda			21.449663	78.180007	
LXA	LAKSWA	Assam	NFR	27.00463702	94.8439824	Kukurachowa Gaon Rd, Assam
VPY	VYASARPADI			13.108535	80.256817	
SMRL	SAMRALA			30.824281	76.182455	
ITMA	ITARSI MARSHALING YARD			22.60634595	77.75944219	
CHUA	Chourai			22.057632	79.246686	
SCV	Sukhchain			29.767847	74.990098	
KUCH	KUCHAVARAM HALT			17.73209631	78.45722403	
JUNX	JUNONA HALT			19.47636193	77.16184311	
PBQ	Pathardih Bazar			23.682542	86.431257	
KLV	KELVA ROAD	Maharashtra	WR	19.624601	72.790821	Thane, Maharashtra
KNC	KANCHANPUR ROAD	Madhya Pradesh	WCR	24.065548	81.660307	Jabalpur, Madhya Pradesh
LCNC	LUCKNOW CITY			26.859254	80.917984	
CLDB	CHANDLODIYA (B)			23.094443	72.543267	
JRWN	Jirwan			21.681178	76.501037	
GNST	GANDHI SMRITI			20.920848	72.921021	
KHDB	KHODIYAR			23.156344	72.548034	
WAT	WALTAIR			17.7223773	83.2900809	
AMGA	AMJONGA			25.98162114	90.85296704	
JITE	JITE			18.842284	73.119827	
PUWA	Pauwara Halt			21.098924	81.332987	
TPV	Tinpheria			26.618891	84.292251	
MADP	MADHAPUR ROAD			23.242661	69.716415	
EC28	PURA HALT			24.815024	85.239555	
HRG	Hirdagarh	Madhya Pradesh	CR	22.142795	78.517436	Dongar Parasia, Madhya Pradesh
MADM	Matradham Halt			22.048253	79.451401	
SASR	Sausar	Madhya Pradesh	SECR	21.658885	78.802525	Sausar, Madhya Pradesh
KUCE	Kuchai			22.013657	86.695652	
GOF	Ghutiari Sharif	West Bengal	ER	22.367665	88.552115	Ghutiari Shariff, West Bengal
BJMA	Burj Mohar			30.1850341	74.20588837	
BTSI	Batasi			26.606703	88.175047	
KNU	Kanjh			23.29828491	72.14842843	
UJJN	Ujjain Jn			23.178194	75.781443	
NRF	Neralakatte Halt			12.81674	75.125978	
SWMD	Sawai Madhopur D			26.023662	76.362376	
BELT	Bela Halt			25.03825705	86.99825916	
GZA	Gurujalas			16.548407	79.639066	
BRRI	Birari			24.73131061	78.50699749	
BRRZ	Barara Buzurg			26.052652	81.084138	
BPGR	Benipurgram Halt			26.317241	85.481349	
SHWL	SAHUWALA			29.355217	73.812967	
PRSN	PARSA NAGAR			26.776378	84.686924	
ATMO	AITHAL	Uttarakhand	NR	29.80792959	78.04362303	Haridwar, Uttarakhand
AGDL	AGRAN DHULGAON	Maharashtra	CR	16.966118	74.924993	Jath Rd, Maharashtra
GAHT	Ghusia Halt			25.19194978	84.2479039	
TRK	TIRUKOILUR			11.97605231	79.22381374	
SXA	SAGPHATA			21.574033	76.392141	
RSRI	RAISHREE			25.362076	77.591872	
JO	JO JAGABOR	Gujarat	NWR	23.739453	73.453045	Jo Jagabor, Gujarat
SXD	SIDULI			23.64935232	87.21232632	
MGE	MIGRENDISA	Assam	NFR	25.171242	93.061557	Migrendisa, Assam
DHBI	DHABAULI HALT			25.68209026	85.34218186	
SXO	SRIKONA			24.837109	92.71008	
VLNK	VELANKANNI			10.687499	79.846763	
TBU	THARBAN			19.268289	77.671001	
DMBR	DUMRI BIHAR		ECR	23.807394	85.766204	
AHN	AHIRAN	West Bengal	ER	24.517687	88.041125	National Highway 34, West Bengal
SGAM	SAREIGRAM	Madhya Pradesh	WCR	24.039636	82.205614	Sidhi, Madhya Pradesh
RPWN	Rambhawan Halt			25.25474787	85.23927503	
KZPE	KAZIPARA HALT			23.909674	88.188311	
HTA	Hatighisa			26.68763	88.242284	
NGV	NAGLAVI			15.454853	74.908742	
MIAN	MIANGRAM	West Bengal	ER	23.853212	88.17146	Bazarsau, West Bengal
CNY	KOLANALLI			11.173277	77.861414	
KPM	KUMARAPURAM			9.088507	77.833638	
SGAC	SOGARIYA CABIN			25.230055	75.900221	
PYV	PAZHAYA SEEVARAM	Tamil Nadu	SR	12.777131	79.8777	Palayasivaram, Tamil Nadu
CNM	CHENGMARI			26.863247	89.004024	
NGC	NEW GUWAHATI			26.181703	91.792236	
AHQ	AHERA HALT	Uttar Pradesh	NR	28.926421	77.278624	Tatiri, Uttar Pradesh
STVA	SATYAVADA	Andhra Pradesh	SCR	16.799852	81.66986	Coastal Andhra Region, Andhra Pradesh
GIT	GHORPURI TRANSH			18.5259236	73.89876949	
TRJ	Tariasujan			26.653609	84.270833	
ODC	Oddam Hatram			10.48559876	77.74653176	
HDT	HARDATTPUR	Uttar Pradesh	NER	25.27691147	82.9075994	National Highway 2, Uttar Pradesh
RDP	Radhikapur	West Bengal	NFR	25.643574	88.448153	State Highway 10A, West Bengal
NPH	Nurpura			26.709463	77.852085	
NABN	Nagbhir Jn (Ng)			20.580232	79.700558	
KRRH	Kharuara Halt			25.43177809	85.54376733	
DXU	Duhru			26.083606	80.176723	
GIZ	Gidam	Chhattisgarh	ECoR	18.934852	81.409001	National Highway 16, Chhattisgarh
GIF	Gani Dham Halt	Bihar	ER	25.16345356	86.98626954	Gani Dham, Bihar
MVKR	Mahawan Khor Halt			26.97582917	83.27681549	
JTT	Jumapatti			19.004154	73.308384	
JTN	Jotana			23.459002	72.29427	
MGT	Magra Hat	West Bengal	ER	22.242111	88.372713	Magra Hat, West Bengal
MNX	Manganallur			11.0242096	79.6498049	
CTPR	Chinta Parru Ha			16.534799	81.706605	
KMZA	Kankra Mirzanagar	West Bengal	ER	22.658005	88.721428	Mirzanagar, West Bengal
KRGN	Kargaon Halt			20.801363	79.41345	
PUSA	Pusla			21.493096	78.354883	
CMY	Chintamani			13.4109911	78.0545654	
SGYW	Singriawan			25.40951734	85.2845353	
DZL	Dhana Ladanpur			28.75021733	76.16675794	
MAHD	Mohadi Praganel			21.294083	79.726457	
ANM	ANAIMALAI ROAD			10.624894	76.935071	
TNI	TANDARAI			12.11800736	79.14701276	
BGAR	BANGARI			26.538089	84.921285	
TKRP	Tikauli Rawatpur	Uttar Pradesh	NR	26.399047	80.613163	Tikauli Rawatpur Railway Station, Uttar Pradesh
NVD	NAVALGUND RD			15.434894	75.354461	
LUSA	LUSA	Uttar Pradesh	NCR	24.876546	82.843318	State Highway 5, Uttar Pradesh
CAER	CHHANERA	Madhya Pradesh	WCR	21.963965	76.707775	Chhanera, Madhya Pradesh
KTW	KOTDWARA	Uttarakhand	NR	29.7429279	78.52116372	Kotdwara, Uttarakhand
BNGM	BANGURGRAM HALT			26.14011155	74.34824731	
LAC	LACHHIPURA			26.32367178	74.65329375	
BMHT	Baraw More			25.04379389	84.06203633	
RNRD	RANIPUR ROAD	Uttar Pradesh	NCR	25.270918	79.055869	Mau Ranipur, Uttar Pradesh
SIRL	Shirala			21.123836	77.726017	
TRSR	TARSAI			21.764673	69.848031	
LAA	LAKHPAT			23.597666	71.028821	
GKX	Ghai Kalan			30.822828	75.108915	
GKT	Gankhera Halt			21.389118	80.191891	
BRNR	BARUANAGAR	Assam	NFR	27.1439534	95.23363789	Moran to Naharkatiya Rd, Assam
ANQ	AMNAPUR			17.049465	74.459554	
NTT	NATHAPETTAI	Tamil Nadu	SR	12.824069	79.75615	Nathapettai - Kaliyanoor Rd, Tamil Nadu
NKU	NAKARDEI			26.948686	84.891669	
RRNH	RAMRUPNAGAR			26.790374	85.162249	
PRWS	PATTABIRAM WEST			13.120184	80.051876	
BAHW	Bahir Khanda	West Bengal	ER	22.851949	88.071068	State Highway 2, West Bengal
HHP	HARHAR FATEHPUR			29.56224911	77.38734199	
SRKR	Salar Khurd			26.44738836	84.27345145	
UAR	UNAWA AITHOR			23.759404	72.385119	
VRLR	VIRANI ALUR	Tamil Nadu	SR	8.194644862	77.36869924	Kanyakumari, Tamil Nadu
HKNT	Hiwarkheda			21.40605	78.067716	
GZKA	Gzka			27.607734	76.655091	
VRLF	Veraval Mg			20.913261	70.370599	
MSWA	Masaniwala			29.399943	73.590387	
KPDH	Kapurdha Halt	Madhya Pradesh	SECR	22.053903	79.304203	SH 26, Madhya Pradesh
MKBH	Manwala Kot Bakhtu			30.040499	74.95205	
GRKA	Gurha Kemla			28.313586	76.255249	
GSGB	Gosaingram	West Bengal	ER	24.248003	88.211777	Murshidabad District, West Bengal
VZR	Bhanjpur			21.95074	86.73407	
TAKL	Takal			21.649222	76.542513	
NRSD	New Runnisaidpur Halt			26.385382	85.515932	
CBP	Chik Ballapur	Karnataka	SWR	13.4313153	77.7325398	Chik Ballapur, Karnataka
PRUR	Prithwirajpur			29.956914	73.757001	
NKK	Narikkudi			9.607658	78.337128	
NKN	Nyoli Kalan			29.189764	75.633124	
PPDI	Pipradih			24.99366521	86.99448763	
BLHI	Bisalehalli			13.4826118	75.96668576	
DSHI	Doddasiddavanha			14.209931	76.48848	
BJKN	Bajekan			29.524298	75.099097	
DTT	Doddanatta Halt			13.374454	78.133896	
CBZ	Churaibari	Tripura	NFR	24.433621	92.241248	Churaibari, Tripura
MVA	Malaka Vemala			14.268888	78.053936	
BIML	Bhimal	Rajasthan	NWR	24.7524306	73.9224402	Rajsamand, Rajasthan
MZB	Mahuli Halt			21.033308	79.315031	
WOC	Warud Orange City			21.458721	78.276164	
SANH	SANHA HALT			25.42740731	86.36843191	
IFCO	IFFCO CABIN			23.179203	72.535718	
KGRA	KANGRA	Himachal Pradesh	NR	32.085157	76.262565	Kangra, Himachal Pradesh
MJKN	MAJRI KHADAN			20.109731	79.019078	
PMD	PAMIDI			14.98072654	77.59904464	
PRM	PIRUMADARA	Uttarakhand	NER	29.327364	79.045744	Nainital District, Uttarakhand
SKK	SIKKAL	Tamil Nadu	SR	10.753121	79.790691	Sikkal, Tamil Nadu
RSC	RAMGANGA SOUTH			28.295969	79.369788	
PLG	PALGHAR	Maharashtra	WR	19.698038	72.77248	Palghar, Maharashtra
PPLC	PIMPLA CHAURE HALT			19.286455	77.13253485	
KLNT	KALINAGAR			23.365861	88.335819	
ARJ	AUNRIHAR JN	Uttar Pradesh	NER	25.54466	83.187272	Ghazipur, Uttar Pradesh
TNDN	THANDONI			10.93648	78.108515	
MBT	MARWAR BIRTHI	Rajasthan	NWR	27.099589	72.290171	National Highway 15, Rajasthan
PLE	PIPLEE			23.817141	71.530851	
MTSK	MOTA SURKA			21.724542	71.924583	
NRK	NARAIKKINAR	Tamil Nadu	SR	8.862519	77.841953	Palayamkottai - Kolathur - Nagalapuram - Aruppukottai Rd, Tamil Nadu
GPW	GHAUNSPUR			31.87062614	75.63752757	
PTRL	PATHRALA	Punjab	NWR	30.006625	74.743953	National Highway 64, Punjab
PEH	Pathardih Junction	Jharkhand	ECR	23.6755246	86.4345602	Jairampur More to Baliapur, Jharkhand
NIN	Nimkana			20.295401	86.376438	
NIT	Naikot			27.361006	83.396612	
KAMA	Kamta Halt			25.33674395	85.27791552	
NDKR	Nandakumar P.H.	West Bengal	?	22.19092396	87.9278722	Haldia Mechada via Tamluk, West Bengal
RNU	Ratnapur			21.474117	76.651361	
BMZ	Bamour Gaon	Madhya Pradesh	NCR	26.34846692	78.07786073	National Highway 3, Madhya Pradesh
BXG	Bhanga	Assam	NFR	24.857347	92.457351	National Highway 44, Assam
BORA	Bagdogra			26.69777044	88.32445458	
PTMS	Pattabiram Military			13.136714	80.059752	
LHNR	Lakshmanpur Halt			27.53183048	82.33976438	
LHNA	Lohanda			25.35411506	85.2790238	
KLNC	Kullanchavadi			11.628136	79.667563	
PGDI	Pagidirai Halt			15.283	77.601554	
JPD	Jalalpur Dhai	Uttar Pradesh	?	26.021201	81.135977	State Highway 38, Uttar Pradesh
BGV	Balegundi			14.15094746	75.11856523	
BGY	Bangriposi			22.130678	86.501362	
KMEZ	Kumar Maranga			19.038845	81.94987	
BLSR	Belasar			27.995122	73.653205	
SHYP	Sakarayapatna			13.43042388	75.92847693	
JWNR	Jawaharnagar	Tripura	NFR	23.924911	91.895623	National Highway 44, Tripura
RJLK	Rajalukah			22.125193	86.642242	
MRWS	Marwar Ranawas	Rajasthan	NWR	25.669354	73.739883	State Highway 61, Rajasthan
NMH	NIMACH	Madhya Pradesh	WR	24.459873	74.853025	MDR 11A, Madhya Pradesh
SUIA	SURAINCHA	Uttar Pradesh	NER	27.33652	80.830108	Suraincha, Uttar Pradesh
SGM	SOLGAMPATTI	Tamil Nadu	SR	10.785689	78.858717	Thirunedukulam To Paper Mill Rd, Tamil Nadu
DN	DHANARI	Uttar Pradesh	NR	28.32846107	78.50959573	State Highway 39, Uttar Pradesh
JVN	JORAWARNAGAR JN	Gujarat	WR	22.71246	71.641594	Surendra Nagar, Gujarat
UKLR	Ukilerhat Halt	West Bengal	ER	21.824712	88.230351	National Highway 117, West Bengal
KOQ	KUTHUR	Tamil Nadu	SR	10.755434	79.718883	Nagappattinam - Trichy - Karur- Coimbatore - Mettupalayam - Ooty - Gundlupet Road(Vandikara Street), Tamil Nadu
MAV	MARIAMMANKOVIL	Tamil Nadu	SR	10.773265	79.198201	Mariammankoil Railway Station Rd, Tamil Nadu
BLRR	Belandur Road	Karnataka	SWR	12.936565	77.706939	Bengaluru, Karnataka
SRDW	SHRIMAD DWARAKAPURI	Uttar Pradesh	NCR	27.364691	79.569638	Shrimad Dwarakapuri, Uttar Pradesh
SKBR	SHANKARPUR BHADAURA	Madhya Pradesh	WCR	24.083218	81.931447	Madhya Pradesh, Madhya Pradesh
SCKR	SALICHAUKA ROAD	Madhya Pradesh	WCR	22.833649	78.676291	Gadarwara, Madhya Pradesh
GGO	Goram Ghat	Rajasthan	NWR	25.635531	73.849246	Pali, Rajasthan
PTNR	PATEL NAGAR	Delhi NCT	NR	28.66000908	77.15626035	Najafgarh Road Industrial Area, Delhi NCT
BGO	BOGRI ROAD	West Bengal	SER	22.881747	87.325732	Bridge over Krishnanagore, West Bengal
BNKA	Bankim Nagar	West Bengal	ER	23.20905877	88.59190873	State Highway 11, West Bengal
SSPH	Satish Samanta P.H.	West Bengal	?	22.194485	87.987567	Mahishadal Geonkhali Rd, West Bengal
RGB	RAMGANGA	Uttar Pradesh	NR	28.298118	79.375029	State Highway 33, Uttar Pradesh
JRU	CHIKJAJUR JN	Karnataka	SWR	14.126112	76.138705	Chikkajajur, Karnataka
PLI	PETTAIVAYATALAI	Tamil Nadu	SR	10.898666	78.495114	Pettavaithalai, Tamil Nadu
AVLI	ARAVALLI	Andhra Pradesh	SCR	16.620491	81.599095	West Godavari, Andhra Pradesh
KHST	KASHANATTI			15.46427819	74.82959415	
HVL	HONNAVALLI ROAD	Karnataka	SWR	13.2744989	76.39004939	National Highway 206, Karnataka
SSNH	SREE SARADANAGAR HALT	Karnataka	SWR	13.260739	76.454627	Tiptur, Karnataka
CXA	Chandsara	Uttar Pradesh	NR	28.876214	77.725745	Chandsara, Uttar Pradesh
BTIB	BHATINDA B CABIN			30.150805	74.940231	
ANPR	Anpara	Uttar Pradesh	ECR	24.217386	82.766166	Sonebhadra, Uttar Pradesh
CTRD	Chitrawad	Gujarat	WR	21.101116	70.557048	Chitravad And Borvav Railway Station, Gujarat
TNGM	TONDALAGOPAVARAM	Andhra Pradesh	SCR	16.86827	80.430783	Tondalagopavaram Station, Andhra Pradesh
KHSN	KHERA SANDHAN HALT			27.240587	77.727048	
RCF	KAPURTHALA RAIL COACH FACTORY	Punjab	NR	31.326976	75.34282	kapurthala, Punjab
UKR	UDALKACHAR	Madhya Pradesh	SECR	23.287243	82.291923	National Highway 78, Madhya Pradesh
FAH	FATEHA HALT			25.59841905	85.87145805	
BIWK	BISALWAS KALAN	Rajasthan	WR	24.5000353	74.783084	MDR 11A, Rajasthan
TDPR	TIRUPADRIPULYUR	Tamil Nadu	SR	11.748883	79.753349	Cuddalore, Tamil Nadu
GOPL	GUNDLA POCHAMPALLI	Andhra Pradesh	SCR	17.567577	78.487851	Telangana Region, Andhra Pradesh
SNPH	SHANKAPUR HALT			18.06611911	78.40210405	
TMU	TIRUMANTHIKUNAM	Tamil Nadu	SR	10.767734	79.534339	Nagappattinam - Trichy - Karur- Coimbatore - Mettupalayam - Ooty - Gundlupet Road(Vandikara Street), Tamil Nadu
PURA	PURA HALT			24.815194	85.239725	
TMA	Tamuria	Bihar	ECR	26.245715	86.352761	Bihar, Bihar
TMB	Temburu	Andhra Pradesh	ECoR	18.633565	84.126963	Paralakhemundi, Andhra Pradesh
SKBN	SILAKHEDI			23.093053	76.057298	
SWI	SWAMIMALAI	Tamil Nadu	SR	10.942234	79.328785	Swamimalai, Tamil Nadu
RCJ	RANYAL JASMIYA	Madhya Pradesh	WR	23.161929	76.072554	Devas, Madhya Pradesh
VVB	VIVEKA VIHAR	Delhi NCT	NR	28.673319	77.31951	Jhilmil Industrial Area, Delhi NCT
BARD	DUVRI KALAN	Madhya Pradesh	WCR	23.994181	81.507968	State Highway 9, Madhya Pradesh
GWS	GAUSHALA	Uttarakhand	NER	29.298626	79.009802	National Highway 121, Uttarakhand
NJN	NAOJAN	Assam	NFR	26.13131	93.846465	local Rd, Assam
CCT	KAKINADA TOWN	Andhra Pradesh	SCR	16.9670099	82.2329218	East Godavari, Andhra Pradesh
MVP	MOKHASA KALVPDI	Andhra Pradesh	SCR	16.495533	81.13029	Putlacheruvu, Andhra Pradesh
DBRT	DIBRUGARH TOWN	Assam	NFR	27.47811328	94.90197394	Dibrugarh, Assam
NJT	NAGERCOIL TOWN	Tamil Nadu	SR	8.199571811	77.41943182	Nagercoil, Tamil Nadu
MMH	MAHADANAPURAM	Tamil Nadu	SR	10.953711	78.299178	Nagappattinam - Gundlupet Road(Vandikara Street), Tamil Nadu
HWT	HANWANT	Rajasthan	NWR	26.059514	73.005205	Basni, Rajasthan
GWO	Gwalior NG	Madhya Pradesh	NCR	26.216473	78.182282	Gwalior, Madhya Pradesh
KASH	Kulthamabdullashah Halt	Punjab	NR	31.203335	75.848386	Kulthamabdullashah, Punjab
BMSN	Bamsin	Rajasthan	NWR	25.76298255	72.54423539	SH 66, Rajasthan
DHCA	Dhaca Cantt.	Bangladesh	?	23.815527	90.410617	Dhaka, Bangladesh
SAKD	Suprakandi			24.788433	92.37868	
KRRI	Khairranji			22.419012	80.039379	
RCP	Ramachandrapur	Uttar Pradesh	NR	25.996484	81.267274	Lucknow Allahabad Rd, Uttar Pradesh
GNTR	Gauntra Halt	Uttar Pradesh	NR	27.1344458	80.21785643	Gauntra, Uttar Pradesh
NAVI	Navi Amravati			20.902137	77.732428	
FAN	Fatehnagar	Rajasthan	NWR	24.81828	74.095782	Fatehnagar, Rajasthan
CCP	Chhuchhapura Junction	Gujarat	WR	22.214729	73.594519	SH 159, Gujarat
CIF	Chhapra Kacheri Jn.			25.786151	84.746619	
CCO	Chicholi			21.458741	79.702691	
BHGH	Bhairgachhi	West Bengal	ER	23.274779	88.634016	Ranaghat-Bagula Bypass, West Bengal
BHV	Bhoma	Madhya Pradesh	SECR	22.171372	79.689457	State Highway 11A, Madhya Pradesh
WDLN	WADWAL NAGNATH	Maharashtra	SCR	18.538466	76.80741	Wadwal Nagnath, Maharashtra
BRHD	BABA RAGHUNI HALT DWARIKA			25.76004674	86.59679822	
TKBN	TSAKIBANDA	Andhra Pradesh	SWR	15.163457	77.178109	Rayalaseema Region, Andhra Pradesh
KFY	KARAPGAON	Madhya Pradesh	WCR	22.91555691	78.98454029	National Highway 26, Madhya Pradesh
SXF	SOBHAPUR	Madhya Pradesh	WCR	22.727429	78.291881	State Highway 22, Madhya Pradesh
BNK	BANASANKARAI HA	Karnataka	SWR	13.26560793	76.52306028	National Highway 206, Karnataka
BXHT	Boxirhat			26.307287	89.751593	
MFH	MAHRAULI			28.663865	77.468815	
AKNR	ADHYATMIK NAGAR			28.679874	77.499727	
DS	DASNA			28.690719	77.528116	
PKW	PILKHUA			28.712335	77.668008	
KKMB	KASTLA KASAMBAD			28.721071	77.71029538	
HPU	HAPUR			28.739613	77.779576	
BBO	BABUGARH			28.747393	77.855523	
QXR	KUCHESAR ROAD			28.746651	77.913232	
SKHR	SIKHERA MB HALT			28.75671486	77.94996964	
SMBL	SIMBHOOLI			28.765191	77.983472	
GMS	GARHMUKTESAR			28.781743	78.073508	
GGB	GARHMUKTESAR BR			28.76139995	78.14122042	
KHE	KANKATHER			28.80136126	78.18019213	
GJL	GAJRAULA JN			28.834938	78.250784	
MHHR	MAHESRA			28.856392	78.330321	
KFPR	KAFURPUR			28.86541244	78.35933203	
AMRO	AMROHA			28.892688	78.474329	
KIV	KAIALSA			28.88025192	78.56056791	
CKLT	CHAK KALI LAIT			28.874271	78.611771	
HKP	HAKIMPUR			28.87948216	78.65886364	
LDP	LODIPUR BISHANPUR			28.87230172	78.70909876	
LPB	LODIPUR BISHANP			28.869781	78.718028	
BZR	BISRA			22.248412	84.998591	
BUL	BHALULATA			22.266491	85.060382	
JRA	JARAIKELA			22.309556	85.113703	
MOU	MANOHARPUR			22.373359	85.196894	
PST	POSOTIA			22.447129	85.254753	
DRWN	DEROWAN P. HALT			22.487947	85.299778	
MXW	MAHADEV SAL			22.510448	85.328849	
GOL	GOILKERA			22.50529	85.379352	
TUX	TUNIA			22.540309	85.426059	
SWR	SONUA			22.576498	85.464081	
LPH	LOTAPAHAR			22.617663	85.565671	
CKP	CHAKRADHARPUR			22.678979	85.627771	
BRM	BARABAMBO			22.70169729	85.72902996	
RKSN	RAJKHARSAWAN JN			22.733525	85.811158	
MMV	MAHALI MARUP			22.757135	85.879316	
SINI	SINI JN			22.78946	85.947026	
BRBS	BIRBANS			22.79397464	86.01393866	
WADI	WADI			17.054312	76.99155	
MPK	CHENNAI PARK			13.080627	80.27285	
MSF	CHENNAI FORT			13.08354	80.282936	
MSB	CHENNAI BEACH			13.09034	80.291601	
RPM	ROYAPURAM			13.103503	80.293152	
WST	WASHERMANPET			13.1092227	80.28302	
TIM	TIMMANACHERLA			15.163466	77.394077	
NKDO	NAKKANADODDI			15.165309	77.476679	
PLU	PATAKOTTACHERU			15.172077	77.521795	
GY	GOOTY JN			15.149208	77.625823	
GYJ	GOOTY JUNCTION CABIN			15.140041	77.650955	
JKO	JAKKALACHERUVU			15.109121	77.726953	
RLO	RAYALCHERUVU			15.055957	77.821035	
VML	VEMULAPADU			15.022098	77.851379	
JUR	JUTTURU			14.978847	77.898103	
KMQA	KOMALI			14.936387	77.927597	
TU	TADIPATRI			14.907558	77.978985	
CLPE	CHALLAVARIPALLI			14.876728	78.034438	
VRN	VANGANUR			14.847442	78.080906	
RLL	REGADIPALLI			14.813572	78.136002	
KDP	KONDAPURAM			14.773549	78.193462	
MUM	MANGAPATNAM			14.73669649	78.26075341	
CIN	CHINTAKUNTA			14.71970041	78.32387979	
MOO	MUDDANURU			14.688415	78.395393	
KMH	KALAMALIA			14.667107	78.470174	
YA	YERRAGUNTLA			14.642328	78.534003	
YGD	YERRAGUDIPAD			14.618673	78.606374	
KKM	KAMALAPURAM			14.591762	78.666113	
GPY	GANGAYAPLLE			14.55411935	78.71746345	
KPU	KRISHNAPURAM			14.493468	78.776559	
HX	CUDDAPAH			14.45169	78.829184	
KNLP	KANAMALO PALLE			14.428769	78.925335	
BKPT	BHAKARAPET			14.4093627	78.97007317	
VNM	ONTIMITTA			14.392459	79.016272	
MMPL	MANTAPAMPALLE			14.321639	79.078603	
NRE	NANDALUR			14.264922	79.105722	
HAQ	HASTAVARMU			14.218403	79.1216	
RJP	RAZAMPETA			14.184525	79.152741	
PMT	PULLAMPET			14.120622	79.205606	
RPL	REDDIPALLE			14.093158	79.22553	
OBVP	OBULAVARIPALLI			14.04083	79.268221	
ANE	ANANTARAJUPET			13.999592	79.302468	
KOU	KODURU			13.948578	79.345687	
SF	SETTIGUNTA			13.87431	79.382302	
BLPE	BALAPALLE			13.817151	79.403557	
MRM	MAMANDURU			13.745895	79.458115	
PUDI	PUDI			13.532381	79.510307	
SVF	SRI VENKATAPERU			13.511599	79.514324	
TDK	TADUKU			13.502045	79.526498	
PUT	PUTTUR			13.439642	79.552666	
VGA	VEPAGUNTA			13.395013	79.559433	
EKM	EKAMBARAKUPPAM			13.318604	79.573126	
NG	NAGARI			13.307882	79.579647	
VKZ	VENKATA NARASIMHA RAJU VARI PETA			13.270775	79.581865	
POI	PONPADI			13.241368	79.588814	
TRT	TIRUTTANI			13.179217	79.611386	
ICP	ICHCHIPUTTUR			13.132795	79.638907	
AJJN	ARAKKONAM JN NORTH			13.086445	79.648429	
PDI	PALASDARI			18.88409	73.32055	
TKW	THAKURVADI			18.852865	73.353331	
NNCN	NAGNATH CABIN			18.85407933	73.35913113	
NAGC	NAGARGALI			18.815609	73.360148	
MHLC	MONKEY HILL			18.769161	73.363746	
KAD	KHANDALA			18.755087	73.377469	
LNL	LONAVALA			18.748883	73.407657	
MVL	MALAVLI			18.743833	73.48064	
KMST	KAMSHET			18.766938	73.552352	
KNHE	KANHE			18.762352	73.594016	
VDN	VADGAON			18.742927	73.636925	
TGN	TALEGAON			18.734829	73.672014	
GRWD	GHORAWADI			18.720585	73.696982	
SLRW	SHELARWADI			18.70094	73.705901	
BGWI	BEGDAEWADI			18.700263	73.708437	
BGW	BEGDEWADI			18.701176	73.7090392	
DEHR	DEHU ROAD			18.680176	73.734169	
AKRD	AKURDI			18.64812	73.764244	
CCH	CHINCHVAD			18.638903	73.791392	
PMP	PIMPRI			18.622977	73.801991	
KSWD	KASAR WADI			18.60755517	73.82070105	
DAPD	DAPODI			18.58005	73.832799	
KK	KHADKI			18.56301	73.840513	
SVJR	SHIVAJINAGAR			18.531738	73.851147	
BRB	BORIBIAL			18.40776486	74.64880804	
MLM	MALTHAN			18.36895117	74.72436739	
BGVN	BHIGWAN			18.317256	74.775042	
JNTR	JINTI ROAD			18.32495447	74.87741683	
PRWD	PAREWADI			18.289799	74.952285	
WSB	WASHIMBE			18.284021	75.003799	
PPJ	POPHLAJ			18.292242	75.117846	
JEUR	JEUR			18.260933	75.162471	
BLNI	BHALWANI			18.212962	75.199289	
KEM	KEM			18.17750879	75.27462627	
DHS	DHAVALAS			18.12968174	75.33426192	
KWV	KURDUVADI			18.091348	75.417118	
WDS	WADSINGE			18.0661323	75.48877465	
MA	MADHA			18.029712	75.546507	
WKA	VAKAV			17.988187	75.579724	
AAG	ANGAR			17.954256	75.599875	
MKPT	MALIKPETH			17.899982	75.608752	
MO	MOHOL			17.805205	75.675995	
MVE	MUNDHEWADI			17.74176466	75.70654796	
PK	PAKNI			17.72486594	75.77887404	
BALE	BALE			17.6761856	75.84508618	
SUR	SOLAPUR JN			17.664496	75.893401	
TKWD	TIKEKARWADI			17.614967	75.933458	
HG	HOTGI			17.565668	75.989943	
TLT	TILATI			17.503553	76.069348	
AKOR	AKALKOT ROAD			17.450243	76.137689	
NGS	NAGANSUR			17.429086	76.182913	
BOT	BOROTI			17.3950185	76.2535626	
DUD	DUDHANI			17.362421	76.37871	
KUI	KULALI			17.357949	76.470592	
GDGN	GAUDGAON			17.335973	76.530953	
GUR	GANAGAPUR ROAD			17.340443	76.5903	
HHD	HUNSIHADGIL			17.352906	76.646807	
SVG	SAWALGI			17.33949	76.711137	
BBD	BABLAD			17.337569	76.779259	
GR	GULBARGA			17.314372	76.824438	
HQR	HIRENANDURU			17.258215	76.872212	
MR	MARTUR			17.199686	76.902717	
SDB	SHAHABAD			17.121663	76.943513	
MBQ	MUMBRA			19.190223	73.02326	
KLVA	KALVA			19.196049	72.997651	
CLA	KURLA JN			19.065221	72.879375	
SIN	MUMBAI SION			19.047725	72.864262	
MTN	MUMBAI MATUNGA			19.027347	72.849842	
DR	MUMBAI DADAR CENTRAL			19.017179	72.842972	
VLDI	VITHALWADI			19.229234	73.149051	
ULNR	ULHASNAGAR			19.218215	73.163466	
ABH	AMBARNATH			19.210382	73.184756	
BUD	BADLAPUR			19.1663883	73.2390496	
VGI	VANGANI			19.094299	73.300967	
SHLU	SHELU			19.062985	73.317386	
NRL	NERAL			19.027113	73.318955	
BVS	BHIVPURI ROAD			18.970655	73.331324	
KJT	KARJAT			18.911158	73.320691	
BLYC	BLYC					
BWND	BWND					
MAG	MANGALAGIRI			16.438256	80.564992	
NBR	NAMBURU			16.358721	80.495825	
PDKN	PEDAKAKANI HALT			16.34323912	80.48615483	
BDPL	BANDARUPALLE			16.3655265	80.3628002	
MDPD	MANDAPADU			16.388652	80.320507	
SRPM	SIRIPURAM			16.412603	80.295123	
LIN	LINGAMGUNTLA			16.439709	80.273943	
PKPU	PEDDAKURAPADU			16.459296	80.252989	
GPDE	GUDIPUDI			16.433946	80.205304	
SAP	SATTENAPALLE			16.405018	80.152704	
DUP	DHULIPALLA HALT			16.4244756	80.08782379	
REM	REDDIGUDEM			16.44232772	80.05081493	
BMKD	BELLAMKONDA			16.46998	80.006313	
ANPM	ANUPALEM			16.469897	79.962595	
STRM	SITARAMAPURAM			16.47475943	79.92550213	
PGRL	PIDUGURALLA			16.477787	79.876294	
KPH	KAMEPALLI			16.50530442	79.83223332	
TMLU	TUMMALACHERUVU			16.527651	79.802963	
NDKD	NADIKODE			16.590634	79.723565	
PDGL	PONDUGULA			16.67624425	79.65905031	
VJRD	VAJIRABAD			16.68682378	79.64519408	
VNUP	VISHNUPURAM			16.70451049	79.63878593	
DMCA	DAMARACHERLA			16.725861	79.630821	
KDGL	KONDRAPOL			16.78529905	79.60107545	
KDRL	KONDRAPOL			16.784736	79.600292	
MRGA	MIRYALAGUDA			16.860392	79.533503	
TPPI	TIPPARTHI			17.006537	79.423098	
NLDA	NALGONDA			17.06118	79.283436	
SRMR	SRIRAMPURAM			17.1172618	79.2124049	
NKPL	NARKETPALLI			17.199276	79.179267	
CTYL	CHITYALA			17.22196082	79.13571311	
RMNP	RAMANNAPET			17.282344	79.087023	
VLG	VANIGONDA			17.366663	79.008505	
MMPR	MAMDAPUR			17.38257495	78.97793132	
NRDP	NAGIREDDIPALLI			17.422255	78.939987	
BMMP	BOMMAYAPALLI			17.48444516	78.86122657	
YY-WADB	YY-WADB					
YY-MLYB	YY-MLYB					
KTCR	KOTHACHERUVU			14.18576974	77.76013216	
BSPL	BASAMPALLE			14.31123523	77.74596345	
SSPN	SATYA SAI P NILAYAM			14.160468	77.757559	
NRYP	NARAYANAPURAM			14.128972	77.696047	
WDC	WDC					
SUH	SULEHALLI			17.08041097	77.05225732	
AMLX	AMLX					
AQX	AQX					
HLTS	HALKATTA SHARIEF			17.01711729	76.9925675	
TAC	TATICHERLA			14.74835021	77.59500059	
LPI	LINGAMPALLI			17.482874	78.316774	
KDT	KHADARPET			14.98307811	77.54276971	
VPL	VENKATAMPALLE			15.04485359	77.44160448	
GPU	GULAPALYAMU			15.087043	77.39921	
CDNR	CHANDANAGAR			17.487697	78.333575	
HFZ	HAFIZPETA			17.482275	78.362655	
HTCY	HITECH CITY			17.4694	78.384861	
HNMN	HANUMAN STATION			15.149519	77.37687315	
LGD	LALLAGUDA			17.441464	78.525617	
MLY	MAULA ALI			17.44041	78.550541	
BRBD	BORABANDA			17.45922612	78.40786013	
BTNR	BHARTNAGAR			17.46139991	78.42819282	
FNB	FATEHNAGAR			17.45619573	78.45025757	
NCHS	NATURE CURE HOSPITAL			17.44586316	78.45289083	
BMT	BEGAMPET			17.4388739	78.4586266	
SJVP	SANJEEVAIAH PARK			17.435951	78.475688	
JET	JAMES STREET			17.433133	78.486911	
SC	SECUNDERABAD JN			17.433147	78.501481	
NW	NALWAR			16.936043	77.019937	
SPHL	SHAMPURHALLI			16.87535	77.03309	
TGDE	THANGUNDI			16.803814	77.068276	
YG	YADGIR			16.744396	77.130366	
LGRE	LINGIRI			16.670289	77.188998	
SADP	SAIDAPUR			16.57000116	77.24979123	
CGTA	CHEGUNTA			16.48536136	77.30225045	
KSN	KRISHNA			16.409324	77.328563	
YDLP	YADALAPUR			16.384372	77.326596	
CK	CHIKSUGAR			16.336647	77.343832	
YS	YERMARAS			16.272482	77.34747	
RC	RAICHUR			16.192441	77.339165	
MRC	MARICHETHAL			16.111362	77.309318	
MTU	MATMARI			16.046723	77.302973	
HPH	HANUMAPURA			15.97129137	77.30620284	
MALM	MANTHRALAYAM RD			15.949035	77.299196	
EGU	IRANAGALLU			15.89181357	77.26376539	
KO	KOSGI			15.847872	77.236408	
KGL	KUPGAL			15.726256	77.219229	
ESV	ISIVI			15.65781	77.229814	
AD	ADONI			15.617035	77.27485	
NRR	NAGARUR			15.542335	77.313184	
ASP	ASPARI			15.454804	77.356253	
MGV	MOLAGAVALLI			15.357784	77.371821	
NMLU	NEMAKALLU			15.297622	77.372779	
NLA	NANCHERLA			15.256053	77.368833	
GTL	GUNTAKAL JN			15.17556	77.366611	
KLU	KALLURU			14.924474	77.581419	
GDE	GARLADINNE			14.827324	77.592146	
HLKT	HALAKATTA			17.0207709	76.99057255	
CT	CHITTAPUR			17.1197808	77.0904516	
MQR	MALKHAID ROAD			17.147112	77.173961	
SEM	SERAM			17.180683	77.28353	
KQT	KURGUNTA			17.191165	77.359574	
NAW	NAWANDGI			17.21709983	77.42790824	
MVH	MANTATTI			17.22769347	77.50948072	
TDU	TANDUR			17.25044	77.585037	
RMY	RUKMAPUR			17.27365	77.675424	
DRR	DHARUR			17.28952	77.75853	
MWY	MAILARAM			17.280412	77.809709	
GDQ	GODAMGURA			17.29025	77.867119	
VKB	VIKARABAD JN			17.337132	77.909409	
CTF	CHITGIDDA			17.391231	77.963909	
GGD	GULLAGUDA			17.41696386	78.03277294	
RPK	RAVALPALLI KALA			17.439968	78.084165	
SKP	SHANKARPALLI			17.450825	78.131116	
NPL	NAGALAPALLE			17.460567	78.229966	
SNF	SANAT NAGAR			17.46160709	78.43594717	
JBR	JAHANGIRABAD ROAD			26.97393686	81.24728303	
RFR	RAFINAGAR			26.99413628	81.2820328	
BUR	BINDAURA			27.02102324	81.32520313	
STPD	SITAFAL MANDI			17.428339	78.520289	
ATC	ARTS COLLEGE			17.41813	78.519665	
JOO	KACHEGUDA JAMIA OSMANIA			17.411069	78.517784	
VAR	VIDYANAGAR			17.402485	78.511657	
LGDH	LALAGUDA GATE			17.440355	78.524403	
MJF	MALKAJGIRI			17.448392	78.529606	
KDGH	KODIGEHALLI			13.06335774	77.5759716	
ATP	ANANTAPUR			14.686478	77.595312	
PSPY	PRASANNAYA PALLI			14.63117779	77.6021062	
ZPL	ZANGALAPALLE			14.591854	77.640854	
CCA	CHIGICHERLA			14.517474	77.683488	
DMM	DHARMAVARAM JN			14.424369	77.717115	
NGM	NAGASAMUDRAM			14.32166253	77.64246703	
MKJ	MAKKAJIPALLI			14.19611832	77.62844748	
PKD	PENUKONDA			14.099641	77.592521	
REPI	RANGEPALLI			14.01783	77.578036	
CPL	CHAKARLAPALLI			13.99779	77.583123	
MLU	MALUGUR			13.866614	77.531591	
HUP	HINDUPUR			13.819144	77.500362	
DPE	DEVARAPALLE			13.72380659	77.51223649	
VWA	VIDURASWATTHA			13.665713	77.509785	
GBD	GAURIBIDANUR			13.613081	77.512781	
SMWA	SOMESHWARA			13.55657	77.513961	
TDV	THONDEBHAVI			13.503503	77.514573	
MKL	MAKLIDRUG			13.40954517	77.5090374	
CHZ	CHARLAPALLI			17.457672	78.605619	
GT	GHATKESAR			17.453116	78.678217	
BN	BIBINAGAR			17.470511	78.794355	
PGDP	PAGIDIPALLI			17.484713	78.820893	
BG	BHONGIR			17.524696	78.89847	
RAG	RAIGIR			17.550881	78.941202	
WP	WANGAPALLI			17.580557	78.983664	
ALER	ALER			17.6459553	79.0483414	
PBP	PEMBARTI			17.692296	79.11616	
ZN	JANGAON			17.725115	79.154734	
YSPM	YASANTAPUR			17.73674018	79.20499763	
RGP	RAGHUNATHPALLI			17.75647881	79.2553036	
IPG	IPPUGUDA			17.80131154	79.32670555	
GNP	GHANPUR			17.8506252	79.3768995	
NSKL	NASKHAL			17.898101	79.426237	
ORH	ODDARAHALLI			13.345829	77.541461	
DBU	DODBALLAPUR			13.27894	77.55016	
RNN	RAJANKUNTI			13.174151	77.564915	
YNK	YELHANKA JN			13.102795	77.593069	
VAH	VAH					
BRGL	BURGULA HALT			16.993515	78.205223	
HBLN	HBL NAGAR			17.134017	78.27355	
KOTT	KOTTUR			17.14974	78.286221	
NSVP	NPA SHIVARAMPALLI HALT			17.32371429	78.43720382	
YKA	YAKUTPURA KACHEGUDA			17.359554	78.491711	
MLYG	MLYG			17.455347	78.53417	
MLYC	MAULA ALI			17.447219	78.548135	
OPL	UPPAL			18.183408	79.48098	
JMKT	JAMIKUNTA			18.290021	79.476918	
BGSF	BISUGIRSHARIF			18.348122	79.483604	
PTKP	POTKAPALLI			18.42906198	79.4644455	
OEA	ODELA			18.45655424	79.44974428	
KOLR	KOLNUR			18.49631927	79.41990937	
KYOP	KOTTAPALLI			18.54026813	79.40385903	
PDPL	PEDDAPALLI			18.613796	79.39208	
RGPM	RAGHAVAPURAM			18.681242	79.411187	
RDM	RAMGUNDAM			18.763329	79.4351	
PPZ	PEDDEMPET			18.80266937	79.42682413	
MCI	MANCHIRYAL			18.878745	79.448848	
RVKH	RAVINDRAKHANI			18.936594	79.461396	
MMZ	MANDAMARI			18.971272	79.470148	
BPA	BELAMPALLI			19.0536892	79.4863374	
RECH	RECHNI ROAD			19.140541	79.451894	
RLW	REPALLIWADA			19.201953	79.430139	
ASAF	ASIFABAD ROAD			19.256682	79.416719	
RLT	RALAPET			19.322909	79.437787	
SKZR	SIRPUR KAGAZNAGAR			19.345659	79.489201	
VEM	VEMPALLI			19.414389	79.534584	
SRUR	SIRPUR TOWN			19.479063	79.560418	
MKDI	MAKUDI			19.592555	79.44826	
WIRR	WIRUR			19.641288	79.430571	
VHGN	WIHIRGAON			19.725052	79.440819	
MAGH	MANIKGARH			19.787693	79.398527	
BPQ	BALHARSHAH			19.8490173	79.3485858	
GNVR	GONDWANAVISAPUR			19.88263893	79.32872301	
VSP	WASANAPURA			19.884978	79.327833	
BUPH	BABUPETH			19.923131	79.313027	
CD	CHANDRAPUR			19.960126	79.300505	
VVKN	VIVEKANANDA NAGAR			19.997086	79.259191	
CPW	CHOTIPADOLI			20.000992	79.253005	
TAE	TADALI			20.034835	79.187503	
BUX	BHANDAK			20.084262	79.112528	
MJRI	MAJRI JN			20.139283	79.043522	
WRR	WARORA			20.244263	79.009944	
CKNI	CHIKNI ROAD			20.325826	78.959217	
NGI	NAGARI			20.406983	78.889984	
YNA	YENOR			20.508138	78.837091	
HGT	HINGANGHAT			20.542631	78.833925	
WG	WAGHOLI			20.585085	78.767038	
SNN	SONEGAON			20.629319	78.709706	
BPK	BHUGAON			20.6738192	78.6700027	
CHJC	CHITODA			20.708474	78.62974	
PQL	PINDLAI			17.925189	79.454715	
KZJ	KAZIPET JN			17.974211	79.511025	
NSZ	BHOPAL NISHATPURA			23.278225	77.418769	
SUW	SUKHISEWANIYAN			23.34076	77.485966	
BVB	BHADBHADAGHAT			23.375165	77.535282	
DWG	DEWANGANJ			23.429766	77.592867	
SMT	SALAMATPUR			23.461639	77.67275	
SCI	SANCHI			23.488096	77.735783	
BTWN	BETWA CABIN			23.509201	77.787463	
BHS	VIDISHA			23.5222886	77.8148356	
SORI	SORAI			23.551699	77.848219	
SUMR	SUMER			23.624616	77.879427	
GLG	GULABHGANJ			23.684375	77.912351	
PAI	PABAI			23.767491	77.931259	
BAQ	GANJ BASODA			23.845347	77.944826	
RKRI	RAO KHEDI			23.885645	77.981122	
RKDI	RAUKHERI			23.886485	77.981962	
BET	BARETH			23.91494729	77.99967978	
CLHT	CHULHETA			23.945912	78.018483	
KAH	KALHAR			23.978071	78.057178	
MABA	MANDI BAMORA			24.054032	78.082437	
KIKA	KURWAI KETHORA			24.117852	78.114978	
MSV	MUSTARA			25.496702	78.63498	
GRM	GARHMAU			25.506271	78.687944	
PIC	PARICHA			25.518402	78.73773	
PTSC	PARICHAA THERMA			25.525228	78.753962	
CGN	CHIRGAON			25.575053	78.805761	
NDK	NANKHAS			25.660949	78.872336	
MOTH	MOTH			25.74157	78.948673	
ERC	ERICH ROAD			25.820641	79.035025	
PRN	PARAUNA			25.86680278	79.12572133	
AIT	AIT			25.903719	79.230436	
BHUA	BHUA			25.94558066	79.35108482	
ORAI	ORAI			25.98253701	79.45953396	
ATA	ATA			26.04454227	79.599143	
URG	USARGAON			26.080449	79.680325	
KPI	KALPI			26.119339	79.755607	
CNH	CHAUNRAH			26.16506	79.782159	
PHN	POKHRAYAN			26.222964	79.840888	
MLS	MALASA			26.28889	79.907312	
LLR	LALPUR			26.318818	79.948516	
TLNH	TILAUNCHI			26.33819997	80.02677234	
PMN	PAMAN			26.359934	80.08042	
RPGU	RASULPURGOGAMAU			26.376288	80.118434	
BNAR	BINAUR			26.402727	80.178721	
BZM	BHIMSEN			26.419754	80.218145	
HLIN	HOLDING LINE			26.438271	80.260213	
ASH	AISHBAGH			26.83738801	80.9096068	
LC	LUCKNOW CITY			26.859109	80.917866	
DAL	DALIGANJ			26.875384	80.927482	
BNZ	BADSHAHNAGAR			26.8686134	80.9613606	
GTNR	GOMATI NAGAR			26.860344	81.003433	
RMBG	RAMGHAT HALT			26.82056777	82.21443493	
KEA	KATRA			26.842992	82.204937	
NGB	NAWABGANJ GONDA			27.153816	81.977064	
TRE	TIKRI			27.116135	82.070639	
YPR	YESVANTPUR JN			13.022839	77.551174	
KJM	KRISHNARAJAPURAM			13.000534	77.674016	
SGWF	WHITE FIELD SATELLITE			12.99601741	77.76147796	
WFD	WHITEFIELD			12.995253	77.761305	
DKN	DEVANGONTHI			12.985647	77.831087	
MLO	MALUR			12.992108	77.940033	
BFW	BYATRAYANHALLI			13.00203974	77.98850762	
TCL	TYAKAL			12.984096	78.070518	
MZV	MARALAHALLI			12.988346	78.108853	
BWT	BANGARAPET			12.984808	78.178188	
LOGH	LOTTEGOLLAHALLI			13.043169	77.562257	
BYPL	BAIYYAPPANAHALI			12.990198	77.650886	
BYPY	BAIYYAPPANAHALLI YARD CABIN			13.00673117	77.62557964	
BAND	BANASWADI			13.00573	77.628196	
HEB	HEBBAL			13.042299	77.58606	
VRDP	VARADAPUR			12.92266019	78.19156805	
KSM	KAMASAMUDRAM			12.880706	78.200119	
BSM	BISANATTAM			12.84262771	78.25031624	
GDP	GUDUPULLI			12.803672	78.27491	
KPN	KUPPAM			12.746834	78.339549	
MAR	MULANUR			12.661485	78.406389	
PU	PATCHUR			12.5866573	78.4694944	
SKPT	SOMANAYAKKANPTI			12.574922	78.542452	
BUM	BOMMASAMUDRAM			13.044566	79.176067	
RAM	RAMAPURAM			13.098012	79.178793	
PYX	PEYANAPALLI			13.131636	79.138282	
SIE	SIDDAMPALLI			13.160645	79.137135	
CTO	CHITTOOR			13.219857	79.103252	
RVSN	RVS NAGAR			13.2783022	79.11625704	
PTT	PUTALAPATTU			13.373419	79.098727	
PAK	PAKALA JN			13.451133	79.11408	
PAM	PANAPAKAM			13.513241	79.210821	
MNPT	MUNGILIPATTU			13.55654605	79.24109822	
KEN	KOTALA			13.60632134	79.28725428	
CGI	CHANDRAGIRI			13.61173	79.312215	
TPW	TIRUPATI WEST HALT			13.624534	79.404624	
TPTY	TIRUPATI MAIN			13.62763	79.418968	
TCNR	TIRUCHANUR			13.6313	79.455703	
RU	RENIGUNTA JN			13.636261	79.50629	
YPD	YERPEDU			13.689108	79.578514	
RCG	RACHAGUNNARI			13.714631	79.629853	
KHT	SRI KALAHASTI			13.74636183	79.68304125	
AKY	AKKURTI			13.78289601	79.66864169	
YLK	YELLAKARU			13.84646	79.650572	
YAL	YATALURU			13.893494	79.626238	
VKI	VENKATAGIRI			13.943864	79.603987	
NDZ	NIDIGALLU			13.988306	79.660594	
VDD	VENDODU			14.026947	79.7284	
KQA	KONDAGUNTA			14.080028	79.79392	
LJN	LUCKNOW JN			26.831967	80.918587	
AGA	AGRA CITY			27.1945731	78.0157752	
RAWS	RAHATWAS			24.522974	77.8327	
BRNA	BERAWANYA			23.465606	75.334122	
KUH	KHACHROD			23.442673	75.286337	
RNH	RUNKHERA			23.41384604	75.18880223	
BOD	BANGROD			23.3982156	75.1241457	
RTME	RATLAM EAST CABIN			23.35979	75.067019	
RTLM	RATLAM JN			23.34024	75.050686	
RTM	RATLAM JN			23.34038	75.050826	
RTD	RATLAM A CABIN			23.335631	75.042913	
DRRN	DR. R K NAGAR			23.31022212	75.00605869	
MRN	MORWANI			23.27648552	74.97796873	
BILD	BILDI			23.2255232	74.9185387	
RTI	RAOTI			23.183572	74.878674	
BOG	BHAIRONGARH			23.1449211	74.77606411	
BMI	BAMNIA			23.0957635	74.7590158	
AGR	AMARGARH			23.080689	74.747038	
PCN	PANCH PIPILA			23.06329	74.737549	
BJG	BAJRANGARH			23.042607	74.694993	
THDR	THANDLA RD			23.032708	74.666939	
MGN	MEGHNAGAR			22.907459	74.539834	
NRH	NAHARGARH			22.873881	74.500786	
ANAS	ANAS			22.866009	74.421513	
BIO	BORDI			22.8664871	74.3470986	
DHMA	DHAMARDA			22.846208	74.297046	
DHD	DAHOD			22.843607	74.253374	
RET	RENTIA			22.863268	74.210847	
JKT	JEKOT			22.865616	74.159354	
USRA	USRA			22.842055	74.102942	
MAM	MANGAL MAHUDI			22.83578	74.058492	
LMK	LIMKHEDA			22.833894	73.984515	
PPD	PIPLOD JN			22.819148	73.9091	
SAT	SANT ROAD			22.79639456	73.80040253	
CCL	CHANCHELAV			22.79582544	73.71433934	
KIZ	KANSUDHI			22.789343	73.64823	
GDA	GODHRA JN			22.776974	73.603672	
BINA	BINA JN			24.1709735	78.1831998	
GUNA	GUNA			24.6405	77.314104	
MUGA	MAHUGARHA			24.62774509	77.2417423	
RTA	RUTHIYAI			24.531922	77.175827	
VJP	VIJAY PUR			24.49316915	77.16241142	
RGG	RADOGARH			24.43561131	77.15479249	
KHRJ	KUMBHRAJ			24.363097	77.079574	
RMQ	RAMRI			24.242752	77.051454	
CBK	CHACHAURA BINAGANJ			24.178144	77.016603	
PCF	PENCHI			24.138711	77.005837	
SFZ	SINDURIYA KACHARI			24.02109934	76.9259037	
BRRG	BIYAVRA RAJGARH			23.93591	76.907007	
KNRA	KACHNARIA			23.883958	76.878726	
KNWS	KARANWAS			23.80408	76.808926	
PFR	PACHOR ROAD			23.729095	76.741609	
UDK	UDYAN KHERI			23.680052	76.639447	
PQU	PARHANA MAU			23.6266364	76.55560679	
SFW	SARANGPUR			23.58106419	76.48718722	
SFF	SUNERA PIRKHERI			23.474148	76.360303	
SFY	SHAJAPUR			23.425074	76.297843	
CAZ	CHAUHANI			23.332144	76.264491	
SYO	SIROLIYA			23.30556	76.225424	
MDVK	MAHADEOKHEDI			24.217392	78.193689	
SRKI	SEMARKHERI			24.288941	78.177733	
KXB	KANJAI			24.331047	78.169132	
MNV	MUNGAOLI			24.402175	78.11099	
GVB	GUNERU BAMORI			24.46177257	78.06253951	
PIA	PIPRAIGAON			24.503643	77.964258	
RTWS	RAHATWAS			24.522934	77.83266	
ORR	ORR			24.530939	77.799315	
HPKA	HINOTIA PIPALKHERA			24.550797	77.770415	
ASKN	ASHOK NAGAR			24.58015	77.726725	
RIKA	RATIKHEDA			24.59745	77.656544	
SHDR	SHADHORAGAON			24.633366	77.584671	
PIGT	PILIGHAT			24.660758	77.49331	
PGA	PAGARA			24.65577	77.44077	
MABN	MABAN			24.641196	77.371542	
IAA	INDARA JN			25.987832	83.619611	
ML	MALHOUR			26.85344916	81.04047524	
JRR	JUGAUR			26.88192212	81.08856128	
SFH	SAFEDABAD			26.89785737	81.11660123	
BBK	BARABANKI JN			26.935335	81.18104	
MAU	MAU JN			25.93948	83.564347	
PLGH	PALIGARH			25.959544	83.50513	
KRT	KHURAHAT			25.984989	83.455442	
MMA	MUHAMMADABAD			26.026235	83.376007	
SAA	SATHIAON			26.034194	83.287317	
SDHA	SIDHARI HALT			26.03774156	83.18766741	
RES	RASULL			26.93142255	81.25344952	
AMH	AZAMGARH			26.038607	83.160614	
RKS	SARAI RANI			26.015838	83.121492	
PHY	PHARIHA			26.00747845	83.02994562	
SJER	SANJARPUR			26.01733179	82.97217947	
SMZ	SARAI MIR			26.0281419	82.9239538	
KRND	KHORASON ROAD			26.089746	82.867173	
SGJ	SAFDARGANJ			26.914454	81.36116	
DJD	DIDARGANJ ROAD			26.092367	82.805191	
KHJA	KHANJA HALT			26.088482	82.744969	
SYK	SAIDKHANPUR			26.89846	81.462176	
DYD	DARYABAD			26.861303	81.550114	
PTH	PATRANGA			26.825007	81.625869	
RZN	RAUZAGAON			26.785264	81.708007	
RDL	RUDAULI			26.762188	81.754202	
GMU	GAURIYAMAU			26.757029	81.79366	
BNM	BARAGAON			26.7553741	81.84702789	
DELO	DEORAKOT			26.754368	81.906358	
SLW	SOHWAL			26.753048	81.983837	
SLRP	SALARPUR			26.752552	82.013173	
FD	FAIZABAD JN			26.768996	82.135574	
ACND	ACHARYA NARENDRA DEV NAGAR			26.774576	82.156997	
AY	AYODHYA			26.787784	82.200604	
DRG	DARSHANNAGAR			26.75222863	82.20838427	
BLG	BILHAR GHAT			26.6813068	82.2689979	
ULN	ULNA BHARI			26.632175	82.319243	
GGJ	GOSHAINGANJ			26.569524	82.384123	
KTHE	KATAHRI			26.4952	82.447764	
ABP	AKBARPUR			26.429818	82.539073	
JFG	JAFARGANJ			26.36027706	82.58231939	
MLPR	MALIPUR			26.281482	82.6313	
TLGR	TULSI NAGAR			26.215063	82.651701	
BWI	BILWAI			26.158966	82.665181	
SHG	SHAHGANJ JN			26.061399	82.679662	
PEP	PHEPHNA JN			25.770309	84.051325	
SVI	SAGARPALI			25.758015	84.098657	
HLP	HALDHARPUR			25.963348	83.67908	
RTP	RATANPURA			25.921924	83.744472	
RJMP	RAJMALPUR ROAD			25.892921	83.788671	
RSR	RASRA			25.861714	83.85785	
SNRA	SANWARA			25.845461	83.910076	
CHR	CHILKAHAR			25.82699	83.965313	
JGKS	JIGNI KHAS			25.802194	84.006273	
BUI	BALLIA			25.76057	84.15312	
BCD	BANSDIH ROAD			25.8115832	84.215238	
CATA	CHHATA ASCHAURA			25.824617	84.253936	
STW	SAHATWAR			25.827831	84.295491	
ROI	REOTI			25.833886	84.37469	
DCP	DAL CHAPRA			25.82706	84.432615	
SIP	SURAIMANPUR			25.80918	84.480022	
BKLA	BAKULHA			25.797877	84.543411	
MHT	MANJHI			25.828485	84.584759	
RVG	REVELGANJ GHAT HALT			25.78707196	84.63940184	
GTST	GAUTAMSTHAN			25.78685913	84.66347945	
BJF	BIJNI			26.497967	90.707827	
PTLD	PATILADAHA			26.504091	90.784534	
SBE	SORBHOG JN			26.494286	90.888281	
BPRD	BARPETA ROAD			26.5028473	90.9639649	
GSA	GUAGACHHA			26.501588	91.016332	
SPQ	SORUPETA			26.49968885	91.07605934	
PBL	PATHSALA			26.497475	91.176255	
NSRH	NIZ-SARIHA HALT			26.48606214	91.22112612	
TIHU	TIHU			26.471321	91.267699	
KTCH	KAITHALKUCHI			26.450315	91.339022	
NLV	NALBARI			26.450629	91.440291	
GOE	GHOGRAPUR			26.450742	91.539986	
RNY	RANGIYA JN			26.447901	91.605929	
KDKN	KENDUKANA			26.374067	91.63681	
BIZ	BAIHATA			26.343713	91.684343	
CGS	CHANGSARI			26.256204	91.693023	
AGT	AGTHORI			26.20089324	91.686006	
KYQ	KAMAKHYA			26.156154	91.689505	
GHY	GUWAHATI			26.182635	91.751851	
JPE	JALPAIGURI ROAD			26.559017	88.709453	
NQH	NEW DOMOHANI			26.56968098	88.78657156	
NMX	NEW MAYNAGURI			26.578607	88.822868	
BYXA	BETGARA			26.612665	88.885559	
ATM	ALTAGRAM			26.608131	88.946682	
DQG	DHUPGURI			26.573532	88.994973	
KLGR	KHALAIGRAM			26.55042	89.052194	
SXX	SALBARI			26.54606099	89.10552673	
FLK	FALAKATA			26.53839646	89.19227488	
GMZ	GUMANI HAT			26.47407092	89.23926427	
GUZ	GUMANI HAT			26.47468092	89.23987427	
GDX	GHOKSADANGA			26.42288643	89.27801059	
SJRR	SAJHERPAR			26.42244524	89.35227413	
PQZ	PUNDIBARI			26.413245	89.393542	
NCB	NEW COOCH BEHAR			26.353159	89.469766	
NBS	NEW BANESWAR			26.39502191	89.51042175	
NOQ	NEW ALIPURDAUR			26.48572	89.541398	
SMTA	SAMUKTALA ROAD			26.48333745	89.63468374	
KAMG	KAMAKHYAGURI			26.484168	89.721829	
JOQ	JORAI			26.4548755	89.80346105	
SRPB	SRIRAMPUR ASSAM			26.42691506	89.90391461	
GOGH	GOSSAIGAON HAT			26.42910716	89.9715892	
GBY	GUABARI					
CROA	CHAUTARA			26.4022418	90.08572903	
PQK	PRATAP KHATA			26.386384	90.118496	
FKM	FAKIRAGRAM JN			26.365237	90.186189	
SUF	SESAPANI			26.386182	90.225701	
KOJ	KOKRAJHAR			26.405057	90.274125	
SLKX	SALAKATI			26.44577	90.357339	
BSGN	BASUGAON			26.460164	90.42015	
DTX	DANGTAL			26.465846	90.465049	
NBQY	NEW BONGAIGAON YARD			26.47211332	90.52148601	
NBQ	NEW BONGAIGAON			26.47583544	90.53684346	
BNGN	BONGAIGAON			26.478293	90.560548	
CPQ	CHAPRAKATA			26.49285502	90.61202532	
JPR	JAKPUR			22.362509	87.389853	
MPD	MADPUR			22.369694	87.443268	
SMCK	SHYAM CHAK			22.363451	87.500479	
BCK	BALICHAK			22.35818589	87.55335416	
DUAN	DUAN			22.354105	87.588218	
RDU	RADHAMOHANPUR			22.356484	87.612611	
HAUR	HAUR			22.365254	87.655069	
KHAI	KHIRAI			22.374504	87.696628	
PKU	PANSKURA			22.39310276	87.74302371	
PKEO	PANSKURA EAST OUTER			22.39974	87.773512	
NPMR	NARAYAN PAKURIA			22.399692	87.773985	
BOP	BHOGPUR			22.401522	87.809079	
NDGJ	NANDAHGANJA			22.404098	87.832458	
MCA	MECHEDA			22.414105	87.85883	
KIG	KOLAGHAT GOODS			22.435189	87.880874	
DTE	DEULTI			22.452857	87.914003	
GGTA	GHORAGHATA			22.458315	87.94424	
BZN	BAGNAN			22.462515	87.970711	
KGY	KULGACHIA			22.472352	88.020395	
ERSD	ERNAKULAM D CABIN			9.979712	76.306549	
TRTR	TRIUPUNITTURA			9.9501	76.352761	
KFE	KURIKAD			9.923277	76.37635	
MNTT	MULANTURUTTI			9.901576	76.389673	
KPTM	KANJIRAMITTAM			9.862331	76.410949	
TVC	TRIVANDRUM CENTRAL			8.486679	76.95121	
TVP	TRIVANDRUM PETTAI			8.494524	76.931673	
PVRD	PIRAVAM ROAD			9.828669	76.454731	
VARD	VAIKAM ROAD			9.777648	76.474611	
KDTY	KADUTURUTTI HALT			9.756128	76.4926	
KRPP	KURUPPANTHARA			9.734535	76.510609	
ETM	ETTUMANUR			9.676196	76.545152	
KFQ	KUMARANALLUR			9.617136	76.531679	
KTYM	KOTTAYAM			9.594177	76.532168	
CGV	CHINGAVANAM			9.537757	76.525885	
CGY	CHANGANASERI			9.449881	76.548414	
TRVL	TIRUVALLA			9.392148	76.580267	
CNGR	CHENGANNUR			9.319504	76.608271	
CYN	CHERIYANAD			9.273119	76.585087	
MVLK	MAVELIKARA			9.239487	76.545692	
KYJ	KAYANKULAM JN			9.182586	76.512933	
OCR	OCHIRA			9.132023	76.525576	
KPY	KARUNAGAPALLI			9.065268	76.544023	
STKT	SASTHANKOTTA			9.032310311	76.59888295	
MQO	MUNROTURUTTU			8.994997769	76.6119084	
PRND	PERINAD			8.947916	76.620341	
QLN	KOLLAM JN			8.886586	76.596753	
IRP	IRAVIPURAM			8.866948	76.623059	
MYY	MAYYANAD			8.837759	76.647331	
PVU	PARAVUR			8.815758	76.668238	
KFI	KAPPIL			8.779435	76.67963	
EVA	EDAVAI			8.762883	76.697477	
VAK	VARKALA			8.740732	76.722872	
AMY	AKATHUMURI			8.70031	76.758792	
KVU	KADAKAVUR			8.679078	76.766672	
CRY	CHIRAYINKIL			8.6583379	76.7853703	
PGZ	PERUNGUZHI			8.631561	76.808211	
MQU	MURUKKAMPUZHA			8.61363	76.830245	
KXP	KANIYAPURAM			8.587612	76.854482	
KZK	KAZHAKUTTAM			8.555848	76.872235	
VELI	VELI			8.522536487	76.8829192	
KCVL	KOCHUVELI			8.509254	76.8961	
BUW	BURHWAL			27.087081	81.39016	
CKG	CHOWKA GHAT			27.100002	81.449932	
SPC	SITAPUR CITY			27.583612	80.679695	
STRK	SITAPUR KUTCHERY HALT			27.56460294	80.68716281	
SCC	SITAPUR CANT			27.559468	80.698784	
TKUR	TAPPA KHAJURIA			27.579425	80.761641	
PSN	PARSENDI			27.582038	80.836816	
RAMR	RAMAIPUR HALT			27.545116	80.897107	
BVN	BISWAN			27.48948257	80.99046429	
SKLP	SHANKARPUR			27.447221	81.014405	
SYU	SARAYAN			27.396332	81.042877	
BBPR	BABUPUR			27.349971	81.070314	
MMB	MAHMUDABAD AVADH			27.288295	81.114404	
MGPA	MUNDA GOPAL ASHRAM			27.255493	81.139283	
PPE	PAINTEPUR			27.230021	81.157557	
TSF	TAHSIL FATEHPUR			27.168445	81.203969	
SDAM	SUNDHIAMAU			27.12141419	81.28688017	
BRTA	BARTARA			27.837593	80.007541	
UCH	UNCHAULIA			27.80926	80.068986	
LNQ	LAKHNAURIA			27.78277413	80.13926386	
JBG	JUNG BAHADURGNJ			27.768419	80.172851	
MZN	MAHMUDPUR SARAIYAN			27.754198	80.209625	
JKH	JAHANIKHERA			27.74383759	80.2393416	
MINJ	MAIKALGANJ			27.71753722	80.33782191	
NERI	NERI			27.688832	80.393681	
LCN	LALPUR CHANDRA			27.659296	80.451791	
MAHO	MAHOLI			27.64872	80.477073	
UDX	URDAULI			27.632871	80.514006	
HMP	HEMPUR			27.61628233	80.56264916	
KATA	KATILI			27.616759	80.614094	
BGDS	BHAGWANPUR DESU			25.82701	85.846025	
ARG	ANGAR GHAT			25.795385	85.907174	
NRN	NARHAN			25.746997	85.975081	
ROA	RUSERA GHAT			25.746302	86.035742	
MABB	MABBI HALT			25.7492133	86.06346964	
NWC	NAYA NAGAR			25.749918	86.111011	
KGG	KHAGARIA JN			25.505891	86.465251	
MNE	MANSI JN			25.509398	86.554446	
CDBN	CHEDHABANNI HALT			25.49182363	86.59719652	
BAPN	BARAIPURA HALT			25.73942058	86.13730068	
HPO	HASANPUR ROAD			25.714772	86.185371	
SSRH	SHASAN HALT			25.685978	86.197042	
DSKG	DSKG					
SOPR	SONMA PRANPUR(H			25.631436	86.226371	
SLNA	SALAUNA			25.603476	86.260279	
IMLI	IMLI			25.555629	86.302557	
PRGA	PAHARJAGANGAU			25.531869	86.324828	
OLP	OLAPUR			25.517459	86.370122	
MSK	MAHES KHUNT			25.46082	86.641818	
GAI	GOUCHHARI			25.438434	86.674696	
PSR	PASRAHA			25.403765	86.743883	
BRKD	BHARATKHAND HALT			25.400724	86.806223	
BRKB	BHARATKHAND HALT			25.400254	86.805753	
NNR	NARAYANPUR			25.398348	86.859388	
THB	THANA BIHPUR JN			25.393571	86.934758	
BIGH	BAGRIGRAM HALT			25.39133912	86.98523791	
KHQ	KHARIK			25.388883	87.014958	
NNA	NAUGACHIA			25.385261	87.09387	
KTRH	KATAREAH			25.400488	87.194836	
KUE	KURSELA			25.440774	87.253655	
BKHR	BAKHRI			25.49984074	87.33530045	
BRZR	BARARI BAZAR			25.49006431	87.35531984	
CRR	KARAGOLA ROAD			25.50000682	87.37782704	
SMO	SEMAPUR			25.524483	87.470441	
NYT	NAYATOLA			25.56139044	87.60259636	
DNQ	DANDKHORA			25.57240525	87.64223682	
GRR	GORPHAR			25.58541965	87.67179759	
SI	SONALLI			25.60475396	87.71763867	
BHNP	BISHANPUR HALT			25.614901	87.74611697	
JAU	JHAUA			25.61321746	87.77504272	
MENP	MEENAPUR			25.61405142	87.80248271	
SRI	SALMARI			25.61567151	87.8375133	
BDYD	BDYD					
SGBB	SGBB					
BSPC	BSPC					
BSGS	BSGS					
VAY	VAYALAR			9.741742	76.311408	
SRTL	SHERTALAI			9.690992	76.325151	
TRVZ	TIRUVIZHA			9.641848	76.326281	
MAKM	MARARIKULAM			9.597994	76.318018	
KAVR	KALAVUR HALT			9.567254	76.318097	
TMPY	TUMBOLI			9.51917	76.321857	
ALLP	ALLEPPEY			9.483759	76.322476	
TPM	TOTIYAPALAYAM			11.292723	77.681926	
KMX	KOMATIPALLI			18.381027	83.341047	
MQJ	MARADAM HALT			18.400797	83.346343	
MOD	MORAMPUDI			16.35311502	80.62020819	
GPI	GAJAPATINAGARAM			18.293291	83.333902	
GRBL	GARUDUBILLI			18.21449	83.350493	
GTLM	GOTLAM			18.111319	83.395734	
LDX	LADDA			19.102692	83.412196	
JMPT	JIMIDIPETA			19.044582	83.422344	
AOR	ARGORA			23.347039	85.314358	
KNRT	KUNERU			18.966946	83.440724	
GMDA	GUMADA			18.889176	83.457557	
PVPT	PARVATIPURAM TN			18.783875	83.433701	
PVP	PARVATIPURAM			18.77067	83.426966	
NSX	NARSIPURAM HALT			18.737615	83.406282	
SNM	SITANAGARAM			18.672547	83.375524	
VBL	BOBBILI			18.576764	83.345722	
DNV	DONKINAVALASA			18.468756	83.350942	
BLH	BELGHARIA			22.6619	88.389455	
AGP	AGARPARA			22.682505	88.384761	
SEP	SODPUR			22.698851	88.382193	
KDH	KHARDAHA			22.725065	88.377157	
TGH	TITAGARH			22.74168	88.374057	
BP	BARRACKPORE			22.7610653	88.371428	
PTF	PALTA			22.782449	88.369524	
IP	ICHHAPUR			22.799819	88.37342	
SNR	SHYAMNAGAR			22.828781	88.380423	
JGDL	JAGADAL			22.850814	88.394596	
KNR	KANKINARA			22.86517	88.404501	
NH	NAIHATI JN			22.888555	88.4185	
GFAE	GARIFA			22.908445	88.409935	
HYG	HOOGHLY GHAT			22.5572086	88.3319472	
DNH	DEONAGAR			23.758691	86.16169	
DDGA	DUGDA			23.75873842	86.16192797	
LOT	LOHRA			25.31560179	82.93066368	
CHH	CHAUKHANDI			25.33989476	82.83483413	
SWPR	SEWAPURI			25.35077	82.769549	
KEH	KAPSETI			25.357848	82.717694	
PRF	PARSIPUR			25.37052	82.637162	
BOY	BHADOHI			25.3952636	82.5583597	
MOF	MONDH			25.427572	82.484637	
SAW	SURIAWAN			25.46104	82.423665	
SQN	SARAI KANSRAI			25.516633	82.345198	
JNH	JANGHAI JN			25.549911	82.310962	
CPB	KANPUR BRIDGE LEFT BANK			26.477461	80.379316	
MGW	MAGARWARA			26.523705	80.428892	
ON	UNNAO JN			26.548354	80.486199	
SIC	SONIK			26.586191	80.559833	
AJ	AJGAIN			26.61721	80.620988	
KVX	KUSUMBHI			26.63985345	80.6542605	
JTU	JAITIPUR			26.66356729	80.6889461	
HRN	HARAUNI			26.70651	80.748003	
AMV	LUCKNOW ALAMBAGH			26.794514	80.87314	
LKOY	LKOY					
POF	PIPARSAND			26.743404	80.798664	
AMS	AMAUSI			26.77443	80.841544	
MKG	MANAK NAGAR			26.810176	80.890615	
MLJ	MOHANLALGANJ			26.687033	80.984093	
KKAH	KANKAHA			26.618868	81.007582	
NHN	NIGOHAN			26.567225	81.045358	
SAGR	SHRIRAJNAGAR			26.522626	81.077837	
BCN	BACHHRAWAN			26.4773211	81.1054565	
KVG	KUNEANGANJ			26.395661	81.13642	
HCP	HARCHANDPUR			26.34316	81.160841	
GANG	GANGAGANJ			26.291456	81.201419	
RBL	RAE BARELI JN			26.232684	81.23932	
RUM	RUPAMAU			26.230209	81.325346	
FTG	FURSATGANJ			26.244522	81.415651	
JAIS	JAIS			26.262162	81.51914	
KCJ	KASIMPUR			26.257189	81.539941	
BANI	BANI			26.227488	81.620936	
GNG	GAURIGANJ			26.20341	81.686726	
TLKH	TALAKHAJURI			26.17692577	81.73613172	
AME	AMETHI			26.153024	81.806276	
MFL	MISRAULI			26.11437042	81.84839619	
SHJP	SAHAJIPUR HALT			26.096303	81.864192	
ANTU	ANTU			26.05516206	81.89778799	
JGJ	JAGESHARGANJ			26.02764014	81.92886623	
CIL	CHILBILA JN			25.947331	82.004241	
PBH	PARTAPGARH JN			25.913308	82.001778	
PHV	PIRTHIGANJ			25.85553996	82.01283447	
DND	DANDUPUR			25.801595	82.040632	
GRX	GAURA			25.749367	82.091774	
SWS	SUWANSA			25.698842	82.146562	
BSE	BADSHAHPUR			25.652268	82.190552	
NBP	NIBHAPUR			25.600347	82.249697	
MACR	MANGULI CHOWDWAR			20.529594	85.943313	
KGPW	KGPW					
GDBR	GOONDA BIHAR			23.067871	86.081167	
JHMR	JHIMRI			23.08234432	86.02975734	
HNSL	HASLANG P.H.			23.09161432	86.01192289	
LTMD	LATEMDA			23.098392	85.989117	
BKKI	BAKARKUDI			23.095049	85.970936	
TUL	TIRALDIH			23.132246	85.930834	
SSIA	SUISA			23.196775	85.909013	
TRAN	TORANG			23.26814	85.858638	
ILO	ILLOO			23.29163286	85.85873511	
ANVT	ANAND VIHAR TRM			28.65050357	77.31521255	
WIR	WAIR			28.347316	77.699434	
WSC	SHIVARAMPUR			27.24494776	78.20715839	
GMH	GAMHARIA			22.796889	86.102793	
TELO	TELO			23.811038	86.133892	
ADTP	ADITYAPUR			22.782212	86.158954	
TATA	TATANAGAR JN			22.768954	86.20056	
SLJR	SALGA JHARI			22.75832	86.228747	
GVDP	GVDP					
ASB	ASANBONI			22.712394	86.313908	
RHE	RAKHA MINES			22.674292	86.354133	
GUD	GALUDIH			22.648872	86.410494	
GTS	GHATSILA			22.58616	86.479768	
DVM	DALBHUMGARH			22.506293	86.551921	
KKPR	KOKPARA			22.474065	86.642797	
CKU	CHAKULIA			22.478149	86.721161	
KNM	KANIMAHULI			22.482202	86.778394	
GII	GIDNI			22.488472	86.853201	
KATB	KHATKURA			22.477455	86.930224	
BIRP	BIRARAJPUR			22.8235001	86.06450201	
KND	KANDRA			22.852966	86.047863	
BBDA	BARBENDA (RNC DIVISION)			23.420983	86.110242	
KZU	KUNKI			22.875933	86.067757	
GUG	GARH JAIPUR			23.416142	86.142459	
MIK	MANIKUL			22.919528	86.066359	
CAS	CHAS ROAD			23.415513	86.225425	
CNI	CHANDIL JN			22.956014	86.072109	
GTD	GOURINATHDHAM			23.396294	86.275105	
NIM	NIMDIH			22.993643	86.142118	
BRMD	BIRAMDIH			23.04578437	86.19920954	
BBM	BARABHUM			23.0912864	86.2112372	
URMA	URMA			23.157777	86.253775	
KTD	KANTADIH			23.21838	86.29629	
TAO	TAMNA			23.268988	86.352313	
PRR	PURULIA JN			23.324911	86.37787	
JGM	JHARGRAM			22.45496449	86.99853167	
BNB	BANSTOLA			22.42097405	87.06266967	
SUA	SARDIHA			22.380612	87.123645	
KSO	KHEMASULI			22.337768	87.184863	
KKQ	KALAIKUNDA			22.32945442	87.24399951	
NMP	NIMPURA			22.332403	87.264686	
KIS	KAPILAS ROAD			20.558554	85.993925	
SJDR	SRI JHADESHWAR			20.59653424	86.01925599	
BYY	BYREE			20.628257	86.034947	
BRTG	BARITHENGARH			20.65696901	86.05967143	
DNM	DHANMANDAL			20.687806	86.11228	
HDS	HARIDASPUR			20.725882	86.116431	
NGMP	NEW GARH MADHOPUR			20.798857	86.072106	
JEN	JENAPUR			20.850842	86.06508	
BRMI	BRAHMANI PH			20.86295201	86.05620986	
JKPR	JAKHAPURA			20.917821	86.06534	
JJKR	JAJPUR KEONJHAR ROAD			20.943544	86.132518	
KRIH	KORAI HALT			20.959417	86.175994	
BTV	BAITARANI ROAD			20.986996	86.235393	
DLPT	DULAKHAPATNA			21.007019	86.280874	
MZZ	MANJURI ROAD			21.012136	86.319698	
KED	KENDUAPADA			21.030623	86.383531	
KPLD	KAPALI ROAD			21.040967	86.407911	
BUDR	BAUDPUR			21.06344601	86.46290401	
BHC	BHADRAKH			21.0917458	86.5162305	
RLJC	RLJC					
RNTL	RANITAL			21.149665	86.556474	
MKO	MARKONA			21.195555	86.596117	
SZZ	SABIRA			21.236882	86.629237	
SORO	SORO			21.291084	86.692539	
BNBR	BAHANAGA BAZAR			21.33613403	86.76172839	
PNPN	PANPANA			21.358715	86.790524	
KHF	KHANTAPARA			21.39628	86.822911	
NGRD	NILGIRI ROAD			21.426415	86.855469	
BLS	BALASORE			21.500521	86.919582	
TKPL	TIKIRAPAL HALT			21.535575	86.944638	
HIP	HALDIPADA			21.571439	86.996648	
ROP	RUPSA JN			21.621995	87.018507	
LONI	LONI			18.491631	74.020514	
URI	URULI			18.494237	74.13682	
PUNE	PUNE JN			18.529378	73.873086	
GPRW	GHORPURI WEST			18.53168755	73.89178971	
HDP	HADAPSAR			18.526887	73.927844	
MJBK	MANJARI BUDRUK			18.512039	73.971424	
YT	YEVAT			18.48893597	74.25631763	
KTT	KHUTBAV			18.48610413	74.31546331	
KDG	KEDGAON			18.4820854	74.3763731	
KDTN	KADETHAN			18.47780376	74.42173336	
PAA	PATAS			18.47326639	74.46965272	
DDAP	DAUND PATAS ROAD			18.468688	74.520934	
DD	DAUND JN			18.463547	74.578622	
DDAM	DAUND A MMR			18.46475271	74.5689755	
DDJA	DAUND GOODS YARD			18.46593683	74.56076243	
KSTH	KASHTI			18.52529423	74.59940041	
SGND	SHRIGONDA ROAD			18.598243	74.641466	
BWD	BELVANDI			18.710718	74.621981	
VPR	VISAPUR			18.82295	74.598861	
RNJD	RANJANGAON RD			18.870972	74.600703	
SRL	SAROLA			18.947656	74.648295	
AKR	AKOLNER			18.985409	74.66907	
ANG	AHMADNAGAR			19.07551948	74.72188247	
NNB	NIMBLAK			19.11835288	74.68854097	
VL	VILAD			19.198579	74.675069	
VBR	VAMBORI			19.29858	74.684974	
RRI	RAHURI			19.41155	74.677702	
TKMY	TAKLIMIYA			19.453844	74.679765	
PDGN	PADHEGAON			19.536709	74.69233	
NPW	NIPANI VADGAON			19.587951	74.704716	
BAP	BELAPUR			19.61956931	74.66174431	
CIT	CHITALI			19.69139181	74.62391382	
PB	PUNTAMBA			19.76202553	74.62195972	
KNGN	KANHEGAON			19.81729963	74.5712871	
SNVR	SANVATSAR			19.8832775	74.5605841	
KPG	KOPARGAON			19.902943	74.503328	
YL	YEOLA			20.043189	74.503246	
ANK	ANKAI			20.15102791	74.46975607	
AAK	ANKAI KILA			20.18318043	74.4368554	
SS	SHIRSOLI			20.932994	75.507613	
MWD	MHASAVAD			20.87040192	75.45846225	
MYJ	MAHEJI			20.76892443	75.42461998	
RCGT	RICHUGHUTU			23.659779	84.58081	
DEMU	DEMU			23.69708	84.52562	
LTHR	LATEHAR			23.725092	84.46812	
BFQ	BENDI			23.763612	84.416974	
KMND	KUMENDI			23.766868	84.352452	
HHG	HEHEGARA HALT (E)			23.790124	84.258524	
CPDR	CHHIPADOHAR			23.81333335	84.20238364	
BRWD	BARWADIH JN			23.843836	84.11878	
MAZ	MANGRA			23.881768	84.111898	
KCKI	KECKHI			23.928363	84.146829	
CNF	CHIANKI			23.973902	84.11566	
DTO	DALTONGANJ			24.033075	84.074843	
KFT	KAJRI			24.10679221	84.07252848	
RHR	RAJHURA			24.1544	84.01555	
LBT	LALGARH BIHAR HALT			24.161147	83.979632	
TRZ	TOLRA			24.18584	83.923324	
GHD	GARWA ROAD			24.214419	83.885116	
BCJ	BAGAHABISHUNPUR			24.811468	84.204658	
BSYA	BARKISALALYA			24.773978	84.178495	
ANH	ANKORAH AKORHA			24.761167	84.169539	
NBG	NABENAGAR ROAD			24.653944	84.094044	
KYF	KAJRAT NAWADIH			24.591041	84.05014	
JPL	JAPLA			24.538969	84.002866	
HDN	HAIDARNAGAR			24.498081	83.951049	
KVQ	KOSIARA			24.478657	83.908564	
MDJ	MUHAMMADGANJ			24.42644	83.869978	
SZF	SATBAHINI			24.386582	83.84911	
URD	UNTARE ROAD			24.34094	83.834497	
KRTA	KARKATA			24.296038	83.837652	
SQS	SIGSIGI			24.260567	83.853323	
RMT	RAMGARH CANT			23.617327	85.520249	
BRKA	BARKAKANA			23.624159	85.469553	
MAEL	MAEL			23.574668	85.626042	
BHKD	BHURKUNDA			23.6375642	85.3721452	
BRKP	BARKIPONA			23.568766	85.646476	
PTRU	PATRATU			23.667024	85.305877	
GRE	GOLA ROAD			23.545551	85.697139	
TKS	TOKISUD			23.678639	85.239282	
HRBR	HARUBERA			23.49994927	85.76022877	
HNDR	HENDEGIR			23.697803	85.169817	
SND	SONDIMRA			23.47693658	85.7824358	
KOLE	KOLE			23.695961	85.104901	
BLNG	BARLANGA			23.449913	85.833473	
RAY	RAY			23.690082	85.077816	
KLRE	KHALARI			23.651055	85.001627	
MGME	MCCLUSKIEGANJ			23.651781	84.940855	
MMLN	MAHUAMILAN			23.662241	84.854527	
TORI	TORI			23.680808	84.739774	
CTQ	CHETAR			23.682881	84.646426	
KCAB	K-CABIN BONDAMUNDA			22.233321	84.913857	
ACAB	A-CABIN BONDAMUNDA			22.23969	84.945577	
LNKC	LINK C-CABIN			22.267173	84.974611	
RNC	RANCHI			23.348811	85.33352	
NKM	NAMKON			23.351755	85.376672	
TIS	TATISILWAI			23.369845	85.435706	
GAG	GANGAGHAT			23.36139824	85.5070501	
KWKC	KHERWA KOCHA			23.36056753	85.59485574	
JON	JONHA			23.35895921	85.60891364	
KITA	KITA			23.3648848	85.76424803	
SLF	SILLI			23.3515634	85.82812939	
MURI	MURI			23.37628437	85.86699069	
THO	TULIN			23.378363	85.902125	
JAA	JHALIDA			23.370005	85.975282	
BKDR	BEGUN KUDAR			23.383687	86.012587	
KSX	KOTSHILA			23.411691	86.079548	
DRGU	DAMRU GHUTU			23.45136	86.08981	
RPMY	RPMY					
NFKS	NFKS					
NFKN	NFKN					
PNW	PUNDHAG			23.508909	86.089576	
RDF	RADHAGAON			23.59787	86.089065	
BKCA	BOKARO STEEL CITY A CABIN			23.649514	86.087726	
BKSC	BOKARO STEEL CITY			23.656551	86.085016	
BKSN	BKSC NORTH CABIN			23.671356	86.078541	
TKB	TUPKADIH			23.71361759	86.06389046	
RJB	RAJABERA			23.751105	86.080936	
CRP	CHANDRAPURA			23.755676	86.119775	
JNNA	JAMUNIATANR HALT			23.75489753	86.19219442	
JMX	JAMUNI			23.762742	86.193727	
PLJE	PHULWARTANR			23.77515	86.226577	
BDQ	BUDORA			23.77855724	86.23544766	
TNO	TUNDU			23.788733	86.252293	
SZE	SONARDIH			23.7915	86.265063	
TNJE	TENTULLA			23.790335	86.277173	
KTH	KATRASGARH			23.795757	86.302399	
ANJE	ANGARPATHRA HALT			23.793062	86.319368	
SJA	SIJUA			23.79015569	86.3297281	
BZS	BANSJORA			23.789931	86.354545	
BZE	BASERIA			23.786754	86.381653	
KDS	KASUNDA JN			23.78998861	86.39589356	
BWPB	BHAWANIPUR BIHAR			25.59461646	87.86775071	
MFA	MAKURIA			25.62924479	87.88715343	
BOE	BARSOI JN			25.6512422	87.9229421	
HDB	HALDIBARI			26.334952	88.781936	
KSBI	KASHIABARI			26.384654	88.768566	
MDG	MANDAL GHAT			26.430757	88.754758	
KDX	KADABARI HAT			26.476201	88.730986	
JPG	JALPAIGURI			26.51816	88.723026	
MOP	MOHITNAGAR			26.53055	88.669651	
BAHN	BABHABGAON HALT			25.4483399	87.80989415	
KWE	KHURIAL			25.49111393	87.82685531	
KMPH	KAMALPUR HALT			25.51831201	87.83746163	
AZR	AZAMNAGAR ROAD			25.55555564	87.85232784	
KHMP	KHEMPUR					
SJGM	SANJAY GRAM			25.706241	87.890377	
SUD	SUDHANI			25.72785361	87.87948867	
AHL	AJHARAIL			25.781638	87.848322	
TETA	TELTA			25.806579	87.84221	
DLK	DALKOLHA			25.873416	87.838877	
SJKL	SURJA KAMAL			25.935932	87.849258	
KKA	KANKI			26.003233	87.864524	
HWR	HATWAR			26.044989	87.893032	
THED	TAUHEED			26.08492057	87.93088542	
KNE	KISHANGANJ			26.097746	87.949657	
PJP	PANJIPARA			26.14016565	88.01805774	
IKC	IKARCHALA					
GIL	GAISAL			26.18482612	88.08950721	
GEOR	GUNJARIA			26.218465	88.132222	
AUB	ALUABARI ROAD			26.269681	88.18561	
DBQ	DHULABARI			26.361571	88.231234	
MXJ	MANGURJAN			26.412488	88.256909	
TMH	TIN MILE HAT			26.436601	88.279995	
DMZ	DUMDANGI			26.47724	88.296508	
CAT	CHATTAR HAT			26.548827	88.323376	
NJB	NIJBARI			26.587597	88.337505	
RNI	RANGAPANI			26.664263	88.374386	
NJP	NEW JALPAIGURI			26.683025	88.443391	
ABFC	AMBARI FALAKATA			26.641553	88.510593	
BLK	BELAKOBA			26.591441	88.583312	
RQJ	RANINAGAR JALPAIGIRI			26.544663	88.648293	
SMI	SITAMARHI JN			26.594374	85.504707	
BHSA	BHISA HALT			26.576529	85.533501	
PSZ	PARSAUNI			26.55631	85.574611	
BJT	BAJPATTI			26.546976	85.620613	
AWPR	AWAPUR			26.508916	85.652916	
BCPR	BACHHARPUR HALT			26.49462863	85.66252867	
JNR	JANAKPUR ROAD			26.467914	85.700856	
CNX	CHANDAUNA HALT			26.440884	85.723165	
JGA	JOGIARA			26.40711439	85.74673274	
DBLI	DEBRABANDHAULI HALT			26.384826	85.76995	
MRTA	MURAITHA			26.369765	85.786612	
KML	KAMTAUL			26.337348	85.808624	
TQR	TEKTAR			26.275833	85.846291	
MHP	MUHAMMADPUR			26.236878	85.852798	
SHEO	SHISHO			26.206032	85.863867	
MFP	MUZAFFARPUR JN			26.122311	85.378006	
NRPA	NARAYANPUR ANANT			26.089052	85.409122	
SLT	SILAUT			26.048926	85.443378	
SIHO	SIHO			26.00841	85.50594	
DOL	DHOLI			25.976952	85.562495	
DUBH	DUBAHA			25.948785	85.617108	
VBH	VISHNUPUR BATHUA HALT			25.93102026	85.64428754	
KRBP	KHUDIRAM B PUSA			25.906434	85.672677	
KPGM	KARPURIGRAM			25.869802	85.724178	
KUQ	KURETHA			25.49555994	87.64432343	
SAJH	SAHJA HALT			25.478182	87.673954	
PQD	PRANPUR ROAD			25.46236212	87.70486824	
LAV	LABHA			25.43964676	87.74514032	
DVJ	DILLI DEWAN GANJ			25.432721	87.778612	
MBC	MAHANANDA BGE			25.1883357	88.08339906	
KMRJ	KUMARGANJ			25.218816	88.065592	
SRPU	SRIPUR HALT			25.25707616	88.04401695	
SM	SAMSI			25.276197	88.009757	
MFZ	MALAHAR			25.303709	87.95782	
BKRD	BHALUKA ROAD F			25.3425716	87.9121276	
MQG	MILANGARH			25.36874604	87.89622315	
HCR	HARISCHANDRPUR			25.403999	87.867051	
KDPR	KUMEDPUR			25.4334484	87.80435767	
KIR	KATIHAR JN			25.548947	87.566409	
MIYN	MANIYAN			25.5232741	87.60694207	
KIRB	KATIHAR CBO MB			25.552735	87.578873	
DLF	DALAN			25.6118	87.560853	
RWA	RAUTARA			25.674635	87.523472	
RNX	RANIPATRA			25.735576	87.514183	
PRNA	PURNIA JN			25.790678	87.519124	
KUB	KASBA			25.860675	87.529476	
GBN	GARH BANAILI			25.915091	87.535041	
JAG	JALARGARH			25.953959	87.529496	
SATR	SATR HALT			26.001173	87.508427	
KSY	KUSIARGAON			26.057858	87.479818	
ARQ	ARARIYA COURT			26.114921	87.446912	
ARR	ARARIYA			26.13711827	87.4119981	
HOD	HALDITA BIHAR			26.16593518	87.35900972	
SMH	SIMRAHA			26.19443563	87.32135754	
GPE	GOGIPOTHIA HALT			26.250043	87.284335	
DLZ	DHOLBAJA			26.2748	87.271397	
FBG	FORBESGANJ			26.298901	87.262803	
BTF	BATHNAHA			26.341854	87.237767	
JBN	JOGBANI			26.402263	87.263262	
BZL	BELANAGAR			22.661605	88.318224	
BLGT	BALURGHAT			25.232648	88.757636	
MKRH	MALLICKPUR HAT			25.325703	88.676426	
RMPB	RAMPUR BAZAR			25.358763	88.60611	
MLNH	MALANCHA			25.368716	88.586067	
GRMP	GANGARAMPUR			25.390399	88.516447	
BNDP	BUNIADPUR			25.386267	88.402088	
DLPH	DAULATPUR HAT			25.32611273	88.33278722	
DOTL	DEOTALA			25.274329	88.294214	
MANG	MAHANAGAR			25.247077	88.251102	
GZO	GAZOLE			25.224984	88.198885	
BDAG	BONIDANGA			24.82345158	87.81052581	
BDBS	BINDUBASINI HAL			24.792848	87.859263	
TDLE	TILDANGA			24.786749	87.873801	
NFKB	NEW FARAKKA-B-CABIN			24.782115	87.915793	
NFK	NEW FARAKKA JN			24.794558	87.915236	
CMX	CHAMAGRAM			24.821334	87.963345	
KTJ	KHALTIPUR			24.875742	88.021646	
JMQ	JAMIRGHATA			24.916623	88.06776	
GZM	GOUR MALDA			24.94794444	88.11078197	
MLDT	MALDA TOWN			25.015659	88.130338	
OMLF	OLD MALDA			25.053174	88.143718	
ADF	ADINA			25.114397	88.12318	
EKI	EKLAKHI			25.167868	88.099492	
YY-BJUC	YY-BJUC					
JDA	JASODA			27.08393	79.820294	
KHDP	KHUDLAPUR			27.098961	79.780273	
GHJ	GURSAHAIGANJ			27.118804	79.732035	
MLKP	MALIKPUR			27.161781	79.690181	
KDJ	KHUDAGANJ			27.184464	79.666264	
SGRP	SINGHIRAMPUR			27.262707	79.629411	
KLJ	KAMALGANJ			27.292663	79.620832	
YAG	YAQUTGANJ			27.32595	79.618493	
FGR	FATEHGARH			27.369608	79.62159	
FBD	FARRUKHABAD			27.38236	79.571737	
HSY	HARSINGPUR GOBA			27.43002356	79.4982536	
SHX	SHUKHARULLAPUR			27.44826	79.471943	
SSD	SHAMSABAD			27.469912	79.438167	
BHTS	BHATASA			27.50375661	79.38388843	
KMJ	KAIMGANJ			27.54097701	79.32721555	
KXF	KAMPIL ROAD			27.567619	79.265007	
RDN	RUDAIN			27.579928	79.186618	
BAPR	BALLUPUR			27.58659859	79.14514781	
DRO	DARYAOGONJ			27.59809887	79.08249558	
NHX	NARTHAR			27.63293071	79.02313742	
PTI	PATIALI			27.68432013	78.9841732	
GWA	GANJ DUNDWARA			27.72640282	78.93931918	
GRAK	GARKHA			27.7485176	78.88429004	
SWRT	SAHAWAR TOWN			27.794835	78.831344	
BHK	BADHARI KALAN			27.799053	78.734589	
KSJ	KASGANJ			27.801887	78.646026	
MHA	MARAHRA			27.746474	78.555044	
AUL	AGSAULI			27.705677	78.444553	
SKA	SIKANDRA RAO			27.684086	78.387573	
BTRO	BASTOI HALT			27.66742	78.285451	
RKN	RATI KA NAGLA			27.654398	78.240569	
HTJ	HATHRAS ROAD			27.622437	78.136899	
MEU	MENDU			27.614247	78.099957	
HTC	HATHRAS CITY			27.5998169	78.0550687	
MSN	MURSAN			27.574211	77.9363	
SYZ	SONAI			27.570504	77.88736	
RAYA	RAYA			27.55240623	77.78688384	
MRT	MATHURA CANT			27.491013	77.685113	
MTUJ	MTUJ					
CPA	KANPUR ANWARGANJ			26.456233	80.328444	
RPO	RAWATPUR			26.482981	80.298113	
KAP	KALIANPUR			26.503485	80.252892	
MDA	MANDHANA JN			26.557002	80.222507	
CBR	CHAUBEPUR			26.598928	80.211424	
BJR	BARRAJPUR			26.6851659	80.1386776	
UTP	UTRIPURA			26.73974	80.095478	
DUO	DHAURSALAR			26.798349	80.081404	
BLU	BILHAUR			26.839002	80.060383	
BKTS	BAKOTHIKHAS			26.87806	80.037767	
ARL	AROUL			26.920662	80.018633	
GWP	GANGAWAPUR HALT			26.95880418	79.99799404	
MNMU	MANI MAU			26.98913852	79.96518255	
KJN	KANNAUJ			27.026507	79.926109	
KJNC	KANNAUJ CITY			27.039814	79.909983	
JPP	JALALPUR PANWARA			27.06231316	79.8736108	
BC	BAREILLY CITY			28.3556564	79.403718	
NMDA	NEW MORINDA			30.776469	76.518125	
NLDM	NANGAL DAM			31.370543	76.372615	
BNLY	BHANUPLI			31.29908148	76.42035179	
ANSB	ANANDPUR SAHIB			31.2305136	76.5006035	
KART	KIRATPUR SAHIB			31.186811	76.563302	
BARJ	BHARATGARH			31.11046177	76.59140317	
GANL	GHANAULI			31.025994	76.592143	
RPAR	RUPNAGAR			30.972816	76.533241	
MNPR	MINAPUR			30.911265	76.567332	
CTLI	CHATOULI			30.8562203	76.58092183	
KRLI	KURALI			30.835005	76.57193	
MRND	MORINDA			30.791519	76.502461	
NGWN	NOGANWAN			30.738403	76.443287	
BSPN	BASSI PATHANAM			30.6884592	76.4096692	
FGSB	FATEHGARH SAHIB			30.650726	76.388124	
CCSJ	CCSJ					
MTI	MITAWAL			27.292311	78.198924	
BRN	BARHAN			27.32891	78.192317	
DSBP	DELHI SHAHDARA B PANEL			28.670746	77.342818	
CNJ	CHANDER NAGAR			28.662871	77.331201	
ANVR	ANAND VIHAR			28.6486144	77.3140236	
MWC	MANDAWALI CHANDER VIHAR			28.613384	77.253315	
CMR	CHAMROLA			27.393032	78.180143	
JLS	JALESAR ROAD			27.44546	78.16993	
PORA	PORA			27.532025	78.154207	
HRS	HATHRAS JN			27.62483	78.137067	
SNS	SASNI			27.70426361	78.12246018	
MXK	MANDRAK			27.768635	78.11028659	
DAQ	DAUD KHAN			27.830504	78.098797	
ALJN	ALIGARH JN			27.889584	78.074559	
SBB	SAHIBABAD			28.674037	77.364182	
GZB	GHAZIABAD			28.649702	77.431099	
CYZ	CHIPYANA BUZURG			28.627977	77.459346	
MIU	MARIPAT			28.586886	77.495428	
DER	DADRI			28.53794	77.537422	
BRKY	BORAKI			28.507908	77.563617	
AJR	AJAIBPUR			28.47283472	77.5937373	
DKDE	DANKAUR			28.415313	77.643211	
WAIR	WAIR			28.347255	77.699267	
CHL	CHOLA			28.31216512	77.72940894	
GNRL	GANGRAUL			28.28297	77.75473	
SKQ	SIKANDARPUR			28.247759	77.783931	
KRJ	KHURJA JN			28.206407	77.81904	
KAMP	KAMALPUR			28.182673	77.839981	
DAR	DANWAR			28.12996851	77.88391252	
SOM	SOMNA			28.052674	77.948193	
KLA	KULWA			27.982509	78.007062	
MWUE	MAHRAWAL			27.937875	78.04247	
KUR	KHURDA ROAD JN			20.153076	85.708234	
RTN	RETANG			20.199418	85.760851	
SRKT	SARKANTRA			20.228282	85.796231	
LGTR	LINGARAJ TEMPLE ROAD			20.234947	85.815872	
BBS	BHUBANESWAR			20.265388	85.842595	
BNBH	BANI BIHAR			20.292611	85.852653	
MCS	MANCHESWAR			20.321861	85.844866	
PTAB	PATIA HALT			20.349273	85.841374	
BRAG	BARANG			20.400699	85.832573	
PURI	PURI			19.811459	85.839992	
MLT	MALATIPATPUR			19.865258	85.83177	
JKDP	JANKIDAIPUR			19.888365	85.81927	
SIL	SAKHI GOPAL			19.942882	85.816074	
BRST	BIR PURUSHOTTAMPUR			19.99039983	85.80635131	
JPRD	JENAPUR ROAD			20.018355	85.786572	
JERD	JENAPUR PH			20.018615	85.786976	
DEG	DELANG			20.038474	85.76695	
KASR	KANAS ROAD			20.06205	85.7428	
MWQ	MOTARI HALT			20.090583	85.729192	
HPGM	HARIPUR GRAM			20.133572	85.707856	
NQR	NARAJ MARTHAPUR			20.459324	85.779525	
SPSR	SARPESWAR PH			20.482906	85.744973	
GHNH	GHANTIKHAL NIDHIPUR			20.510922	85.736186	
RQP	RADHAKISHOREPUR			20.55992	85.754538	
RJGR	RAJTHAGARH			20.576104	85.741633	
JRZ	JORANDA ROAD			20.623365	85.640413	
KSRK	KASRAK HALT			28.02503	79.684256	
SCPR	SHYAMA CHARANPUR HALT			20.642413	85.616279	
MZM	MUZZAMPUR NARAIN			29.58301	78.222356	
DOKY	DUKHERI			30.294992	76.8839	
KES	KESRI			30.264574	76.933887	
TDW	TANDWAL			30.23388	76.988712	
RAA	BARARA			30.213325	77.035501	
MFB	MUSTAFABAD			30.181009	77.123303	
DZP	DARAZPUR			30.152546	77.195721	
JUDW	JAGADHRI WORKSHOP			30.135558	77.240819	
JUD	YAMUNANAGAR-JAGADHRI			30.116844	77.287602	
KNZ	KALANOUR			30.082428	77.341227	
SSW	SARSAWA			30.024226	77.42396	
PKY	PILKHANI			29.997528	77.472879	
SRE	SAHARANPUR			29.960529	77.541739	
HNC	HINDAN CABIN			29.940002	77.597212	
BAE	BALIAKHERI			29.9285	77.63368	
SNKE	SUNEHTI KHARKHARI			29.913102	77.683524	
YJUD	YAMUNANAGAR JAGADHARI			30.11742553	77.28757997	
BHAW	BLOCK HUT A (BHA)			26.802226	80.980595	
UTR	UTRAHTIA			26.763061	80.974031	
BHDH	BAHADURPUR HALT			27.95225508	79.78254318	
BTRA	BANTHRA			27.929239	79.82818	
SPN	SHAHJEHANPUR			27.894224	79.904605	
SXK	SHAJAHANPURCORT			27.890862	79.913517	
ROZA	ROZA JN			27.853121	79.956038	
PRPM	PT RAM PRASAD BISMIL			27.814705	79.957596	
MGMY	MUGHAL SARAI MARSHALING YARD			25.28712639	83.13616984	
KKRH	KARAHIA			25.471614	83.771397	
GMR	GAHMAR			25.488685	83.804431	
BQW	BARAKALAN			25.49151625	83.84949286	
CSA	CHAUSA			25.4984911	83.8963314	
KH	KAHILIYA			27.775896	79.960138	
AIG	ALGAWAN			27.700598	79.963236	
AJI	ANJHI SHAHABAD			27.643994	79.973314	
SHRM	SHARMA			27.603853	80.003288	
TDP	TODARPUR			27.579601	80.020029	
BEG	BEHTAGOKUL			27.5304336	80.054854	
LBH	DILKUSHA CABIN			26.83113	80.966867	
ZBD	ZAFARABAD JN			25.708436	82.719014	
SIQ	SARKONI			25.643114	82.75212	
JLL	JALALGANJ			25.612516	82.772465	
TLMD	TRILOCHAN MAHDO			25.564702	82.804378	
KSF	KHALISPUR			25.525798	82.831747	
PDRD	PINDRA ROAD			25.497052	82.851162	
BTP	BABATPUR			25.453616	82.8800248	
BRPT	BIRAPATTI			25.398913	82.917265	
SOP	SHIUPUR			25.355419	82.946972	
BSBY	VARANASI YARD			25.32521235	82.97519981	
PWXP	PAWANI KUMARPUR HALT			25.52768892	83.93596352	
BXR	BUXAR			25.562067	83.982184	
BUE	BARUNA			25.569781	84.089172	
BKKS	BAKAS			26.776082	81.051489	
APG	ANUPGANJ			26.757292	81.126093	
RMNR	RAHMAT NAGAR			26.74479736	81.15589504	
CDRL	CHHANDRAULI			26.699202	81.23044	
TEG	TIRBEDIGANJ			26.667533	81.281105	
HGH	HAIDERGARH			26.621533	81.363162	
CHBS	CHAUBISI			26.57680677	81.43362397	
AKJ	AKBARGANJ			26.531456	81.501628	
SYW	SINDURWA			26.492121	81.56944	
NHH	NIHALGARH			26.460131	81.632581	
WGJ	WARIS GANJ HALT			26.43450408	81.69547672	
AHZ	ADHINPUR			26.418478	81.726848	
MFKA	MUSAFIR KHANA			26.379585	81.799817	
SHNG	SHIVNAGAR			26.336305	81.882608	
BDKN	BANDHUA KALAN			26.271965	81.995392	
SLN	SULTANPUR			26.263027	82.066106	
PKX	PAKHRULI			26.205027	82.122568	
BDIN	BHADAIYAN			26.171113	82.169148	
LBA	LAMBHUA			26.133687	82.223283	
MWP	MAHRANI PACHHIM			26.087672	82.288578	
CHDA	CHANDA (HALT)			26.063822	82.307543	
KEPR	KOIRIPUR			26.02164	82.339595	
NIMG	NIMA GOPALPUR			25.992862	82.364038	
HRPG	HARPALGANJ			25.947583	82.405421	
SKN	SRIKRISHNA NAGAR			25.88403	82.447803	
SVZ	SARAI HARKHU			25.835891	82.506309	
BKSA	BAKHSHA			25.78236	82.57318	
JOP	JAUNPUR CITY			25.734125	82.666999	
JNUK	JAUNPUR KUTCHERRY			25.725186	82.692607	
ARA	ARA			25.548889	84.662596	
JMIR	JAMIRA HALT			25.55892808	84.70946636	
KUA	KULHARIA			25.568173	84.757807	
CPPR	CPPR					
DURE	DUMRAON			25.571984	84.143865	
TWG	TWINING GANJ			25.568766	84.218022	
VKDH	VEER KUNWAR HALT			25.567585	84.254875	
RPR	RAGHUNATHPUR			25.565439	84.305227	
SKRI	SIKARIA			25.56332902	84.34768584	
BYN	BANAHI			25.561301	84.389916	
ASJP	AMAR SAHEED JAGDEV P HALT			25.560087	84.409699	
BEA	BIHIYA			25.558893	84.448984	
RNTE	RAMANAND			25.554842	84.491053	
XSAN	SARVODAYA HALT			25.55411749	84.50068281	
KYA	KAURIYA			25.55091236	84.52128549	
KRS	KARISATH			25.549488	84.563141	
JGWL	JAGJIVAN HALT			25.547892	84.630119	
KWR	KOELWAR			25.5687	84.792055	
VHCH	BLOCK CABIN CHAKKI			25.559662	84.806277	
PAIL	PAIL					
BTA	BIHTA			25.5609486	84.8740874	
PATL	PATEL HALT			25.5647953	84.89852554	
SDE	SADISOPUR			25.566169	84.916992	
GNHI	GANDHI HALT			25.57200071	84.96154693	
NEO	NEORA			25.57459	84.986523	
DNR	DANAPUR			25.581921	85.044629	
PWS	PHULWARI SHARIF			25.586297	85.07943	
SCY	SACHIWALAY HALT			25.59620203	85.11735213	
ULR	ULTADANGA ROAD					
CLWS	CLWS					
JUNC	JUNC					
ETYD	ETYD					
LCAB	LCAB					
CP	KOLKATA			22.566793	88.375198	
TALA	TALLA			22.606458	88.379563	
BBR	BAGH BAZAR			22.60512587	88.36524556	
SOLA	SOVABAZAR-AHIRI			22.597664	88.354938	
BZB	BARRA BAZAR			22.590907	88.351803	
BBDB	BENOY BADAL DINESH GARDENS			22.577047	88.346858	
EDG	EDEN GARDENS			22.565207	88.339472	
PPGT	PRINCEP GHAT			22.557154	88.332022	
KIRP	KHIDIRPUR			22.5357	88.315889	
RMTR	REMOUNT ROAD			22.525428	88.316273	
MJT	MAJERHAT			22.518978	88.322256	
NACC	NEW ALIPUR (CALCUTTA)			22.510862	88.33492	
TLG	TOLLY GANJ			22.507909	88.346908	
MILE	MILE-FIVEB			22.509944	88.343231	
LKF	LAKE GARDENS			22.50794733	88.35237095	
BLN	BALLYGUNGE JN			22.51983196	88.37206854	
PQS	PARK CIRCUS			22.541429	88.374176	
BELG	BELG					
DNKL	DHENKANAL			20.676825	85.590878	
DKUR	DOKUR			16.592578	77.853413	
RJAP	RAJAPUR			16.859603	78.163648	
DNDL	DANDI MAL			20.715235	85.53418	
SBP	SAMBALPUR			21.48305144	83.96032527	
SBPD	SAMBALPUR ROAD			21.47790035	83.97571147	
SSPR	SADASHIBAPUR			20.735286	85.504693	
MHDB	MAHADIA PH			20.750947	85.475883	
HND	HINDOL ROAD			20.768563	85.424456	
NBT	NAYABAGIRTHIPUR			20.781585	85.382445	
MRDL	MERAMANDOLIL			20.802387	85.304943	
BDPK	BURHAPANKA			20.85315668	85.25582286	
TLHD	TALCHER ROAD			20.886651	85.207934	
ANGL	ANGUL			20.859445	85.099994	
KPJG	KEREJANGA			20.855813	84.976706	
JRPD	JARAPADA			20.885087	84.887597	
BONA	BOINDA			20.9200366	84.7482064	
HNPA	HANDAPA			20.943324	84.684665	
SRGP	SARAGIPALLI			20.98404	84.565386	
BAMR	BAMUR			21.006738	84.475865	
RAIR	RAIRAKHOL			21.046745	84.333562	
CHAR	CHARMAL			21.095391	84.204417	
JUJA	JUJUMURA			21.239342	84.134611	
HATB	HATIBARI			21.309386	84.117939	
MANE	MANESWAR			21.411344	84.043988	
SBPY	SAMBALPUR CITY			21.47702229	84.00761716	
JSME	JASIDIH JN			24.514517	86.644255	
TTN	TULSITANR			24.56899568	86.61440683	
LHB	LAHABON			24.6403401	86.60013809	
TLB	TALWA BAZAR			24.69473674	86.55630278	
STL	SIMULTALA			24.713365	86.541782	
GHN	GHORPARAN			24.74162478	86.49852957	
NRGO	NARGANJO HALT			24.74397512	86.45780332	
RJLA	RAJLA			24.756363	86.4230669	
JAJ	JHAJHA			24.779456	86.399854	
DPX	DADPUR			24.829399	86.349076	
GHR	GIDHAUR			24.856169	86.324005	
CUX	CHAURA			24.918896	86.287062	
JMU	JAMUI			24.971949	86.254775	
KDER	KUNDER HALT			25.05132083	86.1856142	
BFM	BHALUI			25.07321603	86.17287459	
MNP	MANANPUR			25.10493193	86.15540512	
BLHR	BALAHAPUR HALT			25.12027054	86.14781538	
BSQP	BANSIPUR			25.12451322	86.14482046	
LCK	LAKHOCHAK HALT			25.13918491	86.13641071	
MHLT	MAHESH LETA HALT			25.15110942	86.13015758	
MOR	MOR			25.43034549	85.85676016	
GZH	GULZARBAGH			25.597542	85.205232	
PNC	PATNA SAHEB			25.585856	85.230942	
DDGJ	DEEDARGANJ			25.56954315	85.25751114	
BKG	BANKA GHAT			25.547008	85.272742	
FUT	FATWA			25.50144	85.305488	
BCYN	BUDHDEVCHAK Y NAGAR			25.49682697	85.33130804	
HDE	HARDAS BIGHA			25.496924	85.3276678	
KOO	KHUSROPUR			25.484893	85.387309	
MJM	MANJHAULIGRAM H			25.478252	85.422051	
KWO	KARAUTA			25.468639	85.46824	
SMBH	SALIM PUR BIHAR			25.473618	85.445772	
TKBG	TEKA BIGHA HALT			25.465009	85.485186	
BKP	BAKHTIYARPUR JN			25.45611	85.529564	
JPML	JAI PRAKASH MAHULI			25.4538	85.600631	
ATL	ATHMAL GOLA			25.45301498	85.62137241	
ACU	ACHUARA HALT			25.45273	85.661087	
BARH	BARH			25.46165	85.709426	
SHT	SAHARI HALT			25.4756927	85.72776663	
RLE	RAILEY ENGLISH HALT			25.48297118	85.75569245	
LEB	LEMUABAD			25.48227133	85.77835759	
PHK	PUNARAKH			25.481495	85.803757	
MMKB	MEMRAKHABAD			25.472508	85.826852	
KNHP	KANHAIPUR			25.45827	85.838512	
BHAD	BARHAPUR HALT			25.427352	85.860243	
SIVN	SIVNAR HALT			25.40468	85.880824	
MKA	MOKAMEH JN			25.391885	85.913049	
ANAH	AUNTA HALT			25.38043344	85.94936398	
PNBE	PATNA JN			25.60256	85.136824	
RJPB	RAJENDRA NAGAR BIHAR			25.603351	85.162449	
KBQ	KUMRABAD ROHINI			24.467308	86.645348	
SNQ	SANKARPUR			24.427623	86.637552	
MUW	MATHURAPUR			24.386518	86.631692	
NPZ	NAWAPATRA			24.318387	86.647867	
MDP	MADHUPUR JN			24.270633	86.642183	
JRW	JORAMOW			24.201663	86.707773	
MNC	MADANKATA			24.140881	86.70195	
VDS	VIDYASAGAR			24.10382	86.698415	
KEE	KASEETAR			24.004444	86.75251	
JMT	JAMTARA			23.958904	86.805183	
BM	BODMA			23.897286	86.852624	
CRJ	CHITTARANJAN			23.857138	86.878036	
RNPR	RUPNARAYANPUR			23.818703	86.885481	
SLS	SALANPUR			23.760355	86.876395	
CPY	CHAPRAMARI			22.600493	88.392204	
PTKR	PATIPUKUR			22.605668	88.395055	
GNT	GUNTUR JN			16.300784	80.441973	
NLPD	NALLAPADU			16.308263	80.397756	
PRCA	PERECHERLA			16.319601	80.339519	
PPM	PHIRANGIPURAM			16.292376	80.255894	
NDPU	NUDURUPADU			16.273407	80.193376	
STUR	SATULUR			16.254465	80.138811	
NRT	NARASARAOPET			16.231527	80.041607	
MUK	MUNUMAKA			16.190922	79.981319	
SAB	SANTAMAGULUR			16.147071	79.915056	
VLE	VELLALCHERUVU H			16.13178369	79.88866408	
SYM	SAVALYAPURAM			16.102801	79.81953	
VKN	VINUKONDA			16.050748	79.748004	
CEM	CHEEKATEEGALPLM			16.011698	79.682842	
GKM	GUNDALUKAMMA			15.985909	79.645362	
KCD	KURICHEDU			15.913391	79.572175	
POO	POTLAPADU			15.873337	79.523864	
DKD	DONAKONDA			15.834631	79.484112	
GJJ	GAJJELAKONDA			15.777382	79.401298	
KOAA	KOLKATA CHITPUR			22.601175	88.385179	
KANL	KANL					
INCI	ISHAN CHANDI HALT			23.33364978	87.73966797	
GLI	GALSI			23.358032	87.681236	
PAJ	PARAJ			23.387863	87.627505	
MNAE	MANKAR			23.420373	87.555822	
PAN	PANAGARH			23.443034	87.439587	
RBH	RAJBANDH			23.476136	87.372314	
DGR	DURGAPUR			23.495046	87.297902	
DCOP	DURGAPUR COKE OVEN PLANT EXCHANGE YARD SDG WARIA			23.505136	87.298232	
OYR	WARIA			23.537562	87.246177	
POL	PINJRAPOL			23.549642	87.232307	
EOC	UDL EAST OUTER CABIN			23.569452	87.203608	
UDLE	ANDAL-EAST/CABIN			23.57172	87.199696	
UDL	ANDAL JN			23.579012	87.181194	
UDLW	ANDAL WEST CABIN			23.584024	87.168796	
CCK	CHICHAKI			24.05322467	85.99172685	
GRBH	GAREA BIHAR			24.1289486	85.91552754	
BHN	BHULI			23.80227726	86.39469278	
TET	TETULMARI			23.814441	86.34357	
NPJE	NICHITPUR			23.825908	86.287765	
MRQ	MATARI			23.840519	86.239035	
GMO	GOMOH JN			23.873106	86.14823	
BLME	BHOLLDIH			23.898444	86.116898	
NMG	NIMIAGHAT			23.932092	86.076213	
PNME	PARASNATH			23.987971	86.037862	
CEME	CHEGRO			24.08424852	85.96476601	
CDB	CHAUDHRIBANDH			24.11185288	85.94644574	
KRMB	KARMABAD BH			24.07875	85.973866	
HZD	HAZARIBAGH ROAD			24.174583	85.892035	
KSHR	KESHWARI			24.194873	85.864202	
CBH	CHAUBE			24.23729527	85.81602394	
DSME	DASARA			24.27460227	85.79085555	
PSB	PARSABAD			24.307559	85.73873	
YDD	YADUDIH			24.329875	85.700899	
SMND	SARMATANR			24.344874	85.655504	
HRE	HIRODIH			24.38304	85.596658	
LRB	LARABAD			24.407021	85.562123	
KQR	KODERMA			24.434741	85.529458	
GJD	GUJHANDI			24.498121	85.463683	
LBZ	LALBAG BH			24.509662	85.446702	
DLW	DILWA			24.53731788	85.41970863	
NGY	NATH GANJ			24.545616	85.385094	
BSCP	BASKATWA B. H.			24.547613	85.366148	
YGM	YADUGRAM BH			24.543289	85.324014	
GAP	GURPA			24.562542	85.29708	
PRP	PAHARPUR			24.624932	85.204571	
BNSL	BANSINALA HALT			24.66529241	85.16182409	
TKN	TANKUPPA			24.704046	85.119402	
BNF	BANDHUA			24.75197374	85.06620037	
MPO	MANPUR JN			24.807111	85.044738	
SICY	SHAHEED ISHWAR CHOWDHARY HALT			24.80741419	85.01490965	
GAYA	GAYA JN			24.803978	84.999294	
WCB	WEST CABIN GAYA			24.798676	84.971299	
KSTA	KASTHA			24.802484	84.921751	
PRY	PARAIYA			24.809464	84.850792	
GRRU	GURARU			24.811113	84.791831	
IMGE	ISMAILPUR			24.815523	84.723433	
RFJ	RAFIGANJ			24.819694	84.634804	
DORD	DEO ROAD			24.82307368	84.56342253	
JHN	JAKHIM			24.82880347	84.52567784	
PES	PHESAR			24.845489	84.418085	
AUBR	ANUGRAHA NARAYAN ROAD			24.8559556	84.3298444	
CPBH	CHIRAILA			24.863478	84.269003	
SEB	SON NAGAR			24.882213	84.229273	
ADSR	ADSR			24.909345	84.192214	
DOS	DEHRI ON SONE			24.914895	84.185434	
PHE	PAHALEJA HALT			24.932644	84.144817	
MRK	MARKAPUR ROAD			15.714678	79.301115	
RAI	RAIBHA			27.18155	77.803634	
BCP	BICHPURI			27.176397	77.91435	
IDH	IDGAH AGRA JN			27.17265	77.997807	
AF	AGRA FORT			27.183308	78.0191	
JAB	YAMUNA BRIDGE AGRA			27.191512	78.038127	
CHLR	CHHALESAR			27.212079	78.084141	
KBP	KUBERPUR			27.221966	78.128812	
ETUE	ETMADPUR			27.221536	78.197973	
COI	CHEOKI			25.379668	81.864916	
KCN	KARCHANA			25.313666	81.916127	
BEP	BHEERPUR			25.265024	81.98924	
MJA	MEJA ROAD			25.221545	82.089337	
UND	UNCHDIH			25.19241978	82.16337482	
JIA	JIGNA			25.157891	82.325555	
GAE	GAIPURA			25.16045	82.386249	
BEO	BIROHE			25.173789	82.449749	
BKN	BIKANER JN			28.014139	73.316598	
UMS	UDRAMSAR			27.92297387	73.34383659	
PAE	PALANA			27.845286	73.273605	
DSO	DESHNOK			27.791303	73.338483	
SPO	SURPURA			27.706677	73.442249	
NOK	NOKHA			27.556203	73.474848	
CLO	CHILO			27.446624	73.525461	
SBLJ	SHRI BALAJI			27.41676108	73.53738229	
ALAI	ALAI			27.337097	73.585768	
BWS	BADWASI			27.311355	73.663015	
NGO	NAGAUR			27.199991	73.723572	
MDW	MARWAR MUNDWA			27.063606	73.815965	
KJW	KHAJWANA			26.923262	73.861764	
DSL	DESWAL			26.850374	73.885443	
MCPE	MARWAR CHAPRI			26.78348803	73.90739422	
GADJ	GANDHINAGAR JAIPUR			26.873067	75.79828	
BMH	BETAMCHERLA			15.449372	78.148636	
GTJT	GETOR JAGATPURA			26.836925	75.832384	
KWP	KHATIPURA			26.835709	75.890498	
KUT	KANAUTA			26.84221601	75.95599611	
BAI	BASSI			26.840617	76.047213	
JHIR	JHIR			26.85218738	76.11469203	
KXI	KURUMURTHI			16.494924	77.863463	
BSKO	BANSKHO			26.856115	76.142206	
TLU	TARLUPADU			15.660536	79.219462	
JW	JATWARA			26.86882029	76.21405482	
CBM	CUMBUM			15.592947	79.110832	
KRNT	KURNOOL TOWN			15.833715	78.032655	
ALPR	ALAMPUR ROAD			15.895657	78.047012	
BNDN	BHANDANA			26.878914	76.252474	
SBBJ	JOGULAMBA HALT			15.915692	78.041605	
MOA	MANOPAD			15.994114	77.941968	
IKI	ITKYALA			16.074589	77.852531	
DO	DAUSA			26.900047	76.330336	
PDNA	PEDDADINNE			16.100078	77.83502	
PDO	PUDURU			16.153897	77.820931	
GWD	GADWAL			16.22509	77.809672	
BAK	BHAN KARI			26.96254679	76.40945546	
ARPL	AREPALLI HALT			16.270534	77.862369	
SRNR	SRIRAMNAGAR			16.306568	77.865894	
AJK	AJAKOLLU			16.34678333	77.87363616	
KVGM	KOLVAGRAM			26.9894839	76.46876528	
WPR	WANPARTI ROAD			16.38205359	77.88514998	
KONN	KONNUR			16.424621	77.884404	
KQQ	KAUKUNTLA			16.538962	77.850451	
DKC	DEVARKADRE			16.630504	77.838261	
KTKA	KOTAKADRA			16.668744	77.869477	
MQN	MANYAMKONDA			16.683425	77.904883	
MHBT	MAHBUBNAGAR TOWN HALT			16.742879	77.982649	
MBNR	MAHBUBNAGAR			16.757768	77.999429	
YNG	YENUGONDA			16.758073	78.036337	
BKI	BANDIKUI JN			27.039271	76.566723	
JBK	JAGGAMBOTLA KRISHNAPURAM			15.551156	79.071072	
SDV	SOMIDEVIPALLE			15.4534	79.038111	
GMA	GUDIMETTA			15.424449	79.010485	
YADA	YADA					
GID	GIDDALUR			15.379008	78.925583	
KSTE	KISTAMSETTIPALI			15.37238	78.883844	
DMT	DIGUVAMETTA			15.39493	78.826206	
CMZ	CHALAMA			15.422638	78.695312	
GZL	GAZULAPALLI			15.43085	78.600125	
NDL	NANDYAL			15.468024	78.472545	
PNM	PANYAM			15.50076	78.339158	
ARNA	ARNIA			27.01012878	76.51717962	
KEF	KRISHNAMA KONA			15.505221	78.267907	
BEY	B CEMENT NAGAR			15.48632233	78.19541209	
RGM	RANGAPURAM			15.406776	78.059153	
MLK	MALKAPURAM			15.368944	77.967556	
BVO	BOGOLU			15.473393	77.914295	
DHNE	DHONE			15.396729	77.865727	
VDI	VELDURTI			15.553699	77.927621	
UKD	ULINDAKONDA			15.652934	77.968687	
DUU	DUPADU			15.742888	78.013259	
KOLA	KOTLA			15.81203411	78.03755196	
DTP	DIVITI PALLI			16.740883	78.084175	
CDAE	CHANDANPUR			22.8813	88.176177	
PBZ	PORABAZAR			22.916427	88.15914	
BMAE	BELMURI			22.93272742	88.15233111	
DNHL	DHANIAKHALI			22.95019	88.143651	
SHBC	SIBAICHANDI			22.974465	88.13369	
CRAE	CHERAGRAM BH.			22.993969	88.126806	
HIH	HAJIGARH			23.007032	88.121403	
GRAE	GURAP			23.02534	88.112282	
JPQ	JHAPANDANGA			23.064129	88.091187	
JRAE	JAUGRAM			23.078737	88.080887	
NBAE	NABAGRAM			23.09918	88.066909	
MSAE	MASAGRAM			23.134791	88.042182	
CHC	CHANCHAI			23.157905	88.025521	
PRAE	PALLA ROAD			23.179393	88.009121	
DKAE	DANKUNI			22.677422	88.291491	
GBRA	GOBRA			22.695504	88.279274	
JOX	JANAI ROAD			22.722379	88.26511	
BPAE	BEGUMPUR			22.737627	88.255644	
BRPA	BARUIPARA			22.766787	88.237381	
MBE	MIRZAPUR BANKIPUR			22.78738	88.224626	
BLAE	BALARAMBATI			22.8068127	88.21216842	
KQU	KAMARKUNDU			22.821631	88.205127	
KQLS	KAMARKUNDU			22.820899	88.204309	
MDSE	MADHU SUDANPUR			22.845108	88.193499	
SDAH	KOLKATA SEALDAH			22.566758	88.374713	
NKG	NARKALDENGA COACHING YARD			22.57197464	88.37910996	
KGK	KANKURGACHHI ROAD			22.572603	88.385079	
BNXR	BIDHAN NAGAR			22.592432	88.391045	
DDJ	DUM DUM			22.621717	88.392835	
BARN	BARANAGAR ROAD			22.6530928	88.37831077	
DAKE	DAKSHINESWAR			22.6534841	88.3636352	
BLYG	BALLY GHAT			22.652173	88.347431	
BLYH	BALIHALT			22.652604	88.338608	
RCD	RAJCHANDRAPUR			22.652739	88.321219	
CCRL	CC RLY LINK CAB			22.652855	88.315286	
CCLW	CCLINK-WEST			22.657411	88.305512	
GGSY	GANGA SAHAI			25.269767	86.018783	
DMRX	DUMRI HALT			25.24593624	86.02839571	
JCL	JADCHERLA			16.752658	78.141972	
DJS	DHURANT JWAS HALT			25.220474	86.047715	
JYG	JAYNAGAR			26.589465	86.134871	
SPJ	SAMASTIPUR JN			25.858304	85.78736	
KRHA	KORAHIA			26.52983958	86.15361374	
KJI	KHAJAULI			26.48394157	86.16142161	
GHX	GARHARA			25.4409119	86.0053081	
LLPR	LALIT LAKSHMIPR			26.436785	86.1562	
RJA	RAJANAGAR			26.401801	86.152987	
HTZU	HATHIDAH UPPER			25.351823	85.987422	
MGPI	MANGARPATTI HALT			26.37100507	86.11003154	
MBI	MADHUBANI			26.348165	86.076784	
BLRI	BELARI HALT			25.84598918	85.79465626	
SPRN	SALEMPUR HALT			26.30637807	86.08167575	
UJP	UJIARPUR			25.780378	85.799605	
PDW	PANDAUL			26.28048661	86.08663559	
NAZJ	NAZIRGANJ			25.724315	85.806327	
UGNA	UGNA HALT			26.25064664	86.09251374	
BSRA	BASARHIA HALT			25.69210493	85.8109824	
SKI	SAKRI JN			26.208947	86.078137	
DSS	DALSINGH SARAI			25.6647486	85.8414652	
SSNS	SHAHEED S N SINGH HALT			26.20101984	86.04289692	
TRS	TARSARAI			26.194365	86.013311	
BJIH	BIJULI HALT			26.186676	85.976126	
KKHT	KAKARGHATTI			26.183484	85.948265	
STJT	SATHAJAGAT			25.63100727	85.867789	
BCA	BACHWARA JN			25.5812576	85.9001424	
DKGS	SIMARIA			25.411453	86.014464	
MPNH	MAJNUPUR NAWADA			25.53219612	85.93126787	
TGA	TEGHRA			25.51102	85.941774	
BUJ	BARAUNI FLAG			25.47359059	85.96507849	
DBG	DARBHANGA JN			26.157088	85.907575	
LSI	LAHERIA SARAI			26.110633	85.903825	
TLWA	THALWARA			26.072735	85.897507	
HYT	HAIAGHAT			26.020321	85.878212	
RBZ	RAMBHADDARPUR			25.977172	85.865182	
KSP	KISHANPUR			25.925351	85.840384	
MKPR	MUKTAPUR			25.884676	85.79556	
KRPA	KHARIAPIPRA HALT			25.242819	86.626717	
TALL	TALL JN			25.37870005	85.95468297	
RDUM	RAMPUR DUMRA			25.33086328	86.00064158	
BRYA	BARHIYA			25.2832026	86.0150768	
MKB	MANKATHA			25.207216	86.056352	
LKR	LUCKEESARAI JN			25.1716617	86.09321059	
KIUL	KIUL JN			25.171504	86.106198	
RMPR	RAMPUR HALT			25.17215866	86.14065394	
DNRE	DHANAURI			25.17196866	86.15917503	
PWBN	PAWAI BROHMASTHAN HALT			25.1712233	86.19652219	
UREN	UREN			25.17123794	86.21420165	
KJH	KAJRA			25.182766	86.261571	
GIBP	GHOGHI BARIARPUR			25.20580837	86.30408222	
AHA	ABHAIPUR			25.21598646	86.32307246	
MSDN	MASUDAN			25.23527139	86.35788307	
DRH	DHARHARA			25.25789341	86.41153807	
DRTP	DASHARATHPUR			25.26518182	86.46453228	
SRB	SAROBAG			25.27337122	86.47655525	
JMP	JAMALPUR JN			25.313906	86.492285	
PATM	PATAM HALT			25.3232552	86.53277019	
RPUR	RATANPUR			25.279794	86.57608	
RIKD	RISHIKUND			25.29443596	86.5623576	
BUP	BARIARPUR			25.28102861	86.57403722	
KPRD	KALYANPUR ROAD			25.27556489	86.58063537	
KAPP	KHARIAPIPRA HALT			25.243589	86.627487	
GNNA	GANGANI			25.265514	86.593002	
KMGH	KAMARGANJ			25.23695181	86.64572337	
SGG	SULTANGANJ			25.24085	86.736175	
AJUG	ABJUGANJ			25.242369	86.775451	
MVV	MAHESHI			25.236912	86.799239	
AKN	AKBARNAGAR			25.23488077	86.83453336	
CTMP	CHHIT MAKHANPUR			25.23449319	86.87393633	
MPY	MURARPUR			25.232759	86.886908	
NAT	NATHNAGAR			25.237052	86.935373	
BGP	BHAGALPUR			25.2419093	86.9767918	
SBO	SABAUR			25.239083	87.045918	
LMM	LAILAKH MAMLKHA			25.21827008	87.10506671	
GGA	GHOGA			25.21030542	87.16086164	
EKC	EKCHARI			25.22762305	87.21386585	
CLG	KAHALGAON			25.26218794	87.23375189	
BKSL	BIKRAM SHILA			25.30004436	87.3002182	
SVRP	SHIVANARAYANPUR			25.29372596	87.33309383	
LKB	LAKSHMIPUR BHORANG			25.288258	87.36336	
PPT	PIRPAINTI			25.29037539	87.42182446	
AMPL	AMMAPALLI HALT			25.27244149	87.45857457	
MZC	MIRZA CHEUKI			25.25877678	87.4979796	
KRMA	KARAMTOLA			25.25542126	87.5531429	
SBG	SAHIBGANJ JN			25.241392	87.634577	
SLJ	SAKRIGALI JN			25.243359	87.715967	
MJP	MOHARAJPUR			25.219587	87.740308	
KPTO	KARANPUR ATO			25.13640145	87.73402816	
TLJ	TALJHARI			25.08235041	87.74168791	
KXE	KALIAN CHAK			25.03452	87.736758	
TPH	TINPAHAR JN			24.99692586	87.74380703	
DDX	DHAMDHAMIA			24.96038768	87.76155731	
GLY	GOLLAPALLY			16.818903	78.157285	
SNT	SAINTHIA			23.949741	87.681205	
GHLE	GADADHARPUR			24.013197	87.691891	
MLV	MALLARPUR			24.080029	87.726275	
TPF	TARAPITH ROAD			24.12652529	87.75220508	
RPH	RAMPUR HAT			24.179797	87.782147	
SDLE	SWADINPUR			24.253478	87.822587	
NHT	NALHATI JN			24.295706	87.83867	
CTR	CHATRA			24.372846	87.849257	
MRR	MURARAI			24.440886	87.858653	
BSBR	BANSHLAI BRIDGE			24.502611	87.862439	
RJG	RAJGRAM			24.544607	87.867636	
NGF	NAGARNABI			24.59032149	87.86807485	
PKR	PAKUR			24.638002	87.856054	
TBB	TILBHITA			24.677288	87.842581	
KLP	KOTALPUKUR			24.741141	87.823724	
GMAN	GUMANI			24.7989521	87.80527763	
JTL	JHAPATER DHAL			23.367646	87.750181	
BPS	BANPAS			23.40073073	87.74725107	
NRX	NOADAR DHAL			23.433927	87.745014	
GKH	GUSKARA			23.489998	87.733397	
PCQ	PICHKURIRDHAL			23.54342	87.720914	
BDH	BHEDIA			23.586642	87.711813	
BHP	BOLPUR SHANTINIKETAN			23.657804	87.698136	
PNE	PRANTIK			23.694435	87.693501	
KPLE	KOPAI			23.759063	87.689548	
AMP	AHMADPUR JN			23.83250906	87.69284109	
BSLE	BATASPUR			23.88027856	87.68068147	
SKG	SAKTIGARH			23.205879	87.971782	
GRP	GANGPUR			23.223525	87.928116	
BWN	BARDDHAMAN JN			23.249718	87.870281	
PLAE	PALSIT			23.19703071	88.00322154	
TIT	TALIT			23.29331	87.819122	
RSLR	RASULPUR			23.187229	88.039994	
KAN	KHANA JN			23.320577	87.769547	
NMF	NIMO			23.180298	88.069346	
MYM	MEMARI			23.172935	88.095637	
BDC	BANDEL JN			22.9236565	88.3793623	
BGF	BAGILA			23.16014581	88.12200441	
HGY	HOOGHLY			22.904835	88.375632	
DBP	DEBIPUR			23.14461296	88.15599766	
CNS	CHUCHURA			22.890191	88.3695	
BOI	BAINCHI			23.1191243	88.196286	
CGR	CHANDAN NAGAR			22.86747	88.354421	
BCGM	BAINCHIGRAM			23.10588031	88.21629817	
MUU	MANKUNDU			22.846462	88.346368	
SLG	SIMLAGARH			23.095679	88.231213	
PDA	PUNDOOAH			23.070862	88.270115	
BHR	BHADRESHWAR			22.8279397	88.34153486	
KHN	KHANYAN			23.046222	88.314472	
BBAE	BAIDYABATI			22.79549199	88.33203765	
TLO	TALANDU			23.009788	88.345088	
MUG	MAGRA			22.983125	88.36829	
SHE	SEORAPHULI			22.774749	88.328809	
ADST	ADI SAPTAGRAM			22.95447	88.378872	
SRP	SERAMPORE			22.753968	88.338031	
RIS	RISHRA			22.726146	88.343378	
KOG	KONNAGAR			22.69945283	88.34183442	
HMZ	HIND MOTOR			22.683736	88.341605	
UPA	UTTARPARA			22.667652	88.341317	
BLY	BALLY			22.65526558	88.34060655	
BEQ	BELUR			22.63591201	88.33950084	
LLH	LILUAH			22.621521	88.339559	
SYAE	LILUAH (SORTING YARD)			22.609028	88.336795	
HWHG	HOWRAH GOODS			22.59009535	88.334688	
HWH	HOWRAH JN			22.584078	88.340999	
BKLE	BAKUDI			24.93451073	87.77490689	
BHW	BARHARWA JN			24.857748	87.774493	
BDLC	BONIDANGA LINK CABIN			24.822167	87.798331	
KRPU	KORAPUT			18.79219	82.719436	
KRPB	KORAPUT B CABIN B.H.			18.797786	82.724006	
DMRT	DUMURIPUT			18.780367	82.803933	
DMNJ	DAMANJODI			18.767771	82.865768	
BGUA	BAIGUDA			18.82704371	82.96578736	
KKGM	KAKIRIGUMMA			18.923382	83.007309	
LKMR	LAXMIPUR ROAD			19.003986	83.104298	
SGRM	SINGARAM			19.110931	83.105004	
TKRI	TIKIRI			19.177667	83.099105	
RUL	RAULI			19.230268	83.16728	
LLGM	LELIGUMA			19.304006	83.208299	
BLMK	BHALUMASKA			19.32812783	83.29429956	
SKPI	SIKARPAI			19.39189955	83.32010335	
KTGA	KEUTGUDA			19.303471	83.368072	
RGDA	RAYAGADA			19.175642	83.410505	
SPRD	SINGAPURAM ROAD			19.258673	83.403066	
THV	THERUBALI			19.335826	83.421309	
BMCK	BISSAMCUTTACK			19.487438	83.458973	
SNRL	SANSARTALI			19.529222	83.479773	
MNGD	MUNIGUDA			19.62753	83.488343	
DKLU	DOIKALLU			19.74188249	83.48161132	
AMB	AMBODALA			19.83632346	83.45635248	
LJR	LANJIGARH ROAD			19.94342218	83.40034169	
NRLR	NORLA ROAD			20.041394	83.373301	
RPRD	RUPRA ROAD			20.08447	83.330956	
KDLR	KANDEL ROAD			20.126381	83.27893	
KSNG	KESINGA			20.188103	83.224709	
RRGA	RANGAREDDY GUDA			16.901936	78.180833	
DPP	DHIRPUR			30.0663927	76.84405122	
DHMZ	DHOLA MAZRA			30.120678	76.854437	
SHDM	SHAHBAD MARKNDA			30.166186	76.861554	
MOY	MOHRI			30.255264	76.850054	
PGMD	PRAGATI MAIDAN			28.615268	77.247277	
BJA	BIJROTHA			24.9469398	78.4216048	
FDB	FARIDABAD			28.411473	77.307348	
NZM	DELHI H NIZAMUDDIN			28.58733	77.254249	
TKJ	TILAK BRIDGE			28.627633	77.237995	
CSB	SHIVAJI BRIDGE			28.634101	77.226612	
NDLS	NEW DELHI			28.642314	77.220004	
DSB	DELHI SADAR BAZAR			28.658656	77.216852	
SZM	SUBZI MANDI			28.668683	77.199696	
DAZ	DELHI AZADPUR			28.702646	77.176713	
AMIN	AMIN			29.904968	76.900028	
DHKR	DHODA KHEDI			30.018915	76.842512	
CORD	BILASPUR CHORD CABIN			22.082796	82.125212	
USL	USALAPUR			22.102548	82.111546	
GTK	GHUTKU			22.16819	82.085321	
KLTR	KALMITAR			22.2342459	82.05763473	
KGB	KARGI ROAD			22.297935	82.026832	
SLKR	SALKAROAD			22.36745	82.010606	
BIG	BELGAHNA			22.431085	82.032374	
TGQ	TENGANMADA			22.507027	81.99575	
KGS	KHONGSARA			22.551352	81.934151	
BHTK	BHANWAR TONK			22.607916	81.897794	
KOI	KHODRI			22.665094	81.935696	
SBRA	SARBAHARA			22.710502	81.910429	
PND	PENDRA ROAD			22.755825	81.89917	
HRB	HARRI			22.82794	81.882604	
VKR	VENKATNAGRA			22.923269	81.872187	
NIQ	NIGAURA			22.961546	81.874215	
JTI	JAITHARI			23.04518655	81.79709195	
CLF	CHHULHA			23.106724	81.73707	
APR	ANUPPUR JN			23.117312	81.695967	
AAL	AMLAI			23.173469	81.593507	
BUH	BURHAR			23.213204	81.528406	
CHDX	CHHADA			23.237624	81.471427	
SNGP	SINGHPUR			23.25396058	81.40750727	
SDL	SHAHDOL			23.285962	81.364073	
BDWA	BADHWA BARA			23.2939334	81.28636818	
GGT	GHUNGHUTI			23.34363911	81.18624077	
MDXR	MUDARIA			23.35860366	81.09506692	
BRS	BIRSINGHPUR			23.3672117	81.0433529	
NRZB	NOWROZABAD			23.394425	80.980363	
KKI	KARKELI			23.460957	80.919056	
UMR	UMARIA			23.52273	80.823244	
LOA	LORHA			23.581228	80.751613	
CHD	CHANDIA ROAD			23.6454399	80.701436	
VYK	VILAYATKALAN RD			23.708924	80.610102	
RPD	RUPAUND			23.731755	80.573345	
JLW	JHALWARA			23.772191	80.473608	
BABR	BALANAGAR			16.947622	78.188891	
ULM	URLAM			18.435566	83.989515	
TIU	TILARU			18.47048582	84.07268099	
HCM	HARISHCHANDRAPURAM			18.47909344	84.12143781	
KBM	KOTABOMMALI			18.488355	84.199842	
DGB	DINDU GOPALA PURAM HALT			18.542976	84.241768	
NWP	NAUPADA JN			18.57940973	84.28292201	
RMZ	ROUTHPURAM HALT			18.62096434	84.33568039	
PUN	PUNDI			18.665918	84.370679	
PSA	PALASA			18.756782	84.422091	
SUDV	SUMMADEVI			18.808897	84.467259	
MMS	MANDASA ROAD			18.840628	84.494113	
BAV	BARUVA			18.900748	84.554233	
SPT	SOMPETA			18.981297	84.5815	
JPI	JHADUPUDI			19.028201	84.613031	
IPM	ICHCHPURAM			19.110752	84.680427	
SLRD	SURLA ROAD			19.177016	84.719145	
GTA	GOLANTHRA			19.219065	84.740668	
BAM	BRAHMAPUR			19.2961348	84.7966912	
JNP	JAGAN NATHAPUR			19.33064861	84.86814398	
NRSP	NARASIMHAPURA			19.36329394	84.93874928	
CAP	CHATRAPUR			19.3589572	84.973273	
CAPC	CHATRAPUR COURT			19.358941	84.982543	
GAM	GANJAM			19.395827	85.046719	
HMA	HUMMA			19.443283	85.075888	
RBA	RAMBHA			19.537957	85.094079	
KIT	KHALLIKOT			19.611205	85.128091	
KLJI	KALIJAI			19.647604	85.151414	
CLKA	CHILKA			19.686694	85.179914	
BALU	BALUGAON			19.747366	85.200953	
SLZ	SOLARI			19.800255	85.247786	
GNGD	GANGADHARPUR			19.815673	85.293235	
KUU	KUHURI			19.859987	85.3527	
KAPG	KALUPARA GHAT			19.896585	85.403651	
MKTP	MUKETASHWAR			19.919138	85.437914	
BSDP	BHUSANDPUR			19.9517927	85.4764825	
NKP	NIRAKARPUR			19.991741	85.530464	
GLBA	GOLABAI			20.016866	85.555928	
TAP	TAPANG			20.052879	85.580989	
DLMH	DHAULIMUHAN			20.079332	85.604772	
KPXR	KAIPADA ROAD			20.10484	85.639666	
ARGL	ARGUL			20.12442672	85.67088007	
VSKP	VISHAKAPATNAM			17.72159	83.289514	
MIPM	MARRIPALEM			17.7363	83.252629	
SCM	SIMHACHALAM			17.744667	83.220449	
SCMN	SIMHACHALAM NORTH			17.752094	83.209636	
PDT	PENDURTI			17.813498	83.195211	
KTV	KOTTAVALASA			17.892375	83.1851	
KPL	KANTAKAPALLE			17.954719	83.208205	
ALM	ALAMANDA			18.01251	83.271604	
KUK	KORUKONDA			18.054196	83.320296	
VZM	VIZIANAGRAM JN			18.111374	83.395586	
NML	NELLIMARIA			18.183131	83.456046	
GUL	GUJJANGIVALASA			18.23067875	83.51088829	
GVI	GARIVIDI			18.27326819	83.53084101	
CPP	CHIPURUPALLE			18.316259	83.569608	
BTVA	BATUVA			18.34308678	83.62409646	
SGDM	SIGADAM			18.360601	83.681441	
PDU	PONDURU			18.362876	83.776548	
DUSI	DUSI			18.369969	83.857682	
CHE	SRIKAKULAM ROAD			18.408679	83.903771	
SHNR	SHADNAGAR			17.064646	78.213273	
CUL	CHULI			23.006336	71.340823	
SRBR	SURBARI			23.231063	70.696477	
KCG	KACHEGUDA			17.389561	78.499756	
MXT	MALAKPET KACHEGUDA			17.375398	78.494244	
DQR	KACHEGUDA DBR			17.366083	78.490284	
YAKUT PUR(YKA	YAKUT PUR(YKA					
HPG	HUPPUGUDA			17.34071	78.481965	
FM	KACHEGUDA FALAKNUMA			17.332197	78.474481	
TMX	TIMMAPUR			17.169347	78.288344	
UR	UMDANAGAR			17.262932	78.393143	
BDVL	BUDVEL			17.3093773	78.4245182	
ADI	AHMEDABAD JN			23.025515	72.601516	
KKF	KANKARIA			23.008817	72.607102	
MAN	MANI NAGAR			23.000142	72.610413	
VTA	VATVA			22.95972855	72.62943632	
GER	GERATPUR			22.917292	72.655151	
BJD	BAREJADI			22.8954267	72.6778863	
KANJ	KANIL			22.867204	72.705473	
NEP	NENPUR			22.847183	72.725207	
MHD	MAHEMDAVAD KHEDA RD			22.819556	72.752481	
GTE	GOTHAJ			22.75995385	72.8013558	
ND	NADIAD JN			22.694106	72.855718	
UTD	UTARSANDA			22.654716	72.88881	
KBRV	KANJARI BORIYAV			22.614849	72.921535	
NOL	NIYOL			21.160311	72.902305	
CHM	CHALTHAN			21.157909	72.95617	
BGMR	BAGUMRA			21.149694	72.996091	
GGAR	GANGADHARA			21.141419	73.043566	
BIY	BARDOLI			21.1342405	73.1058944	
TBV	TIMBARVA			21.146312	73.144398	
MGRL	MANGROLLA			21.156258	73.182172	
MID	MADHI			21.145672	73.24268	
KRAI	KAHET			21.137196	73.294162	
LTV	LOTARVA			21.153797	73.202399	
VYA	VYARA			21.118142	73.383847	
KKRD	KIKAKUI ROAD			21.12908	73.481234	
DSD	DOSVADA			21.130512	73.502728	
USD	UKAI SONGADH			21.147743	73.55554	
LKKD	LAKKADKOT			21.163562	73.603025	
BBAI	BHADBHUNJA			21.166264	73.693754	
NWU	NAVAPUR			21.166844	73.771183	
KFF	KOLDA			21.165523	73.893108	
CPD	CHINCHPADA			21.206379	73.939242	
KHTG	KHATGAON			21.26417	73.992081	
KBH	KHANDBAARA			21.324398	74.101865	
BAWD	BHADWAD			21.32315915	74.09831697	
DWD	DHEKVAD			21.339179	74.13857	
NDB	NANDURBAR			21.374812	74.246482	
CUE	CHOUPALE			21.377019	74.319097	
TISI	TISI			21.382994	74.364777	
RNL	RANALA			21.372813	74.47179	
DDE	DONDAICHA			21.331414	74.563104	
VKH	VIKHRAN ROAD			21.302739	74.617881	
SNSL	SONSHELU			21.274379	74.662256	
SNK	SINDKHEDA			21.234022	74.735367	
HOL	HOL			21.198376	74.784857	
NDN	NARDANA			21.178209	74.828747	
BEW	BETAVAD			21.149244	74.886199	
PDP	PADSE			21.132043	74.924335	
BRTK	BHORTEX			21.102508	74.995996	
AN	AMALNER			21.049009	75.057314	
TKHE	TAKARKHEDE			21.03491	75.167017	
BHNE	BHONE			21.018946	75.222477	
DXG	DHARANGAON			21.006447	75.286092	
CHLK	CHAVALKHEDE			21.024084	75.352237	
PLD	PALDHI			21.022832	75.46157	
MIB	NAGPUR MOTI BAGH			21.146062	79.088986	
RVH	RAIPUR R-V BLOCK			21.26848	81.644282	
MNDH	MANDIR HASAUD			21.226192	81.772807	
LAE	LAKHOLI			21.201827	81.890652	
ANMD	ARANG MAHANADI			21.189614	81.955513	
BLSN	BELSONDA			21.155027	82.035625	
MSMD	MAHASAMUND			21.113138	82.10389	
ARN	ARAND			21.102097	82.183013	
BMKJ	BHIMKHOJ			21.080325	82.289327	
BGBR	BAGBAHRA			21.0462946	82.3841486	
KMK	KOMAKHAN			20.979703	82.457692	
KRAR	KHARIAR ROAD			20.90138556	82.51051328	
NPD	NAWAPARA ROAD			20.809717	82.562564	
LKNA	LAKHNA			20.729266	82.662489	
HSK	HARISHANKER RD			20.62678907	82.76603625	
TIG	TITLAGARH			20.284399	83.154382	
TRKR	TUREKALA ROAD			20.56309481	82.81471642	
SFK	SIKIR			20.337936	83.199696	
KBJ	KANTABANJI			20.474059	82.906517	
BUDM	BADMAL			20.3849	83.271149	
MRBL	MURIBAHAL			20.385885	83.016704	
SFC	SAINTALA			20.433878	83.335045	
RNBT	RAHENBATA			20.329013	83.089931	
DFR	DEOGAN ROAD			20.554779	83.430063	
BLGR	BALANGIR			20.688591	83.494207	
BNRD	BALANGIR ROAD			20.715094	83.498557	
LSX	LOISINGHA			20.852667	83.514083	
KHPL	KHALIPALI			20.950218	83.536231	
DJX	DUNGRIPADI			21.060873	83.559213	
BRPL	BARPALI			21.1836377	83.5948758	
BRGA	BARGARH ROAD			21.332903	83.642586	
ATS	ATTABIRA			21.388039	83.792637	
GBQ	GODBHAGA			21.416457	83.856969	
HKG	HIRAKUD			21.479827	83.905097	
JSRY	JHARSUGUDA R YARD			21.88764356	84.07187767	
DTV	DHUTRA			21.896882	84.091098	
PNPL	PANPALI			21.915686	84.139173	
BEH	BAGDIHI			21.951046	84.18631	
DIH	DHARUADIHI			21.995145	84.223691	
BMB	BAMRA			22.051355	84.291044	
TGM	TANGARMUNDA			22.09407	84.358612	
GPH	GARPOS			22.134204	84.418434	
SOGR	SOGRA			22.153756	84.459478	
SXN	SONAKHAN			22.166579	84.519562	
GP	RAJ GANGPUR			22.186062	84.582051	
KXN	KANSHBAHAL			22.215278	84.666289	
TLHR	TALCHER			20.932262	85.200385	
TLTM	TALCHER THERMAL			20.91053519	85.21416081	
TTPT	TALCHER THERMAL			20.905032	85.217126	
KLG	KALUNGA			22.222144	84.733673	
PPO	PANPOSH			22.228538	84.804627	
ROU	ROURKELA			22.22844	84.863132	
BNDM	BONDAMUNDA			22.2355174	84.9250581	
BGKA	BANGURKELA			22.3505684	84.95527044	
BSPK	BISPUR			22.3740199	84.9464074	
NXN	NUAGAON			22.386583	84.942033	
ORGA	ORGA			22.448548	84.91578	
PBB	PARBATONIA			22.497617	84.949201	
TATI	TATI			22.558382	84.918457	
BRBR	BARBERA			22.57556186	84.86942144	
KNRN	KANAROAN			22.600484	84.877026	
BANO	BANO			22.6647838	84.90298541	
MCZ	MAHABUANG			22.71992867	84.93527606	
KRKR	KURKURA			22.763217	84.931238	
PKC	PAKRA			22.828158	84.936906	
PKF	POKLA			22.89496	84.951364	
BKPR	BAKASPUR			22.98101964	84.95372966	
JGX	JARIAGARH			23.00884227	84.98669281	
GBX	GOVINDPUR ROAD			23.06185749	85.0435794	
KRRA	KARRA			23.12193235	85.13274166	
BNGO	BINGAON			23.1666884	85.16581396	
LOM	LODHMA			23.22335028	85.20012125	
BLRG	BALASIRING			23.26912736	85.28120292	
HTE	HATIA			23.311613	85.308218	
ITR	ITWARI			21.157819	79.119237	
MTD	MERTA ROAD JN			26.728077	73.917896	
KQW	KHEDULI			26.759393	74.014573	
REN	REN			26.788798	74.074462	
JAC	JALSU			26.844883	74.194547	
JACN	JALSU NANAK			26.868694	74.250429	
DNA	DEGANA JN			26.897349	74.316388	
GCH	GACHHIPURA			26.953522	74.454426	
BSRL	BESROLI			26.990674	74.560725	
BOW	BORAWAR			27.02830681	74.66939656	
MKN	MAKRANA JN			27.037532	74.723149	
KMNC	KUCHAMAN CITY			27.05354654	74.85145681	
THMR	THATHANA MITHRI			27.05513819	74.89797287	
NYK	NAYA KHARADIA			27.03838566	74.93509671	
NAC	NAWA CITY			27.029479	74.998832	
GVMR	GOVINDI MARWAR			27.03169	75.093144	
GA	GUDHA			26.950042	75.128292	
SBR	SAMBHAR LAKE			26.904308	75.179915	
FL	PHULERA JN			26.872814	75.245456	
HDA	HIRNODA			26.885336	75.327459	
DHND	DHINDA			26.890931	75.361206	
JU	JODHPUR JN			26.283765	73.02319	
RKB	RAIKA BAGH			26.291628	73.039744	
JUCT	JODHPUR CANTT			26.304264	73.075277	
BNO	BANAR			26.33951	73.146431	
JWL	JAJIWAL			26.36805837	73.22282783	
AAS	ASRANADA			26.397374	73.305325	
KSW	KHERI SALWA			26.42851053	73.39075432	
PPR	PIPAR ROAD JN			26.45285	73.448703	
SWF	SATHIN ROAD			26.48978	73.509748	
UMED	UMED			26.549322	73.605896	
KXG	KHARIA KHANGARH			26.609843	73.686313	
GOTN	GOTAN			26.652201	73.737284	
JOM	JOGI MAGRA			26.697862	73.818142	
SWM	SAWAI MADHOPUR			26.018279	76.35622	
KTA	KUSHTALA			25.961351	76.326705	
RWJ	RAWANIA DUNGAR			25.887841	76.313705	
AMLI	AMLI			25.828156	76.286156	
JOB	ASALPUR JOBNER			26.900084	75.423467	
IDG	INDARGARH			25.727874	76.232938	
BOBS	BOBAS			26.9056364	75.4980458	
SHNX	SHEO SINGH PURA			26.913378	75.567278	
LKE	LAKHERI			25.639864	76.192147	
MSO	MISROD			23.168701	77.458046	
HBJ	HABIBGANJ			23.221979	77.439429	
BPL	BHOPAL JN			23.26688438	77.41314286	
BIH	BAIRAGARH			23.2736072	77.33622	
BQE	BAKANIAN BHAUNR			23.261737	77.252499	
LBN	LABAN			25.574304	76.207965	
KPZ	KAPREN			25.444815	76.086492	
KTSC	KOTA JN SOUTH C			25.198051	75.885111	
DKNT	DAKANIYA TALAV			25.145188	75.865501	
DDV	DADHDEVI			25.07784	75.898016	
ALNI	ALNIYA			25.03167572	75.90874587	
DKQ	DHANI KASAR			24.98745956	75.93221182	
RDT	RAVTHA ROAD			24.933449	75.958203	
DARA	DARA			24.832609	76.005784	
KIW	KANWALPURA			24.788625	75.98301	
MKX	MORAK			24.730953	75.973339	
RMA	RAMGANJ MANDI			24.644606	75.939411	
JHW	JHALAWAR ROAD			24.541893	75.919686	
DKRA	DHUANKHERI			24.504973	75.89805	
BWM	BHAWANI MANDI			24.419472	75.82981	
KRLS	KURLAS			24.35420058	75.72600901	
GOH	GAROT			24.27909199	75.68432198	
SGZ	SHAMGARH			24.191141	75.642842	
HNU	HANSPURA			24.13120683	75.64670478	
SVA	SUWASRA			24.069844	75.648344	
NKH	NATHUKHERI			24.02004338	75.64345572	
CMU	CHAU MAHLA			23.948205	75.600861	
TLZ	TALAVLI			23.903499	75.596821	
THUR	THURIA			23.833165	75.55457	
VMA	VIKRAMGARH ALOT			23.765121	75.538379	
LNR	LUNI RICHHA			23.660393	75.51367	
MEP	MAHIDPUR ROAD			23.567509	75.500338	
RLK	ROHAL KHURD			23.482264	75.460561	
PUD	PHANDA			23.232986	77.189255	
PNWN	PACHWAN			23.208785	77.128302	
DNK	DHANAKYA			26.91819	75.605607	
SEH	SEHORE			23.215095	77.077882	
BDYK	BINDAYAKA			26.924224	75.659572	
KKU	KANAKPURA			26.92883	75.702559	
BKTL	BAKTAL			23.234083	77.038514	
PRB	PARBATI			23.250527	77.012393	
JBX	JABRI			23.294104	76.889341	
KPP	KALAPIPAL			23.332775	76.834002	
CKOD	CHAKROD			23.35309059	76.77971655	
SJP	SHUJALPUR			23.381236	76.723475	
UJN	UJJAIN JN			23.178154	75.781403	
MQE	MOHAMMADKHERA			23.384268	76.665757	
AKD	AKODIA			23.378255	76.599245	
BLX	BOLAI			23.36140065	76.48640474	
KSH	KALI SINDH			23.344476	76.430306	
KONY	KISONI			23.301733	76.371773	
BCH	BERCHHA			23.2824808	76.3341929	
PUO	PIR UMROD			23.25586087	76.22996431	
MKC	MAKSI			23.251625	76.159116	
SVT	SHIVPURA			23.25635087	76.00763784	
TJP	TAJPUR			23.21696777	75.92356794	
PLW	PINGLESHWAR			23.21113604	75.86034404	
UJNC	UJN C CABIN			23.184543	75.801153	
DPZ	DEVPURA			26.03271	76.251747	
SURL	SURELI			26.118939	76.077102	
ISA	ISARDA			26.170515	76.030637	
SRAS	SIRAS			26.25711385	76.00108139	
BNLW	BANSTHALI NIWAI			26.38392781	75.93511006	
CHNN	CHANNANI			26.49509	75.920457	
CKS	CHAKSU			26.592918	75.910778	
SAS	SHIVDASPURA PADAMPURA			26.71363	75.883282	
BTSD	BHATISUDA			23.392187	75.421478	
PPG	PIPLODA BAGLA			23.357472	75.433639	
UNL	UNHEL			23.316776	75.472209	
PSO	PALSORA MAKRAWA			23.26065021	75.53156918	
ASL	ASLAODA			23.23126431	75.60816016	
GRFB	GAMBHIR BR			23.226323	75.637187	
NKI	NAIKHERI			23.196778	75.689198	
SNGN	SANGANER			26.814113	75.772245	
DPA	DURGAPURA			26.855947	75.786436	
BSGD	BAIS GODAM			26.90199441	75.7898479	
GNQ	GODHANI			21.21103	79.068176	
BWRA	BHARATWADA			21.231695	79.0171081	
KSWR	KALMESHWAR			21.229072	78.915861	
KOHL	KOHLI			21.273749	78.807616	
SNKB	SONKHAMB			21.274259	78.725612	
MER	METPANJRA			21.26917	78.659159	
KATL	KATOL			21.263201	78.590664	
KLBA	KALAMBHA			21.344635	78.558413	
TNH	TINKHEDA			21.407727	78.523446	
NRKR	NARKHER			21.468725	78.524814	
DDMT	DARIMETA			21.536803	78.5411	
PAR	PANDHURNA			21.589996	78.525394	
TEO	TEEGAON			21.637046	78.460308	
GDKP	GHUNDANKHAPA			21.655105	78.42563	
CCD	CHICHONDA			21.709709	78.352032	
HTN	HATNA PUR			21.761852	78.334344	
MTY	MULTAI			21.783543	78.26283	
AMLA	AMLA JN			21.919717	78.123187	
MALK	MALKAPUR ROAD			21.904426	77.967468	
BZU	BETUL			21.896393	77.905897	
MJY	MARAMJHIRI			21.946123	77.883002	
DHQ	DHARAKHOH			22.009297	77.949934	
GDYA	GHORADONGRI			22.126423	78.001987	
BBTR	BARBATPUR			22.197033	77.920758	
MGRD	MAGARDOH			22.248104	77.894738	
DOH	DHODRA MOHAR			22.281504	77.875226	
POX	POLA-PATTHAR			22.347657	77.853349	
KQE	KALA AKHAR			22.394549	77.818115	
SAHL	SAHELI			22.488281	77.819849	
TAKU	TAKU			22.51555994	77.81580879	
KSLA	KESLA			22.54121696	77.80650907	
KRTH	KIRATGARH			22.538155	77.77251	
JHP	JUHJARPUR			22.598117	77.755836	
HN	HATHBANDH			21.632219	81.846233	
BYT	BHATAPARA			21.732464	81.946062	
NPI	NIPANIA			21.826434	82.044275	
DGS	DAGORI			21.905693	82.069143	
SLRA	SARALA			21.511822	84.017534	
SSN	SASON			21.55953505	84.03917035	
RGL	RENGALI			21.636895	84.042299	
LPG	LAPANGA			21.732794	84.03998	
BXQ	BRUNDAMAL			21.806503	84.016216	
JSGR	JHARSUGUDA ROAD			21.850125	84.010526	
BBSN	BHUBANESWAR NEW			20.382175	85.835187	
GBK	GOPALPUR BALKDA			20.432635	85.877909	
KTJI	KATHA JORI			20.45107	85.896353	
CTC	CUTTACK			20.466588	85.90156	
KNPR	KENDRAPARA ROAD			20.498481	85.917437	
NRG	NERGUNDI			20.538381	85.959078	
MZY	MACHAPUR			20.569003	85.768912	
GJTA	GARUDIJHATIA			20.570067	85.828478	
BDPG	BADA PADAGAON			20.57058831	85.87382799	
CBT	CHARBATIA			20.5693839	85.9113306	
SQQ	SALAGAON			20.56434	85.957487	
SVK	SIVARAKOTTAI			9.738428	77.986107	
SLGM	SANKARALINGAPRM			9.524914	77.88414	
CPM	CHOLAPURAM			9.354660444	77.57086691	
MDU	MADURAI JN			9.919907	78.110314	
TDN	TIRUPARANKNDRM			9.879447	78.065958	
TMQ	TIRUMANGALAM			9.824778	77.990902	
KGD	KALLIGUDI			9.695381	77.97402	
VPT	VIRUDUNAGAR JN			9.596405	77.957737	
SCT	SENGOTTAI			8.9874125	77.24185	
TSI	TENKASI JN			8.963993	77.307338	
KDNL	KADAYNALLUR			9.085394	77.3631977	
PBKS	PAMBA KOVIL SHANDY			9.130538	77.431001	
SNKL	SANKARANKOVIL			9.176539	77.525924	
RJPM	RAJAPALAYAM			9.452404	77.561026	
SVPR	SRIVILLIPUTTUR			9.497497	77.64494	
SVKS	SIVAKASI			9.463321	77.789244	
TTL	TIRUTTANGAL			9.477299153	77.81088644	
MKSP	MUKHASA PARUR			11.566638	79.240919	
KKTI	KUTTAKUDI			11.591907	79.154962	
PRV	PUKKIRIVARI			11.633792	78.989079	
SRVT	SIRUVATTUR			11.636294	78.943922	
CHSM	CHINNA SALEM			11.631062	78.873821	
MLYR	MELNARIYAPANUR			11.615911	78.814791	
TVS	TALAIVASAL			11.596392	78.75084	
ATU	ATTUR			11.594788	78.592092	
PDKM	PEDANAYAKANPALAYAM			11.647063	78.5053	
MGSJ	MAGNESITE JN			11.696253	78.096286	
ETP	ETTAPUR ROAD			11.651009	78.468545	
SA	SALEM JN			11.671726	78.113415	
VGE	VALAPPADI G HLT			11.654624	78.400452	
MPLI	MINNAMPALLI			11.67107968	78.28498516	
APN	AYODHYAPATTANAM			11.671392	78.233642	
SLME	SALEM EAST			11.662932	78.178121	
SXT	SALEM TOWN			11.660046	78.162096	
SAMT	SALEM MARKET			11.654084	78.142621	
OML	OMALUR			11.7385543	78.04678002	
TOS	TOLASAMPATTI			11.761619	77.979547	
MCRD	MECHERI ROAD			11.804211	77.921857	
MTDM	METUR DAM			11.807081	77.832008	
A	ARMENIAN GHAT CITY					
AACS	M/S AMLAI COLLIERY SDG, AMLAI					
AASM	ALBION SDG NO.1, MAHUDA					
AAU	ALAPADU					
ABBS	BURRAGARH NO.1A, BHAGA					
ABC	NEW EXPLOSIVE FACTORY					
ABGM	AMBALGRAM					
ABHR	BEJDIH NO.1, RADHANAGAR					
ABIF	AMBATURAI					
ABJK	BOKARO JHARIA NO.2, KHANUDIH					
ABKD	BHOWRAH NO. 5, KHANUDIH					
ABKH	BHOWRAH NO. 6, KHANUDIH					
ABLS	ACC BABCOCK, DURGAPUR					
ABM	AMBAPURAM					
ABPD	ADVANCE BASE PETROL DEPOT, BHAROLI					
ABPK	BHOWRAH BYE PRODUCTS AND COKE OVEN NO.16, KHANUDIH					
ABSB	BALLIHARI NO.11, BAGHA					
ABSD	223 ABOD SDG, SURANUSSI					
ABSG	ORDINANCE FACTORY SDG, AMBARNATH					
ABSK	AIR BASE SIDING, KALAI KUNDA					
ABV	AMBUGA					
AC	ARMEMIAN GHAT CITY PARCEL					
ACCG	ACC SIDING					
ACCJ	ACC LTD. SDG, JHINKPANI					
ACCP	ACC LTD SDG, BG PORBANDAR					
ACCT	INDIAN CABLE CO. SDG, TATANAGAR JN.					
ACD	INDIAN OIL CORPORATION					
ACDA	AJNI CONTAINER DEPOT					
ACKF	ACHARAPAKKAM					
ACLA	AMLAI COLLIERY SDG, AMLAI					
ACPR	ARCHIPATHAR HALT					
ACS	ADITHYA CEMENT SIDING - SHAMBHUPURA					
ACSG	DCOS SDG, DAHOD					
ACSK	ANGARPATHRA COLLIERY SIDING KATRASGARH					
ACSN	M/S ASSOCIATED CEMENT CO. LTD. SDG, NOWROZABAD					
ACSP	ADITYA CEMENT-SHAMBHUPRA					
ACSR	CHINAKURI NO.15					
ACSY	AMBUJA CEMENT EASTERN LTD.					
ACT	ASAKALATTUR HALT					
ACTR	ANAANTA COLLIERY SDG					
ACV	ACHCHUNTANVAYAL					
ADAW	ADRA WORKSHOP					
ADBF	ADILABAD					
ADIP	DUNCANS INDUSTRIES LTD., PANKI/KANPUR					
ADLP	ADALPUR HALT					
ADMB	ASST MILITARY SIDING ,BHAGAT KI KOTHI					
ADMS	AMMUNITION DEPOT MILITARY SIDING, DAPPAR					
ADP	AHMADPUR JN.					
ADPT	ANDIPATTI					
ADSL	AMMUNITION DEPOT SIDING, LALRU					
ADSM	AMMUNITION DEPOT SIDING, PHUSMANDI BHANTINDA CANTT					
ADY	ADDERLEY					
AEB	AGRA EAST BANK					
AEBK	AGRA EAST BANK					
AECS	AHMEDABAD ELEC. CO. LTD. SDG, SABARMATI JN.					
AEE	ALACHOR					
AEMD	M/s.Adani Electricity Mumbai Ltd.-Dahanu Road					
AER	ASNERA					
AERO	AERO SIDING, DIGARU					
AFCS	FOOD CORPORATION INDIA SDG, ANGAMALI					
AFSD	AIR FORCE SIDING, DIGARU					
AFSM	AF SIDING, MANAURI					
AGAS	AGAS					
AGFT	AGRA FORT					
AGJ	AGRA JN. CABIN					
AGPS	AP GOVT PORT, KAKINADA PORT					
AGS	ALWAR GOODS SHED					
AGW	AHUT GRAM					
AGX	AGASTIYAMPALLI					
AHLF	AJHARAIL					
AHT	AMGHATA					
AICD	I.C.D. SIDING, AMRITSAR					
AIIN	AJMER JN.					
AIIW	AJMER WORKSHOPS					
AIK	ARNI KHANA					
AIPO	CHETTINAD INTERNATIONAL COAL TERMINAL PRIVATE SIDING					
AIPS	THERMAL POWER PLANT SDG, ATTIPPATTU					
AIRL	AIROLI					
AIS	AJMER STOR SIDING					
AISS	STORE SIDING, AJMER JN.					
AJBB	JARDIAN BALIHERY -2					
AJJB	RAMCO INDUSTRY LTD SIDING, ARAKKONAM					
AJJM	RAMCO INDUSTRY LTD SIDING, ARAKKONAM					
AJJS	TAMIL NADU STEEL LTD. SDG, ARAKKONAM					
AJMK	BOKARO JHARIA MAIN LINE, KHANUDIH					
AJWA	AJWA					
AJWS	JORAPUKUR WASHERY, SUDAMDIH					
AKAH	ARTALAKATTA					
AKFS	TRANSFORMERS AND ELECTRICALS KERALA LTD SDG, ANGAMALI					
AKIP	AKAIPUR HALT					
AKIS	KSEB IDIKKI HYDRO ELECTRIC SCHEME SDG, ANGAMALI					
AKKK	KUSTORE-7A SIDING BHAGA					
AKLA	AKOLA JN.					
AKLJ	AKLUJ O.A.					
AKNB	KANKANEE NO.2, BHOJUDIH					
AKPK	M/S ADANI KRISHNAPATNAM PORT LTD. SIDING, KRISHNAPATNAM					
AKTS	AMAR KANTAK THERMAL POWER STN., AMLAI					
AKVJ	ANKLESHWAR JN.					
AKVU	ANKLESHWAR UDHYOG NAGAR					
AKWS	KARGALI WASHERY,BERMO					
ALAU	ALAU					
ALBK	LAYABAD NO.20, KHANUDIH					
ALCA	ALIGARH C.B.A.					
ALCK	LAYABAD ELECTRIC SUPPLY COKE CO. NO.28, KHANUDIH					
ALE	AMLETHA					
ALEU	ALEMBIC CHEMICAL WORKS SDG, VADODRA JN.					
ALGJ	ALIGANJ					
ALGV	GCT MULTI-MODEL CARGO TERMINAL OF M/S ADANI LOGI LTD.-VIROCHANNAGAR					
ALH	ALAMBAGH JN.					
ALIK	ADANI LOGISTIC LTD ICD					
ALKF	ALAKKUDI					
ALO	AMALA HALT					
ALQ	AULANT					
ALSR	ALISAGAR					
ALUH	ALAULI					
ALUS	ARIYALUR CEMENT PROJECT SIDING, ARIYALUR					
ALWL	ALWAL HALT					
AMBK	MOHALBONI SDG NO.11,KHANUDIH					
AMBT	AMBALTEK					
AMD	AMILA					
AMDD	AMDANDA					
AMGD	ALLAHBAD MALKAGANJ GOODS DEPOT SIDING, ALLAHABAD					
AMLG	AHLUWALIA MINNING PVT. LTD. SDG, SATNA					
AMNA	AMAN LODGE					
AMPS	SARGUJA RAIL CORRIDOR PVT. LTD.					
AMQF	AMMUGUDA HALT					
AMQX	AMMUGUDA CHORD LINE					
AMRD	METHANI SIDING, RADHANAGAR					
AMSC	MYSORE CEMENT SDG, AMMASANDRA					
AMSG	AIR FORCE SIDING, AMLA					
AMSK	MOHALBONI SDG NO.9,KHANUDIH					
AMSP	ADDITIONAL MILITARY SIDING, POKARAN					
AMSS	AMBICA STEEL TUBES LTD. SDG, VATVA					
AMVM	LUCKNOW					
AMWM	MURULIDIH WASHERY,MAHUDA					
AMZ	AMTA					
ANDB	AMMUNITION DEPOT, BHARATPUR					
ANDM	NORTH DAMODAR MAIN, MAHUDA					
ANKC	ANKAI					
ANKX	ANKAI MANMAD DIRECT					
ANKY	ANKAI					
ANL	ANTROLI					
ANNG	ANNANAGAR					
ANSM	NOWAGAN NO.1,MOHUDA					
ANZ	ANATTIDAL HALT					
AOCD	AOC SIDING					
AOCV	A.O.C. SDG					
AODS	ORDNANCE DEPOT SIDING, ALLAHABAD					
AOMM	M/S. AARYA OCEAN LOGISTICS PARK PVT. LTD. SERVED BY MALIYA MIYANA					
AOSG	ARVIND OIL MILLS CO. LTD. SIDING - DHULE					
APCN	APSWC M/s.CHALLA SRINIVASAREDDY&OTHERS SDG TO SERVE BY NKD					
APCO	APCO MINERAL INDUSTRIES,SDG, BG MIYAGAM KARJAM					
APF	ASHOKAPURAM					
APGP	APSEB, PADUGUPADU					
APHS	POWER HOUSE SIDING, ADRA					
APJG	GCT OF M/S ADANI POWER					
APKB	PURE BURRAGARH KANGA NO.1, BHAGA					
APLP	POL SIDING PARTAPUR					
APLS	ADANI POWER RAJASTHAN LIMITED SIDING					
APM	AMALAPURAM					
APMS	ASHOK PAPER MILL LTD. SIDING, JOGIGHOPA					
APNM	NORTH DAMODAR NO.3, MAHUDA					
APRK	PARBELIA SPUR, RAMKANALI					
APRP	PARBELIA SPUR, RAMKANALI					
APSN	ANGUS PVT SDG. NO. 2, BHADRESHWAR GHAT					
APWP	AP STATE WAREHOUSING INVESTORS GODOWN					
AQ	AJNI TRANSHIP YARD					
AQM	ADAI KALAPURAM					
ARAF	ADDITIONAL RAF SIDING, AMBALA CANTT.					
ARGI	ARANGI					
ARGT	ARABAGATTA					
ARHC	AERODROME RAIL HEAD SIDING, CHAKERI					
ARHJ	AUNRIHAR JN.					
ARIK	ARSHIYA RAIL INFRASTRUCTURE LTD.					
ARNB	AMARUN					
ARSG	CENTRAL ORDINANCE DEPOT MILITARY SDG, S/B AGRA CANTT.					
ARSR	RADHANAGAR SIDING, RADHANAGAR					
ARVY	M/S.ARV CEMENTS SOCIETY AND ACC LIMITED					
ASAB	ASST. SIDING AMLABAD NO.2 SERVED BY BHOJUDIH					
ASBB	BURRAGARH NO.1, BHAGA					
ASBK	ASSTT. SDG. BOKARO JAHRIA NO.6. KHANUDIH.					
ASCR	CHINAKURI NO.16					
ASD	AMBASAMUDRAM					
ASFC	HINDUSTAN FERTILIZER CORPN. LTD., DURGAPUR					
ASG	PRATAP SPINNING WEAVING & MFG. CO. LTD. SDG, AMALNER					
ASGN	AARTI STEELS LTD SIDING					
ASKB	KANKANEE NO.1, BHOJUDIH					
ASKR	ASHOKNAGAR ROAD					
ASLS	ANDHRA SUGARS LTD, KOVVUR					
ASMA	SUGAR MILLS, AMRITSAR					
ASNG	ASANSOL SE					
ASNJ	ASONSOL JN.					
ASNM	NOWAGAN NO.3, MOHUDA					
ASNR	SODEPUR NO.3A, RADHANAGAR					
ASPR	PARBELIA NO.10, RAMKANALI					
ASRC	EAST MOHANNAGAR CITY					
ASRD	AMRITSAR DUMP					
ASRN	SODEPUR NO.9 & 10 PITS, RADHANAGAR					
ASSA	ACC SLAG SDG, ADITYAPUR					
ASSB	AMLABAD SIDING SHEWBABUDUDIH					
ASSR	SWETALPUR NO.10, RADHANAGAR					
ASTL	ASSIT. SDG OF M/S TEXMACO LTD, BELGHARIA					
ASTS	SUPPLY & TRANSPORT SIDING, ALLAHABAD					
ASVJ	ASARVA JN.					
ASVL	ARANMANAI SIRUVAYAL					
ASW	HARSAWA					
ASWC	APSWC SIDING OWNED BY SRI NANDA KUMAR & OTHERS					
ASWS	SHAW WALLACE & CO. SIDING, AVADI					
ATLA	AGARTALA OUTAGENCY					
ATLD	ASSOCIATED TRANSPORT CORPORATION LTD, DAYABASTI					
ATLP	AJANTA TUBE LTD, PILKHWA					
ATMB	ATOMIC POWER PROJECT SDG AT TARAPUR BG, BOISAR					
ATNJ	AWATAR NAGAR					
ATPA	AWANTIPURA					
ATPR	ANANTAPUR					
ATPS	ANPARA THERMAL POWER STATION SDG, KRISHNA SHILA					
ATSA	ALLAHABAD TROOP SIDING, ALLAHABAD					
ATTB	ATARI BORDER					
ATUV	ATUL PRODUCTS LTD, VALSAD					
AUBD	ALUABARI ROAD					
AUT	AUTPUR					
AVA	AMBEWADI					
AVBH	IBH BETWEEN AB-VGM					
AVDT	TUBE PRODUCT OF INDIA SDG, AVADI					
AVH	AVIDHA					
AWBB	ANGUS ENGG.WORKS SDG.OF BRAITH WAITE(I)LTD,BHADRESHWAR GHAT					
AWCA	M/S.ANAPARTI WAREHOUSING COMPLEX PVT LTD.,SERVED BY ANAPARTI					
AWZ	AHIWARA					
AXM	AGASTI SWARAM					
AYC	AYODHYA CANTT					
AYPM	AIYANAPURAM					
AYS	ADHARSATRA HALT					
AYV	ARYANKAVU					
AZK	AZHWARKURICHI					
AZSG	AZAM JAHI MILLS, WARANGAL					
BAC	BARGACHIA					
BACP	M/S BALCO SDG, PENDRA ROAD					
BAG	BAGASARA					
BAGP	BARA GOPAL					
BAGR	BAHIR GAR					
BAIS	BARPETA AGRO INFRA SIDING					
BALT	BALTIKURI JN.					
BAMY	BANDRA MARSHALLING YARD					
BANT	BANTRA					
BARA	BILARA					
BARG	BARAR GHAT					
BASP	BIHAR ALLOY STEEL LTD. SDG, PATRATU					
BASR	BATESAR					
BAST	BASSRA COLLY.SDG					
BATA	BANTUA					
BBAS	DELTA JUTE MILL NO 1 SANKRAIL					
BBCE	BULBUL CHANDI					
BBCHT	BARH COURT HALT					
BBGS	BUDGE BUDGE GENERATING STATION					
BBI	BARA BANI					
BBJM	BUDGE BUDGE JUTE MILLS, BUDGE BUDGE					
BBLL	BALBAL SDG					
BBMT	BALARAM SIDING OF M/S MCL					
BBSB	BIJURI BALLAST SIDING					
BBSD	BIRLA SUPER BULK TERMINAL SDG, DODBALLAPUR					
BBSK	BUNKAR SDG, HSL BOLANI KHADAM					
BCBM	BALUMATH CCL SIDING					
BCCK	BULK CEMENT CORP SIDING KLMI					
BCDL	BANKOLA NO. 1 COLLIERY SIDING					
BCE	BARCEM					
BCFG	GRASIM INDUSTRIES LTD.					
BCHJ	BOCHASAN JN.					
BCKR	BANKI COLLIERY SDG, KORBA					
BCMB	BALRAMPUR CHINI MILLS LTD SDG, BALRAMPUR					
BCME	BURNCO SIDING, SITARAMPUR					
BCMT	BHARATPUR PVT SIDING OF MCL					
BCNW	BURN & CO. NO. 3 WEST SDG, BARAKAR					
BCO	BHACHAU					
BCPG	BALCO CAPTIVE POWER PLANT SDG					
BCRB	BIJURI COLLIERY SDG, BIJURI					
BCRY	BACHRA COLLIERY SIDING					
BCS	BARKUHI					
BCSA	BIRLA CEMENT SDG BG, KHORI					
BCSB	BURHAR COLLIERY					
BCSC	BIRLA CEMENT SDG, KHORI					
BCSG	BURMAH SHELL OIL CO. SIDING, BHOPAL					
BCSK	BINA PVT SIDING					
BCSL	BONDAMUNDA CENTRAL SICK LINE					
BCSP	BHURKUNDA SIDING					
BCSR	BACHRA SDG AT RAY					
BCST	BELBAID COLLIERY SIDING TAPASI					
BCSU	BANKOLA COLLIERY SIDING UKHRA					
BCSW	CEMENT WORKS SIDING BIRLA CORPORATION LTD, SATNA					
BCTL	BHANORA LOOP RLY SDG					
BCTP	BHANORA COLLIERY SIDING TAPASI					
BCW	BHAWI HALT					
BDB	VRINDAVAN					
BDGM	BUDGAM					
BDGN	BHANDEGAON					
BDIH	BANDIDIH					
BDKI	BANDIKUI JN.					
BDLN	BORDOLANI					
BDLR	BUDALUR					
BDLS	BOLANI LUMP ORE BOLANI KHADAN					
BDNK	BODINAYAKRANUR					
BDNR	BODENAR					
BDOK	BHARTIYA DOCK SIDING, HOM					
BDPR	BRINDABANPUR					
BDRD	BHADRAVADI					
BDRG	RAILWAY ELECTRIFICATION SIDING, BADNERA					
BDRI	BHADRAULI					
BDS	BARADIGHI					
BDSG	BERAR MFG. CO. MILL SDG, BADNERA JN.					
BDSR	BHADRESHWAR ROAD					
BDVS	MYSORE PAPER MILL SDG, BHADRAVATI					
BDWH	BHANDEWADI HALT					
BDYF	BINDAYAKA					
BDYX	BADNERA JN. YARD					
BECK	B.E.A. COLLY.SDG					
BECM	BENGAL EMTYA COAL MINES LTD.					
BEMR	M/S. BHATIA ENERGY AND MINERALS PVT. LTD. /ROB					
BEN	BENAPOL					
BEPR	BELAPUR CBD					
BESB	M/S BHARTIA ELEC. STEEL CO.					
BESC	BHARTIA ELECTRIC STEEL CO., BALLYGUNGE JN.					
BESG	MAHARASTRA STATE ELECT BOARD SDG, PARAS					
BESY	BELUR SCRAP YARD					
BEX	BELBONI					
BFB	BIHUBAR					
BFH	BANDHUKDERA					
BFS	BHARAWAS					
BFSG	BHARAT FORGE CO SDG, HADAPSAR					
BFTA	BHOPATPUR					
BFTL	BALLER FACTORY OF M/S TEXMACO LTD, BELGHARIA					
BGAA	BELIAGHAT LOCOSHED					
BGBG	BUDGE-BUDGE GOODS					
BGCD	BHADRESHWAR GHAT COAL DUMP SDG, BHADRESHWAR GHAT					
BGCK	BHATGAON COLLIERY SDG,KARONJI					
BGDR	BAGHDOGRA					
BGFG	GOVT. FOOD GRAIN GODOWN, BHUBANESHWAR					
BGGN	BONGAIGAON					
BGHR	BAGHERA					
BGKG	BINANI CEMENT SIDING					
BGKS	KANORIA INDUSTRIES LTD					
BGND	BAGINADI					
BGNP	BANAGANAPALLE					
BGOS	BARGOLAI COLLIERY SDG, BARGOLAI					
BGPI	BOGAPANI					
BGSB	BURRAGARH SIDING -BHAGA					
BGSN	BUFFER STORRAGE GODOWN SDG					
BGSW	BAGESHWAR O.A.					
BGTN	BHAGTANWALA					
BGTR	BGTR G.T.ROAD SDG, BELUR					
BHAE	BHADRESHWAR GHAT					
BHBG	BALLIHARI NO.11 SIDING BHUTGARIA					
BHEG	BHARAT HEAVY ELECTRICAL LTD. SIDING, KHAJRAHA					
BHEH	BHARAT HEAVY ELECTRICALS LTD, HARIDWAR					
BHEL	BHEL HALT					
BHES	BHARAT HEAVY ELECTRICAL SDG, MUKUNDARAYAPURAM					
BHHB	BHULI BLOCK HUT					
BHIG	BAJAJ HINDUSTAN LTD SDG, GOLAKOKARAM NATH					
BHLD	BHILDI					
BHLG	BAJAJ HINDUSTAN LTD SDG GOLAGOKARANNATH					
BHNG	BHALUKPONG					
BHUL	BAHAULI					
BHVP	BHAVPURA					
BHWD	BHUJVAD					
BHWY	BLOCK HUT, WALTAIR MARSHALLING YARD					
BIDD	BIDIYAD					
BIHT	BAIHATA					
BII	BORIDRA					
BIJN	BIJNI					
BIMN	BILIMORA JN.					
BIOP	BELLARY IRON ORES PVT LTD					
BIRA	BIRA					
BISG	BALLARPUR INDUSTRY SIDING, BALHARSHAH					
BJBA	BIJBIARA					
BJCB	BIJURA COLLIERY SDG, BIJURI					
BJCS	BHILAI JAYPEE CEMENT LIMITED, SAKARIYA					
BJIL	BIRLA JUTE INDUSTRIES LTD, BUDGE BUDGE					
BJIS	BIRLA JUTE & INDUSTRIES LTD. SDG, CHANDERIYA					
BJL	BRAHMAJAN					
BJM	BHAGAVATHIPURAM					
BJMS	BALLY JUTE MILLS SDG, BALLY					
BJNK	BAJEKAN HALT					
BJPF	BIJAPUR					
BJSP	BONJEMAHARI COLLY. SDG.					
BJWG	BAJWA GRP JAM PUBLIC SDG, GOP					
BJWN	BIJWASAN					
BKCP	BOKARO STEEL PLANT					
BKDC	OUTWARD YARD D CABIN OF M/S. BSL					
BKDS	DIESEL SHED SIDING, BHAGAT KI KOTHI					
BKEC	INWARD YARD E CABIN OF M/S. BSL					
BKEY	EMPTY YARD OF M/S. BSL					
BKFO	BOKARO STEEL CITY CENTRAL FREIGHT OFFICE					
BKHP	BHIKHAMPUR					
BKLS	M/S BOKARO STEEL LTD. SDG BOKARO STEEL CITY					
BKM	BANKRA					
BKNC	BIKANER CBA					
BKNJ	BIKANER JN.					
BKNM	BANKRA NAYABAJ					
BKNO	BIKNA					
BKV	BENDIKONDA					
BLAY	BELLARY JN.					
BLCC	BUKRU, LINE NO. 1 CCL SIDING					
BLCT	BELLARYCANTT					
BLDR	BALDANA ROAD					
BLE	BIRAL					
BLEY	BHILAI EXCHANGE YARD					
BLGJ	BELANGANJ					
BLJA	BHALOJALA HALT					
BLKA	BELSHAKARGA					
BLKN	BISALWASKALAN					
BLLS	BELILIOS					
BLNH	BOLENAHALLI HALT					
BLPL	BALEL PIPARIYA					
BLRS	BOULDER SIDING, MAL JN.					
BLRY	BALLARPUR COLLIERY SDG, BALLARSHAH					
BLSG	BOKARO STEEL LTD. SIDING, KHANNA BANJARI					
BLSS	BPC LTD SDG, BG SURAT					
BLUP	BELILIOS PARK					
BLUR	MLTY LOADING & UNLOADING RAMP SIDING, BEAS					
BMBJ	BAMARI BUZURG					
BMCY	BONDAMUNDA CLASSIFICATION YARD					
BMDY	BONDAMUNDA DEPARTURE YARD					
BMEY	BONDAMUNDA EXCHANGE YARD					
BMG	BAMANGACHHI					
BMHS	BPC &HPC SIDING, TONDIARPET					
BMMG	B H P SIDING MERAL GRAM					
BMNA	BAMUN GAON - ASSAM					
BMNS	BHARWOLI MANGANESE ORE BALAGHAT FOR MOIL SDG, BALAGHAT JN.					
BMOF	BOLARUM					
BMRD	BEJDIH METHANI SIDING RADHANAGAR					
BMRS	BONDAMUNDA ROH SHED					
BMSL	BONDAMUNDA MEDIUM SICK LINE					
BMTA	BELA MACHHU KANTHA					
BMX	BAMANKUWA					
BNAA	BIBHUTI BHUSHAN H					
BNAD	BHADRA					
BNAP	BANIAPUR HALT					
BNBA	BIMANBANDAR					
BNBS	NILGIRI, BALASORE					
BNCB	BHARAT EARTH MOVERS SDG, BAIVVAPPANAHALLI					
BNDB	BONDA MUNDA LINK CABIN 'B'					
BNDC	BONDA MUNDA LINK CABIN 'C'					
BNDD	BONDA MUNDA LINK CABIN 'D'					
BNDE	BONDA MUNDA LINK CABIN 'A'					
BNDG	BANDAG SIDING					
BNDR	BHANDURI					
BNGD	BOISAR NEW GOODS SHED					
BNGS	M/S SHREE CEMENT LTD SDG, BEAWAR					
BNHT	BANNIHATTI					
BNJ	BANGAON JN.					
BNKM	VINAEKMA					
BNKT	BANKAT					
BNLF	BEVINAHALU					
BNMS	MILATRY SIDING, BINNAGURI					
BNNA	BIBHUTI BHUSAN					
BNPA	BANIAPUR HALT					
BNPD	BANK NOTE PRESS SDG, DEWAS					
BNPL	BONDAPALLI					
BNPP	BAN PIMPLA					
BNPR	BANIKPUR HALT					
BNRN	BAGDOG MILTARY SDG, RANGAPANI					
BNSG	BANMOR SIDING, BANMOR					
BOA	BAHERIYA ROAD					
BOBF	BOBAS					
BOCB	BELPAHAR OPEN CAST MINES III					
BOCM	BELPAHAR OPEN CAST MINES I & II					
BOMB	BELPAHAR OPEN CAST MINES NO. 6					
BORD	BOLAGARH ROAD					
BORH	BHAORAHI					
BORT	BOLAGARH TOWN PH					
BOSG	BULK OIL SDG GHORPURI, PUNE JN.					
BOZF	BOLARUM BAZAR					
BPAG	BHARAT PETROLEUM CORPRN..LTD(LPG BOTTLING PLANT)SDNG,ASAOTI					
BPAJ	M/S BPCL SIDING					
BPAL	M/s BPCL PRIVATE SIDING					
BPBW	BEDI PORT TERMINAL SERVED BY BEDESHWAR WINDMILL					
BPCA	BHARAT PETROLEUM CORPN. LTD. SDG, AJMER MG					
BPCB	BHARAT PETROLEUM CORPN. LTD. S/B, BUDGE BUDGE					
BPCC	BHARAT PETROLEUM CORPORATION SDG					
BPCG	BHARAT PETROLEUM CORPORATION SDG, GONDA KACHAHRI					
BPCI	BHARAT PETROLEUM CORPN. LTD. SDG, IRUMPANAM					
BPCK	BHARAT PETROLEUM CORP. LTD. SIDING					
BPCL	BPC/IBP SIDING					
BPCM	BPC LTD SIDING MUGALSARAI					
BPCN	BONGAIGOAN REFINERY&PETRO CHEM COMP LTD SDG(P)MG, NEW BONGAI					
BPCP	POL SDG. FOR M/S BPCL PANEVADI					
BPCR	BPCL SIDING, KARARI					
BPHT	BADARPUR POWER HOUSE, TUGHLAKIABAD					
BPJ	BARA HAPJAN					
BPKR	BHARAT PETROLEUM CORPN. LTD.SDG,MG KHARI ROHAR ROAD					
BPMG	BPCL SIDING MANGLIAGAON					
BPMS	BENGDUBI MILTARY PROJECT SDG, RANGAPANI					
BPNA	BPCL SIDING NARAYANPUR ANANT					
BPOB	BHARAT PETROLEUM OIL DEPOT SDG BAITALPUR					
BPOI	BHARAT PETROLEUM CORPORATION LTD. PRIVATE SIDING					
BPOL	BHARAT PETROLEUM CORPORATION LTD, BAD					
BPOM	NEW PERMANENT BELPAHAR OCM SIDING					
BPOS	PUBLIC OIL SDG, BAIVVAPPANAHALLI					
BPPS	BARRACKPORE RACE COURSE SDG,					
BPQX	BALHARSHAH YARD					
BPRP	BENIPUR					
BPSI	BHATIA POL SDG,IDGAH AGRA					
BPSL	M/S BHUSHAN POWER AND STEEL LTD					
BPSR	BENGAL PAPER MILL SDG, RANI GANJ					
BPTA	INDRA DOCK					
BPTB	BALLARD PIER BPT RLY					
BPTC	COTTON DEPOT					
BPTG	GRAIN DEPOT					
BPTO	OIL-DEPOT					
BPTS	STORES DEPOT BPT RLY					
BPTV	VICTORIA DOCK BPT RLY					
BPTW	WADALA JN.					
BPUR	BAIDPUR					
BPVS	M/S BHARAT HEAVY PLANTS AND VESSELS SDG, VISAKHAPATNAM					
BQER	BAKANIAN BHAUNARI RELIANCE					
BRA	BIRSOLA					
BRAD	BARPETA ROAD					
BRAH	BRIDGE & ROOF CO. ASSISTS SDG, HOWRAH					
BRAS	BARORA RLY ASSISTED. SIDING, KATRAS GARH					
BRAU	BIRAUL					
BRBY	BARAHIBARI					
BRCA	BHITI RAWAT					
BRCB	BARODA C. B.					
BRCE	BRC E CABIN					
BRCH	BHARUCH JN.					
BRCT	BAREILLY CITY					
BRCU	BARODA RAYAN CORPORATION LTD. SDG, UDHNA					
BRCY	VADODARA MARSHALLING YARD					
BRDA	BARDIYA					
BRHM	BARHRAGRAM					
BRHT	BAILEY ROAD HALT					
BRIL	BIRAL					
BRMB	BHOWRAH NO. 2,4,5,6,16 SIDING MOHULBONI					
BRMG	BHARMAN NAIKANNA DURGA					
BRMH	BELUR MATH					
BRML	BARAMULLA					
BRMS	MANI PAHAR SDG, BIRMITRAPUR					
BRNE	BARWANI O.A.					
BRNS	BURN & CO SIDING, SALEM JN.					
BROJ	BARSOI JN.					
BROL	POL SDG. FOR M/S BPCL					
BRPH	M/S BRIDGE & ROOF PVT. SDG, HOWRAH					
BRPN	BANGAIGOAN REFINERY&PETRO CHEM COMP LTD(P)SDG BG, NEW BONGAI					
BRRB	BARGAWAN RAILWAY COAL SIDING					
BRRK	BARORA WASHERI COLLIERY. SIDING, KATRAS GARH					
BRSG	BHARAT PETROLEUM CORPORATION SIDING, TROMBAY					
BRSH	BIRLA RAYAN P.SDG NAGDA					
BRSM	BINA REFINERY PLANT SIDING					
BRT	BRAHMAVART					
BRTP	BHARATPUR JN.					
BRWN	BAHERAWAN HALT					
BRYC	BAREILLY CANTT					
BSAR	BHAIYASAR					
BSAU	BAVANA SAI ASSOCIATE SIDING SERVING APSWC					
BSBA	VARANASI JN.					
BSBS	BANARAS					
BSCB	BIHAR STATE SUGAR CORPN. SDG, BAN MANKHI					
BSCH	BIHAR STATE SUGAR CORPN. SDG, HATHUA					
BSCS	BOKARO STEEL PLANT					
BSDB	BALLAST SIDING, DAYABASTI					
BSDC	BIRDS SOUNDA-D COLLIERY SIDING PATRATU					
BSDK	BASAI DHANKOT HALT					
BSDT	BATALA STORE DEPOT, BATALA					
BSET	RSES SDG, DAHANU ROAD					
BSGE	BASKOTWA					
BSGF	BASUGAON					
BSGH	BOTHRA SHIPPING AND SERVICES AND GUPTA TRADING CO.					
BSIM	BIHAR SPONGE IRON LTD					
BSIP	BHAVNAGAR SALT INDUSTRIES LTD. SDG, BHAVNAGAR					
BSK	BALLAST SIDING/KALUMNA					
BSKI	BHARAT STATE SUGAR CORPN. SDG, SAKRI					
BSLB	BHUSAWAL B CABIN					
BSLC	BHUSAWAL C CABIN					
BSMG	BASTI SUGAR MILLS LTD SDG, GOVINDNAGAR					
BSNJ	BPCL SIDING - NJP					
BSPB	BARH SUPER THERMAL POWER PROJECT					
BSPS	BURMAH SHELL POL TANK STORAGE SDG .					
BSPU	BASAN PUR					
BSQS	BURN & CO. SILLICA, PURAB SARAL					
BSQW	BHARAT SUGAR MILLS LTD SDG, SIDHWALIA					
BSRF	BHAGWAN SAR					
BSSG	RESERVE PETROL DEPOT ASC BURMAH SHELL SDG, BHUSAVAL					
BSSS	BIHAR STATE SUGAR CORPN. SDG, SAMASTIPUR					
BSTC	BHARATPUR SILO SIDING OF MAHANADI COALFIELDS LIMITED					
BSV	BASAVAPURAM					
BTBG	BETHERIAGHOLA HALT					
BTCB	BHARAT PETROLEUM CORPN. LTD. SDG, MG BHAVNAGAR TERMINUS					
BTCP	BHANORA					
BTEM	BHARATPUR STORES MG SDG, BHARATPUR JN.					
BTES	BHARATPUR STORES BG SDG, BHARATPUR JN.					
BTGA	BHUTGORIA					
BTHN	BITHAN					
BTIA	BHATINDA A CABIN					
BTMT	BANDEL THERMAL POWER STATION					
BTNG	BHATTA NAGAR					
BTNL	BANTANAHAL					
BTPB	BOKARO THERMAL POWER SDG, BERMO					
BTPC	BAKRESHWAR THERMAL POWER PLANT SDG, CHINPAL					
BTPK	NEW BG BTPS(BELLARY THERMAL POWER STATION) SIDING					
BTPM	BANDEL THERMAL POWER STATIONS, TRIBENI					
BTPR	BHATPUR					
BTPS	BONGAI THERMAL POWER PROJECT					
BTRB	BETUR					
BTRD	BOATH ROAD					
BTRH	BHATAR					
BTSS	BARAUNI THERMAL POWER STN. SDG, SIMARIA					
BTWR	BETWA CABIN					
BURC	REWA COAL FIELD SIDING, BURHAR					
BVCJ	BHAVNAGAR CONCRETE JETTY					
BVE	BANJARI					
BVGT	BHAVNAGAR TERMINUS					
BVK	BHAVANI KUDAL O.A.					
BVRB	BHAVNAGAR DOCKS(MG)					
BVT	BIRGAHANI					
BVTD	BHAVNAGAR TIMBER DEPOT PUBLIC SDG, BHAVNAGAR TERMINUS					
BVU	BALIPARA					
BVV	BEDETTI					
BWCK	BIRLA WHITE CEMENT SIDING-KHARIAKHANGARH					
BWCM	BHARAT WAGON&ENGG CO.LTD SDG, MUZAFFARPUR					
BWCN	BOWAICHANDI					
BWDC	VIJAYAWADA WEST DESPATCH C					
BWEM	BHARAT WAGON & ENGG. WORKS, MOKAMA JN.					
BWJ	BARWADAG					
BWSB	BHOJUDIH COAL WASHERY SIDING					
BWWL	BINA WHARFWALL SIDING					
BXD	BUXA ROAD					
BXO	BOPARAI					
BXW	BARDDHAMAN					
BYFS	BOLANI FINE ORE BOLANI KHADAN					
BYG	BAHRAM GHAT					
BYK	BASTAKULHA					
BYKT	BURAKAYALAKOTA HALT					
BYSG	BYCULLA IRON WORKS SDG					
BYX	BOLANIKHADAN					
BYZ	BEGUN					
BYZA	BEGUNIA					
BZAW	VIJAYWADA WEST CABIN					
BZC	BELIATOR					
BZPH	VAZEERPUR HALT					
BZSG	ORDINANCE FACTORY SDG, BHUSAVAL					
BZT	BUNDI CITY					
BZZ	BAGDIGI HALT					
C	KIDDERPORE DOCKS					
CACS	CHHOTA AMBANA CONCRETE SLEEPER SDG					
CAE	CHANDAMETA					
CANB	CALCUTTA ANAND BAZAR					
CARD	CHARUDU					
CATR	CHHATARPUT O.A.					
CBAY	LUCKNOW YAHIAGANJ C.B.A.					
CBBR	CAVALRY BARRACKS					
CBCK	CHANCHJBMATA/DBCOLLIERY SIDING KUMARDUBI					
CBD	CHANGRA BANDHA					
CBFB	FOOD CORPORATION OF INDIA GRAIN GODOWN SDG, COIMBATORE JN.					
CBJS	SCRAP DEPOT SIDING, CLUTTER BUCKGANJ					
CBKB	CONCOR SDG BHAGAT KI KOTHI					
CBQ	CHETE BLOCK HUT					
CBRK	KANPUR RAJBIROAD C.B.A.					
CBRS	CHUNCH BR.SDG(SRI DURGA SILICATE OF SODA FY&RICE MIL,BARAKAR					
CBS	CHUNBHATI					
CBSP	GCB SIDING PRADEEP PORT, PARADEEP					
CBTN	COIMBATORE TOWN C B					
CBY	KHAM BHAT					
CBYB	KHAMBHAT					
CCAF	CHIGICHERIA					
CCB	MUMBAI					
CCC	CALCUTTA					
CCG	MUMBAI					
CCHR	CHHACHHAR					
CCIJ	CCI SIDING, JAGADHRI					
CCIK	COTTON CORP. OF INDIA LTD.					
CCIL	CONTINENTAL CARBON INDIA LTD SIDING					
CCIM	CEMENT CORPN. OF INDIA, MANDHAR					
CCIP	EXCHANGE YARD OF CCI SIDING AKALTATA					
CCIS	CEMENT CORP. OF INDIA, KURGUNTA					
CCJS	PFT of CONCOR					
CCMH	PFT OF M/S. CONTAINER CORPORATION OF INDIA LIMITED					
CCMP	CONCOR SIDING MANDIDIP					
CCOI	CEMENT CORP. OF INDIA, YERRA GUNTLA					
CCPP	CONCOR PRIVATE SIDING					
CCR	CHINCHURYIA					
CCS	M/S CENTURY CEMENT, TILDA					
CCSA	CEMENT CORPN OF INDIA SIDING AKALTARA					
CCSB	M/S CHURCHA COLLY. BAIKUNTHAPUR					
CCSD	CHARGAON COLLIERY SIDING, MAJRI JN.					
CCSP	CHASNALA COLLIERY SIDING PATHERDIH					
CCSR	CHURI SDG AT RAY					
CCSS	CHELODE A COLLY.SDG					
CCST	CEMENT CORP. OF INDIA, TANDUR					
CCTA	CONCOR CONTAINER TERMINAL ANKLESHWAR					
CCTB	CONCOR CONTAINER TERMINAL SIDING VADODRA YARD					
CDF	CHINADODDI GALLU					
CDNA	CHANSHWAR STHAN					
CDO	CHANDIPUR B.H.					
CDP	CHANDPARA					
CDSN	CONTAINER DEPO SIDING NEW NGSM					
CDV	CHANDARWA					
CDX	CHAMPADANGA					
CEA	CHETLA					
CECP	C K EAST COLLIERY SIDING PATHERDIH					
CED	COSSIPORE ROAD					
CEDC	COSSIPORE CONTAINER RAIL TERMINAL					
CEK	LUCKNOW					
CEN	CHENNAI CENTRAL					
CEO	CHERO					
CESC	CESC COSSIPORE ROAD					
CESG	ASSOCIATE CEMENT CO. SIDING, GHUGUS					
CFC	UP GOVERNMENT CEMENT FACTORY SIDING, CHURK					
CFCC	CHANGSARI FCI SIDING					
CFCS	CHAMBAL FERTILIZERS & CHEMICAL LTD., BHONRA					
CFCV	CONTAINER FREIGHT STATION VSKP					
CFDI	CENTRAL FOOD DEPOT, BUDGE BUDGE					
CFDJ	GFD SIDING					
CFDN	GFD SIDING					
CFDS	CEMENT FACTORY OF M/S IDC BARGARH					
CFFK	CATTLE FEED FACTORY SDG, KANJARI BORIYAVI JN.					
CFGS	FCI SDG, CUTTAK					
CFMS	UNIVERSAL FERRO ALLIED CHEMICALS LTD, TUMSAR ROAD					
CFO	TATA NAGAR CENTRAL OFF					
CFS	FOOD CORPN OF INDIA SANATNAGAR					
CFSL	C.G.F.G. SIDING, LUCKNOW					
CFVS	COROMANDAL FERTILISER SDG, VISHAKHAPATNAM PORT					
CGB	CHAGAN HALT					
CGDM	CONCOR SIDING GANDHIDHAM					
CGM	CHARGAON COLLIERY SDG.					
CGMD	GATI SHAKTI MULTI-MODAL CARGO TERMINAL OF M/S CONCOR FROM DAHEJ					
CGMS	MILITRY SDG, CHANGSARI					
CGMV	GATI SHAKTI MULTI-MODEL CARGO TERMINAL OF M/S CONCOR FROM VARNAMA					
CGPT	M/S. CONCOR GREEN FIELD PFT					
CGVS	FOOD CORPORATION OF INDIA GRAIN GODOWN SDG,CHINGAVANAM					
CHAS	CHAS					
CHBJ	CHANNAI BRIJALALPURA					
CHF	MUMBAI					
CHGR	CHHANA GHAR					
CHII	CHIRAI					
CHKQ	MLTY SDG N.R, CHAKKI BANK					
CHLD	CHITALDA					
CHLS	LAY-BAY SIDING, COCHIN HARBOUR TERMINUS					
CHLT	CHILAHATI					
CHMA	CHARMURIA					
CHNU	CHHANVA					
CHOD	CHARDUAR					
CHPG	CHHAPRA GRAMIN					
CHPU	CHUTTAKPURI					
CHRD	CHARODIYA					
CHRI	CHARHI					
CHTC	CONCOR - RAIL CONTAINER TERMINAL					
CHTS	COCHIN HARBOUR TERMINUS					
CHY	COCHIN YARD					
CIIB	CALTEX					
CILI	M/S ORISSA INDUSTRIES LTD, LATHI KATA					
CILN	COAL INDIA LTD					
CIMB	CENTRAL INDIA MACHINERY MFG CO.LTD SDG, BG, BHARATPUR JN.					
CIMP	CENTRAL INDIA MACHINERY MFG CO.LTD SDG, MG, BHARATPUR JN.					
CIPB	CIMMCO PVT SDG, BHARATPUR					
CJC	CHORD JN SDG S/B WALTAIR, VISAKHAPATNAM					
CJMK	CRAIG JUTE MILL SDG, KANKINARA					
CJMS	CALEDOMIAN JUTE MILLS, BUDGE BUDGE					
CKC	CHAKICHERLA					
CKLI	CHAK KALI HALT					
CKSS	KARNATAKA STATE SMALL INDUS. DEVELP.CORPN. SDG, CHANNASANDRA					
CKWP	C K WEST COLLIERY SIDING PATHERDIH					
CKY	CHAKRA					
CKYR	CONCOR SIDING KHODIYAR					
CKZ	CHIKKURU					
CLL	CHANDITALA					
CMB	CHAMBA O.A.					
CMBR	CHEMBUR					
CMCK	CONCOR MULTIMODAL CONTAINER TERMINAL SERVED BY KHEMLI					
CMCN	DOMESTIC CONTAINER TERMINAL SIDING OF M/S CONCOR					
CMCP	CHETTINAD MANGALORE COAL TERMINAL PVT. LTD. PRIVATE SIDING					
CMCT	CONTINENTAL MULTIMODAL TERMINAL LTD					
CMDG	CHAMARDIGHI					
CMFS	FOOD GRAIN SIDING					
CMG	CHIKMAGALUR O.A.					
CMJF	CHAMARAJAPURAM					
CMLK	GREENFIELD PFT OF CONCOR NEEMRANA SERVED BY KATHUWAS					
CMM	CHAK MAHARAJKAR					
CMNI	MANIHARI COAL SIDING, MANIHARI					
CMPF	CHROMEPET					
CMRL	CHAMRAIL					
CMSG	CENTRAL ORDINANCE DEPOT, DEHU ROAD					
CMSN	CHEOKI MILITARY SIDING SERVED BY NAINI JN.					
CMTJ	COIMBATORE JN.					
CNAS	THE BIRLA CEMENT WORKS SDG					
CNBE	KANPUR. C.T.E. CABIN					
CNBW	KANPUR C.W.CABIN					
CNCC	NORTH CHIRMIRI COLLEIRY SIDING, CHIRMIRI					
CNDY	CHANDERIYA					
CNGP	M/S CESC LTD., TITAGARH					
CNGS	CHANG SARI					
CNGT	GUNTUR CONCOR SIDING					
CNPA	CHANNARAYAPATNA					
CNPT	CHENGALPATTU JN.					
CNRF	CHANDRA					
CNV	KINATTUKKADAVU					
COAS	AP GOVT. HSL PRODUCTS LTD., KAKINADA PORT					
CODC	COD SIDING, DELHI CANTT					
CODD	DELHI CANT CODS SIDING					
CODK	COD PHASE-1 SIDING, KANPUR CENTRAL					
CODS	COD SIDING,, CHHEOKI					
CODX	C.O.D SDG, KANPUR CENTRAL					
COF	COROMANDEL FERTILISER SDG, ENNORE					
COFS	CROSS OVER TP2 ORDNANCE FACTORY SIDING, KANPUR CENTRAL					
COIB	COMBINED OIL INDUSTRY AT SOMENATHOPUR OF M/S. HPCL					
COIS	WHEELS AND AXIE PLANT					
COLN	COAL INDIA LTD					
COLS	BHARAT EARTH MOVERS SDG, COROMANDEL					
COTY	CONCOR SIDING-TONDIARPET MARS.YARD.					
CPAE	CPAE					
CPBT	BHOSATOLI C.B.A					
CPC	KANPUR CENTRAL G/SHED					
CPCS	CENTRAL PIT COLLIERY SDG.					
CPFS	CONCOR PFT AT NEW SWARUPGANJ SERVED BY NEW SWARUPGANJ					
CPHC	PONDRI HILL COLLIERY SDG, CHIRMIRI					
CPIB	CONCOR OF M/S. CONCOR					
CPJF	KAPTANGANJ JN.					
CPMG	KANPUR(MOOLGANJ) CBA					
CPML	CENTURY PULP & PAPER MILLS LTD. LALKUA					
CPMU	CENTRAL PULP MILLS LTD, SDG, UKAI SON GADH					
CPRD	CHAMPANER ROAD					
CPRK	CHAPRAKATA					
CPSG	ORDINANCE DEPOT SDG, SHELARWADI					
CPSM	KANPUR CBSA					
CPWD	CPWD SIDING, DELHI SAFDARJUNG					
CPWS	CROMPTON GREAVES LTD. SDG, BHANDUP					
CPX	KANPUR ORDNANCE INSPECTORATE SIDING, KANPUR CENTRAL					
CRA	CHURULIA					
CRAH	CHARA					
CRCC	CHINCHWAD CONTAINER DEPOT					
CRDA	CHAKARDAHA HALT					
CRF	CHIRMIRI ROAD					
CRFB	CHUNCH NO. 2					
CRMM	MIRAJ CONTAINER DEPOT					
CRMS	MILITARY SIDING, CHANDARI					
CRNM	CONTAINER DEPOT NEW MULUND					
CRPD	CENTRAL DESPATCH YARD AND ORE TIPPLER NO.4 & 5 OF M/S RINL.					
CRS	CHAURASHI					
CRTC	FCI SIDING NEW BONGAIGAON-NEW BONGAIGAON					
CRTK	TURBHE CONTAINER SIDING					
CRTM	COURTLIM					
CSAS	STEEL AUTHORITY OF INDIA SDG, CHANNASANDRA					
CSCL	M/S CALCUTTA STEEL COMPANY LTD PVT SDG					
CSCP	CENTRAL SOUNDA COLLIERY SIDING PATRATU					
CSDJ	CSD SIDING					
CSDS	SLEEPER DEPOT SIDING, CLUTTER BUCKGANJ					
CSGH	CALTEX SIDING, HANUMANGARH					
CSGJ	M/S. CHHATTISGARH STATE POWER GEN. CO. LTD.					
CSID	COLLIERY SIDING PALACHOURI-JUNNERDEO					
CSJM	SRI GOURI SHANKER JUTE MILLS, SHYAM NAGAR					
CSPD	CSP SIDING/DONGARGARH					
CSPJ	CSD SDG					
CSPS	CENTRAL SCREENING PLANT, MANUGURU					
CSRP	CONCOR SIDING AT RSD,RAIPUR					
CSRR	CONCOR DEPOT SIDING RAVTHA ROAD					
CSSD	CSD SDG					
CSSI	FOOD & SUPPLY GOVT. OF WEST BENGAL, COSSIPORE ROAD					
CSTN	SANATNAGAR CONCOR SIDING					
CTCL	CHEVIOT CO. LTD., BUDGE BUDGE					
CTCS	CONCOR TERMINALS AT SHALIMAR					
CTCT	CONCOR TERMINALS AT TATANAGAR					
CTDI	CONCOR TERMINAL DURGAPUR					
CTGH	CHITTAURGARH					
CTGN	MUMBAI					
CTKR	CONCOR TERMINAL KOPT COAL DOCK ROAD					
CTMF	KATTANGULATUR					
CTPD	C T P S SIDING DUGDA.					
CTPS	THERMAL POWER STN. SDG, CHANDRAPURA(CRP)					
CTRP	CHHATRAPURA					
CTU	CHHATAPUR ROAD(HALT)					
CTY	CHINTAPARTI HALT					
CUBG	CUDDALORE PORT JN. BG NEW					
CUTR	CHAUTARA					
CVDS	CUDDALORE BEACH SDG, CUDDALORE PORT JN.					
CVPS	CAUVERY PUBLIC SIDING, CAUVERY					
CVU	CHEVURU					
CWAN	CHHINWARA JN					
CWCB	CENTRAL WARE HOUSING CORPORATION , BAMANHERI					
CWCC	WEST CHIRAMI COLLIERY SDG, CHIRMIRI					
CWCJ	M/S. CONTINENTAL WAREHOUSING CORPORATION					
CWCK	CENTRAL WARE HOUSING CORPORATION, CHAKIBANK					
CWCN	CENTRAL WARE HOUSING CORPORATION, NOLI					
CWCP	CENTRAL WARE HOUSING CORPORATION, PILKHANI					
CWHB	CENTRAL WARE HOUSING CORPORATION SIDING, BHAGTANAWALA					
CWHC	CENTRAL WAREHOUSING CORP., MIRAJ					
CWHN	CWC SDG, NABHA					
CWHR	CENTRAL WAREHOUSING CORP., RAYANAPADU					
CWHS	CENTRE WAREHOUSING SIDING, KHANDWA					
CWJ	KERUGANJ					
CWT	CHOWHATTA					
CYB	CAMBAY BANDAR					
CYR	MUMBAI					
CZSD	DEBARI ZINC SDG, DEBARI					
DABD	DEFENCE ARSONAL SIDING, ALLAHABAD					
DADN	DR. AMBEDKAR NAGAR					
DAFS	AOC FIELD SDG, DIGBOI					
DAOR	A.O.C. REFINERY SDG, DIGBOI					
DASG	DEHU AMMUNITION DEPOT, SHELARWADI					
DATR	DAITARI					
DAY	DAYADARA					
DAYG	DARIYAGANJ					
DBCP	DALURBRANCH COLLIERY SIDING PANDABESWAR					
DBCS	DB COLLIERY SIDING, TALCHER					
DBGF	DARBHANGA JN.					
DBHL	DOBH BAHALI					
DBLC	DABLA JN. CABIN					
DBMS	DAHAR KA BALAJI MILITARY SDG, DANKUNI					
DBNK	DERABABA NANAK F					
DBOU	DABHAU					
DBSC	DBSI BYEPASS A CABIN					
DBSD	DONGRI BUZURG SDG., DONGRI BUZURG					
DBSG	GWALIOR SUGAR MILL SIDING, DABRA					
DBTK	DRY BULK TERMINAL-TEKRA					
DBW	DUBIA					
DBYC	DUGDA LINE NO.3 BOX YARD PUBLIC SIDING					
DCC	DATIVLI CHORD CABIN					
DCCK	DOMESTIC CONTAINER TERMINAL CONCOR SERVED BY KHODIYAR					
DCCS	DAULATABAD CONCOR SIDING					
DCFS	DALMIA DADRI CEMENT LTD, CHRKHIDADRI					
DCH	DINHATA COLLEGE HALT					
DCPG	M/S DIAMOND CEMENT PRIVATE LTD.,					
DCPT	DIAMOND CEMENT SIDING, PARICHA					
DCSA	SHREE DIGVIJAY CEMENT CO LTD SIKKA					
DCSD	M/S DUMAN HILL COLLIERY, DARRITOLA					
DCSG	EAST DONGERCHIKLI COLLIERY SDG, PARASIA					
DCSK	DAKRA MANUAL SDG					
DCSM	DAMADAR CEMENT & SLAG CO. LTD, MADHU KUNDA					
DCSN	DUDHI CHUA SIDING SHAKTI NAGAR					
DCSP	DAMAGORIA COLLIERY SIDING SALANPUR					
DCSS	DIGVIJAY CEMENT PVT SDG, SABARMATI JN.					
DCWM	DISTILLERY CHEMICAL WORKS LTD. SDG,MAJHOLA PAKARIA					
DCWS	DIESEL COMPONENT WORKS SIDING, PATIALA					
DDCL	DOMVIVALI CONTROL CABIN					
DDCW	DUGDA COAL WASHERY SDG					
DDG	DIGHA GHAT					
DDGS	DUMDUM BRANCH GUN SHELL FY SDG, DUM DUM CANTONMENT					
DDIP	DEEP DRAUGHT IRON ORE AND COAL BERTHS OF M/S PPT					
DDKN	DODDA KAMALI					
DDQ	DHAN DHUKA CITY					
DDRK	DEFENCE DEPOT RAMPS AND DEPT SIDING, KARTARPUR					
DDSG	DIAMOND CEMENT SIDING, DAMOH					
DDSJ	DEFENCE DEPTT SIDING, JULLUNDUR CANTT					
DDSN	DDA SIDING, NAYA AZADPUR					
DDSP	DEEP DRAUGHT IRON ORE AND COAL BERTHS OF M/S PPT PHASE-II					
DDT	DADDA NETTA					
DDU	PT.DEEN DAYAL UPADHYAYA JN.					
DDVC	DVC SDG, DURGAPUR					
DDZ	DADGAON					
DEBS	DELHI CANTT BG MILITARY SIDING, DELHI CANTT					
DED	DANDELI					
DEH	DIARA					
DEMS	DELHI CANTT MG MILITARY SIDING, DELHI CANTT					
DEY	DHAR O.A.					
DFB	DUFFERIN BRIDGE CABIN					
DFCI	FOOD CORPORATION SDG, DURGAPUR					
DFG	DINDIGUL JN.					
DFGS	DAURAI FOOD CORPN. OF INDIA LTD. SDG, DAURAI					
DFN	DHANI RATHAURAM					
DFSD	FOOD CORPN. OF INDIA, DANKUNI					
DGCW	DURGAPUR CEMENT WORKS, ANDAL JN.					
DGF	DHAGARIA					
DGFA	DAIRY FARM & GRASS FARM SIDING, AMBALA CANTT.					
DGFJ	DAHEJ					
DGHL	DIGHAL					
DGHT	DIGHA HALT					
DGRN	DFCCIL GATI SHAKTI MULTI-MODAL CARGO TERMINAL AT NEW REWARI					
DGSC	DUGDA					
DGTB	DEKAR GAON					
DGTP	DVC THERMAL POWER STN SDG, WARIA					
DGV	DAS GAON					
DGWR	DIGHWARA					
DGZ	DEVIGANJ(HALT)					
DHAT	DHAT					
DHBR	DHIBAR					
DHF	DAHEJ					
DHM	DADHALINAM					
DHNF	DHINDA					
DHPS	BHATPARA POWER HOUSE SDG, KANKINARA					
DHRL	DHROL					
DHSD	M/S DUMAN HILL COLLIERY, DARRITOLA					
DHVR	DHANVALA WADA					
DICD	INLAND CONTAINER DEPOT DHANDARIKALAN					
DIGI	DIGGI					
DIM	DHANSIMLA					
DIPA	DIPA HALT					
DIQ	DINAGAON					
DISD	BG DEFENCE INSTALLATION SIDING, DELHI CANTT					
DIT	DOHRI GHAT					
DJF	DAURAJI PVT. SDG, DHORAJI					
DJJ	DAIJAR					
DJMS	DELTA JUTE MILL SANK RAIL NO. 2, SANKRAIL					
DJNJ	DEGANA JN.					
DJOS	OIL INDIA					
DJPD	DHARMUI JAGHINA POL SDG, DUM					
DJR	DOMJUR					
DJY	DHALBAJ ROAD					
DKB	DAKSHIN BARI					
DKNG	INDIAN OIL CORP. LTD.					
DKNS	OIL TERMINAL SDG FOR IOC, BPC & HPC, DEVAN GONTHI					
DKP	DHANUSHKODI PIER					
DKPM	DEKAPAM HALT					
DKRD	MUMBAI					
DKSA	DRAKSHARAMA					
DKSK	DUMRIKHURD SIDING SERVED BY KANHAN					
DLBS	DURG LINK BLOCK STATION					
DLCT	DELHI CANTT					
DLIB	M/S DISTRIBUTION LOGISTICS INFRASTRUCTURE PVT.LTD.					
DLKA	DELHI KAROL BAGH					
DLKL	DAL KOLHA					
DLM	DASKALGRAM					
DLNA	DHELANA					
DLSM	DELHI SUBZI MANDI CBA					
DLTR	DAULATPUR					
DLV	DOLAVALI					
DM	DIMOW HALT					
DMC	DHEMAJI					
DMCK	M/S CHIDAMBARA CHEMICALS & FERTILIZERS LTD., KUMHARI					
DMFS	FCI SIDING					
DMGS	DAMAGORIA COLLY.SDG					
DMJD	DAMANJODI					
DMJG	DHARAMJAIGARH					
DMJR	DOMJUR ROAD					
DMKR	DUMKA O.A.					
DMLI	DAMLAI					
DMRJ	DHARMAVARAM JN.					
DMRS	MILITARY RAMP SIDING, DHABALAN					
DMSA	DHEMO MAIN COLLY.SDG					
DMSF	DOLOMITE SIDING-FALAKATA					
DMSG	DEVLALI MILITARY SIDING, DEVLALI					
DMSJ	DAULATPUR SDG and MINERAL SDG , JMP					
DNC	DRONACHALLAM JN.					
DNCP	DHORIL/ NO. 1 & 3 COLLIERY SIDING PHUSRO					
DNCS	DHORI /N S D COLLIERY SIDING PHUSRO					
DNGI	DANGARI					
DNI	DANSI					
DNKF	DHANAKAYA					
DNSD	DHORI NSD COLLY. SIDING,PHUSRO, LINE NO. II					
DNTA	DANTRA					
DNTL	DANG TAL					
DNWR	DHANWAR					
DOI	DOMOHANI					
DOKA	DOKRA BLOCK HUT					
DOWM	DOWLAISWA RAM					
DPCB	M/S DHAMRA PORT COMPANY LIMITED SIDING					
DPCS	PHILIPS CARBON BLACK(DIB) SDG, DURGAPUR					
DPF	DABPAL					
DPLI	DAPOLI CABIN					
DPMS	DADHAPARA MILITARY SDG, DADHAPARA					
DPMT	M/S DP WORLD MULTIMODAL LOGISTICSHYDERABADPRIVATELIMITED					
DPN	DIPNAGAR					
DPRT	DUTTAPAHAR SIDING, RAMTEK					
DPSB	NEW BHADAN					
DPSC	DUGDA LINE NO.5 PUBLIC SIDING					
DQL	DHALAIBIL					
DQS	DHANSAR					
DRGD	DHARANGANDHRA JN.					
DRJ	DADAR JN.					
DRJI	DAROJI					
DRJR	DUMRI JUARA HALT					
DRMT	DHRU MATH					
DRT	DRONAGIRI RAILWAY TERMINAL					
DRTA	DRONAGIRI RAIL TERMINAL					
DSAC	DELHI SHADHARA CITY BOOKING AGENCY					
DSBF	FALKATA SDG					
DSBG	DEFENCE YARD SDG, BABINA					
DSCN	DNASN-I					
DSEY	DURGAPORE STEEL EXCHANGE YARD SIDING, ANDAL JN.					
DSFC	SRI RAM FERTILIZERS & CHEMICALS SDG, DADHDEVI					
DSGC	DEFENCE SIDING, CHAREWAN					
DSGD	DEFENCE SIDING, DASUYA					
DSGF	DEFENCE SIDING, FATEHGARH CHURIAN					
DSGM	DEFENCE SIDING, MUKERIAN					
DSGR	DIPIKA COLLIERY SIDING-I					
DSJN	DAS NAGAR					
DSKP	D.S.K.P SIDING, KATHUA					
DSKS	DSK MARSHALLING YARD WALTAIR, VISAKHAPATNAM					
DSLD	DCM SHRIRAM LIMITED SIDING SERVED BY DADHDEVI					
DSLP	DESHALPUR					
DSMD	DHAMPUR SUGAR MILLS, DHAMPUR					
DSMS	DAULATPUR SDG & MINERAL SDG , JMP					
DSPL	DASPALLA					
DSRD	DESAR ROAD					
DSRL	DELHI SARAI ROHILLA					
DSRP	DIESEL LOCO SHED/ RAIPUR STORE DEPOT					
DSTC	DALOMITE SDG					
DSTP	DURGAPUR STEEL THERMAL POWER STATION					
DSVS	D.SAMUDRAVALLI					
DSWD	DAURALA SUGAR WORKS, DAURALA					
DSZ	DHARMASASHAN					
DTCC	DATIVLI CHORD CABIN					
DTCK	DISTILLERIES TDG CORPN. LTD. SDG, MG,KANDLA					
DTCP	DOBARI NO.2 COLLIERY SIDING PATHERDIH					
DTD	DASALWADA-ANTROLI ROAD					
DTG	DIGNAGAR					
DTK	DATTAPUKUR					
DTQS	DITOCK CHERA QUERY SIDING, DITOKCHERRA					
DTSG	WESTERN MAHARASTRA DEVELOP. CORPRN. DISTILLARY SDNG,CHITALI					
DTY	DEHRI CITY					
DUF	DUBALVEL					
DUGD	DUGDA WASHERY					
DUL	DULALA KUNTA					
DUQ	DUKHNAWARAN					
DUS	DULRASAR HALT					
DUT	DUM DUMA TOWN					
DUTR	DURIATANR HALT					
DUV	DUNGARPUR QUARRY					
DUW	DUGDA COAL WASHERY SIDING					
DUY	DUMIYANI					
DVBR	DVC SDG, BARAKAR					
DVP	DEVARAYA PATNA					
DVRD	DEVALIA					
DWAR	DEWAR					
DWH	DEWHADA KHURD					
DWHE	DEWHADA KHURD EAST					
DWHW	DEWHADA KHURD WEST					
DWRK	DEWRI RUKHARA					
DWWS	DUDHICHUA WHARFWALL SDG					
DYDY	DEPARTURE YARD, WALTAIR MARSHALLING YARD					
DYG	DHUBRI GHAT					
DYNR	DAYANANDNAGAR HALT					
DYSG	DEFENCE YARD SDG, JHANSI					
EBKT	EAST BASURIA COLLIERY					
EBPN	EVEREST BUILDING PRODUCT LTD. SDG, NANWARA					
EBPS	BHARAT PETROLEUM CORPN.LTD SDG - ERNAKULAM					
EC09	CHAMPAPUR HALT					
EC14	BLOCK HUT B					
EC32	IMLIBHAGA HALT					
ECAB	E CABIN, WALTAIR MARSHALLING YARD					
ECCK	EXTRA CHANCH COLLIERY SIDING KUMARDUBI					
ECPS	MPT SATALITE PORT AT ENNORE SDG, ATTIPPATTU					
ECYS	COCHIN SHIP YARD SDG, ERNAKULAM JN.					
EDN	EDAMANN					
EDP	EDAPALAYAM HALT					
EFSG	ORDINANCE FACTORY SDG, AMBAJHARI, NAGPUR					
EGPR	GALVANISED PLANT ENGG SDG, RAIPUR					
EIML	EAST INDIA MINERAL LTD. SIDING					
EKNR	EKTA NAGAR					
ELG	ELANGAKURICHI					
ELPM	END LOADING PLATFORM, MAKHU					
ELRA	M/S ADANI AGRI LOGISTICS LTD PVT SIDING, ELAVUR					
ELRF	MILITARY RAMP SIDING END LOADING PLATFORM, FARIDKOT					
ELRK	MILITARY END LOADING RAMPS					
ELRM	MILITARY RAMP SIDING END LOADING, MAKHU					
ELRS	SAKTHI PIPES LTD. SIDING, ELAVUR					
ELRT	MILITARY RAMP SIDING END LOADING, TALWANDI					
EMIJ	M/S ESSEL MINING OF INDUSTRIES LTD S PVT SIDING					
EMSB	EDWARD MILLS CO.LTD, MG, BEAWAR					
EMTY	EMPTY YARD, VSPS					
ENDS	COLLIERY STORE & WORKSHOP SDG, MARGHERITA					
ENF	ISAND					
ENG	ECHANUGGURREE					
ENRP	EID PARRY SIDING, ENNORE					
ENRS	ENGINEERING SIDING					
ENTS	TNEB ENNORE THERMAL SCHEME SDG, ENNORE					
EOLD	M/S NAYARA ENERGY LTD					
EPDS	ENGINEERING PARK DEAD END SDG, DELHI CANTT					
EPHI	ELECTRIC POWER HOUSE					
EPHN	ELECTRIC POWER HOUSE					
EPLS	ENNORE PORT LTD. SIDING					
EPSG	GHORPURI ENGINEERING PARK SPUR SDG					
EPSP	ENGINEER PARK SIDING , PHUSMANDI BHATINDA CANTT.					
ERG	ERNAKULAM					
ERM	ERNAKULAM MARSHALLING YD CABIN					
ERMC	ERNAKULAM MARSHALLING C CABINE					
ERMD	ERNAKULAM MARSHALLING D CABINE					
ERNC	ERNAKULAM TOWN CABIN					
ERNF	FERTILIZER & CHEMICALS TRAVANCORE SIDING, ERNAKULAM TOWN					
ERNS	COCHIN REFINERIES LPG SDG, ERNAKULAM TOWN					
ERO5	TP NO 6/3					
ERPS	COCHIN REFINERY POL SDG, ERNAKULAM TOWN					
ESCL	ELECTRO STEEL COSTING SDG, SODPUR					
ESD	ENGINEERING SIDING					
ESDS	E.RLY STORE DEPOT.(DEPTT.), NAIHATI JN.					
ESEF	INDIAN OIL CORP. SDG NO.2, CHENNAI BEACH JN.					
ESEG	INDIAN OIL CORP. SDG NO.2, CHENNAI BEACH JN.					
ESSG	ENGINERING STORE TRANSIT DEPOT, SHELARWADI					
ETPS	ETP SIDING, SUJANPUR					
EWMD	EGERTON WOOLEN MILLS , DHARIWAL					
EXYD	BHILAI EXCHANGE YARD					
FBDO	FARRUKHABAD CBO					
FBGA	FORBEBGANJ					
FBPS	FARAKKA BARRAGE PROJECT SDG, TILDANGA					
FBSG	FCI					
FBWP	FLASHBUTT WELDING PLANT					
FBWS	M/S FLASH BUTT WELDING SDG, JHARSUGUDHA JN.					
FCA	FCI SDG					
FCAB	F CABIN, WALTAIR MARSHALLING YARD					
FCB	FOOD CORPORATION OF INDIA,BILASPUR					
FCBG	FOOD CORPORATION OF INDIA, NUZVID					
FCBK	FCI SIDING(PVT) BINDUKURI					
FCC	FOOD CORPORATION OF INDIA SDG, GORAKHPUR CANTT.					
FCD	FCI SDG DHN SDG, DHANBAD JN.					
FCDB	FOOD CORPORATION OF INDIA SIDG, DELHI CATT					
FCDG	FCI SDG, DIGHA GHAT					
FCDM	FOOD CORPORATION OF INDIA SDG, DELHI CANTT					
FCE	FOOD CORPORATION OF INDIA NARELA					
FCG	FOOD CORPORATION OF INDIA , GHEVRA					
FCGC	M/S FCI, GATI SAKTI MULTI-MODEL CARGO TERMINAL AT CINNAMARA					
FCGD	FCI SIDING-GODHRA					
FCGM	FCI SIDING - GANDHIDHAM					
FCGR	FOOD CORPORATION OF INDIA, GURDASPUR					
FCGS	FOOD CORP. OF INDIA, KRISHANA CANAL					
FCGV	FOOD CORP. OF INDIA, GUDIVADA					
FCIB	FOOD CORPORATION OF INDIA, BARABANKI					
FCIC	FOOD CORP. OF INDIA, CHARLAPALLI					
FCID	FOOD CORPORATION OF INDIA DHURI					
FCIE	FOOD CORPORATION OF INDIA SDG					
FCIF	FCI SIDING					
FCIG	FCI NEW SDG, VISHAKHAPATNAM PORT					
FCIJ	FOOD CORP. OF INDIA SDG, JAMIKUNTA					
FCIK	FOOD CORP. OF INDIA SDG, KHAMMAM					
FCIL	FOOD CORPORATION OF INDIA SDG, LALGARH					
FCIM	FOOD CORP. OF INDIA, MIRVALAGUDA					
FCIN	FERTILIZER CORPRN OF INDIA SDG LTD(MG), NAKAHA JUNGLE					
FCIP	M/S FCI SDG, ADRA					
FCIR	FOOD CORP. OF INDIA RAJAHMUNDRY					
FCIS	FERTILIZER CORP. OF INDIA SDG, RAMGUNDAM					
FCIT	FOOD CORPORATION OF INDIA, VENKATACHALAM					
FCIV	FOOD CORPN. OF INDIA, KANDIVLI					
FCIZ	FOOD CORP. OF INDIA, ZANGALAPALLE					
FCK	FCI SDG, KALYANI					
FCKR	FCI SIDING KUR					
FCKS	FERTILIZER & CHEMICAL TRAVANCORE SDG, KALAMASSERI					
FCMA	FOOD CORPORATION OF INDIA, MOGA					
FCMB	FCI MASSANORY GODOWN SDG, COCHIN HARBOUR TERMINUS					
FCMH	FCI SIDING S/B MANDIR HASAUD					
FCMI	FCI SIDING MOKAMA					
FCN	FERTILIZER CORPORATION OF INDIA SDG, NAKAHA JUNGLE					
FCON	CONTAINER SIDING FATUHA					
FCOP	FOOD CORPORATION OF INDIA SDG, PILAMEDU					
FCP	FOOD CORPORATION OF INDIA, PEHOWA ROAD					
FCPA	FOOD CORP. OF INDIA, PENNADA AGRAHARAM					
FCPB	FCI PREFABRICATED GRAIN GODOWN SDNG,COCHIN HARBOUR TERMINUS					
FCPD	FCI PVT. SDG, DANAPUR.					
FCPP	F.C.I SDG NO.1, PANIPAT					
FCPS	FERRO CHROME PLANT, JEYPORE KEONJHAR RD					
FCS	FOOD CORP. OF INDIA, SANAT NAGAR					
FCSA	FOOD CORPORATION SDG, AVADI					
FCSB	FERTILISER CORPN. OF INDIA LTD., BAUDPUR					
FCSC	FOOD CORPORATION OF INDIA, CHANDARI					
FCSD	FOOD CORPORATION OF INDIA, SIRSA					
FCSH	FOOD CORPORATION OF INDIA, HAPUR					
FCSJ	FOOD CORPORATION OF INDIA, JAMMU TAWI					
FCSK	FOOD CORPORATION OF INDIA, KOTKAPURA					
FCSM	FCI LTD SDG, SAWAI MADHOPUR JN.					
FCSN	FOOD CORPORATION OF INDIA, NARWANA					
FCSP	FOOD CORPORATION OF INDIA, PATIALA					
FCSS	FOOD CORPORATION OF INDIA, SANEHWAL					
FCST	FOOD CORP. OF INDIA, SAMALKOT					
FCT	FERTILISER CORPORATION OF INDIA LTD SDG, TALCHER					
FDBA	FAIZABAD C.B.A					
FDBR	FERTILISER HANDLING SIDING OF M/S DPCL					
FDM	FCI SIDING DHAMORA					
FDSG	SPECIAL RLY SDG, FARIDABAD					
FFSB	FCI SDG, BUXAR					
FFSG	FILLING FACTORY SIDING, BHANDAK					
FGCN	FATEHGARH CHURIAN					
FGD	FAZALGANJ GOODS DEPOT, KANPUR CENTRAL					
FGDA	ADANI AGRI LOGISTICS LTD DAGRU					
FGFS	FIELD GUN FACTORY SIDING, KANPUR CENTRAL					
FGJ	FATEHGARH JODHEWALA					
FGN	FAGUNAGAON					
FGNG	FAGUNAGAON					
FGS	FORT GLOSTER					
FGSG	FOOD CORPORATION SIDING, AGRA CANTT.					
FGTP	FEROZE GANDHI THERMAL POWER PROJECT SDG					
FHR	FARHANTNAGAR HALT					
FID	FOOD CORPN. OF INDIA SDG, MG, DAURAI					
FIG	FOOD CORPORATION OF INDIA SDG, GANDHI DHAM					
FIH	FCI SIDING HUBLI					
FIK	FOOD CORPORATION OF INDIA SDG, GONDA KACHAHRI					
FIS	FOOD CORPORATION OF INDIA SDG, SAHARSA					
FISG	FOOD CORPORATION OF INDIA SDG, ITARSI					
FISR	FOOD CORPN. OF INDIA SDG, RANAPRATAPNAGAR					
FISS	FOOD CORPORATION OF INDIA SDG, SABARMATI JN.					
FJPT	FCI SIDING JAGGAYYA PETA TOWN					
FKD	FARUKHABAD JN.					
FKSG	FOOD CORP.OF INDIA, KAZIPET JN.					
FKZS	FOOD CORPORATION OF INDIA SDG, KAZHAKUTTAM					
FLY	FOMENTO MINING LTD					
FMP	FERRO MANGANESE SIDING					
FNG	FARID NAGAR					
FNSG	FOOD CORPORATION OF INDIA SDG, NAGPUR					
FOS	KIRUBURU NEW BUNKAR OF M/S.SAIL					
FPSG	M/S FERTILISERS PLANT, DUMERTA					
FPSP	FERTILIZER PLANT SDG PHULPUR					
FPY	FINISHED PRODUCT YARD, VSPS					
FQBS	FUDKIPUR QUARRY SDG, BAKUDI					
FRGM	FAKIRAGRAM JN.					
FRK	PHAPHARA KUND					
FRN	FARENI					
FRTK	FARTIKUI					
FSH	FOOD GRAIN SIDING					
FSL	FOOD SPECIALITIES LTD, MOGA					
FSNB	FCI SIDING NEW BONGAIGAON-NEW BONGAIGAON					
FSNG	FCI SIDING					
FSSG	FOREST SDG, SILIGURI JN.					
FSTP	NATIONAL THERMAL POWER CORPN. PVT. SDG, TILDANGA					
FTBD	FATCHABAD					
FZSG	RASTRIYA CHEMICAL SIDING, TROMBAY					
GACK	GUJRAT AMBUJA CEMENT SDG, KODINAR					
GACL	GUJRAT AMBUJA CEMENT LTD SIDING, RUPNAGAR					
GALF	GALFARBARI SDG, BARAKAR					
GAMN	GAMANI					
GAV	GAVADAKA					
GAX	GAGANPOSH					
GBC	GODAWARI BRIDGE CABIN					
GBG	GOBARDANGA					
GBO	BOMBAY(GIRGAUM)C.B.)					
GBRD	GAMBHIR ROAD					
GBRS	GOBARSANDA HALT					
GBSG	GODREJ & BOYEE MFG CO'S SIDING, VIKHROLI					
GBSS	M/S SITA SAONGI, GOBERWALI					
GBU	GOBINDA RAMPUR					
GBVG	DAIRY DEVELOPMENT MILK SDG, VILAD					
GCC	GODHANI CHORD CABIN					
GCCN	GURLA C CABIN					
GCCP	GCT OF M/S. CONCOR					
GCNM	GORBI BLOCK-B CHP NCL SDG					
GCSP	GIDDI 'A' COLLIERY SIDING PATRATU					
GCWP	GIDDI A COLLIERY SIDING					
GCWS	GAGAL CEMENT WORKS, KIRATPURSAHIB					
GDCR	GADCHANDUR					
GDEF	GARLADINNE					
GDF	GANIDHAM					
GDGF	GADAG JN.					
GDGH	GATEWAY DISTRID PARKS LTD SIDING					
GDJ	GUNDA ROAD JN.					
GDJN	GONDIA JN.					
GDLA	CBA-GADAULIA-VARANASI					
GDRA	GANGADHARA					
GDSD	DEFENCE SIDING, GORAKHPUR CANTT.					
GDSG	FOOD CORPORATION OF INDIA SDG, MANMAD JN.					
GDWS	WORK SHOP SDG, GONDAL					
GDYF	GUINDY					
GEBS	DHRUVARAN POWER HOUSE SDG					
GES	GUJRAT ELECTRICITY BOARD, SIKA					
GETS	GUJRAT ELEC. BOARD AT PETHAPUR, GANDHI NAGAR CAPITAL					
GFCJ	M/S CONCOR AT JHARSUGUDA					
GFPA	M/s.Punjab Logistics Infrastructure Ltd.					
GGAH	GEGAL AKHRI					
GGCA	GUAGACHHA					
GGGS	GARHA GOODS SHED					
GGNC	GANAPUR CITY GDS YD CABIN					
GGP	GANGNAPUR					
GGPA	GAUCHHARI GOPAL PUR					
GGPR	GHOGRAPAR					
GGS	GHUGUS					
GGSG	FOOD CORPORATION OF INDIA SDG, NISHATPURA					
GGST	GARHA GOODS SHED - 2					
GHAT	GHATINGAON					
GHCL	GHUSICK COLLIERY SDG					
GHI	GAMBHIR PURA					
GHOA	GAHLOTA					
GHRJ	GARHI HARSARU JN.					
GHSG	FOOD CORPORATION SIDING, PUNE JN.					
GHTI	GHANTOLI					
GHTL	GURU HARGOBIND THERMAL PLANT, LEHRA MOHABBAT					
GHYF	GUWAHATI					
GHZ	GARHARA GOODS MARSHALLING YARD					
GIAS	GAISAL					
GICB	GANDHIDHAM CABIN					
GICK	M/S GOVINDA INCLINE COLLIERY SDG, KOTMA					
GIM	GANDHI DHAM					
GIMI	ICD CONTAINER DEPOT GIM					
GIMR	GANDHIDHAM RMC LOADING POINT					
GIOC	INDIAN OIL CORP. SDG, GUNTAKAL					
GIP	GOVT. OF INDIA PRESS, SANTRAGACHHI					
GISG	GREY IRON FOUNDRY SDG, JABALPUR					
GISL	GENERAL INDUSTRIES SOCIETIES LTD., BHADRESHWAR GHAT					
GISN	GRASIM INDUSTRIES LTD SDG, NAGDA					
GJB	GANGES JUTE MILLS SDG, BANSH BARIA					
GJCW	GHUSICK WEST COLLIERY SDG					
GJPC	GORAKHPUR CANTT. JN.					
GJPD	GOP JAM PUBLIC SDG DIGO, GOP					
GJR	GOJHARIYA					
GKPJ	GORAKHPUR JN.					
GKPS	GORAKHPUR STORE DEPOT SDG, GORAKHPUR JN.					
GKY	GORAKHPUR CITY HALT					
GLB	GOLEL					
GLDG	GOLDINGANJ					
GLK	GOLA KA MANDIR					
GMCS	GHUSICK MUSLIA COLLIERY SIDING ASANSOL					
GME	GUMANDEV					
GMGM	GOMANGALAM					
GMIS	EX MILITARY SDG,. GONDIA JN.					
GMMS	GREATER MUMBAI MILK SCHEME SDG					
GMMY	GADGI MINERALS MINING LTD					
GMP	GARH MADHUPUR					
GMRA	GUNJARIA					
GMSG	GODAVARI SUGAR MILL SDG, KANHEGAON					
GMUV	GRAIN GODOWN SIDING, VARANASI					
GN	GOPAL NAGAR					
GNI	GOURANDI					
GNND	JNANDAS KANDRA					
GNQC	GODHANI CHORD CABIN					
GNSL	GHANSOLI					
GNTB	GURUNANAK THERMAL PLANT SIDING, BHATINDA					
GNVS	GUJRAT NARMADA VALLIEY FERTILIZERS LTD., BHARUCH JN.					
GOCB	HIGH PRESSURE BOILER PLANT SDG, PONMALAI					
GOCI	IOC SDG, GONDIA JN.					
GOCS	TRICHY STEEL ROLLING MILLS					
GOCW	PONMAALI WORKS SIDING					
GOEP	GOETHALS SIDING					
GOGT	GOGHAT					
GOI	GEVRAI					
GOLM	GOILKERA MARKET PLACE					
GOM	GOGAMUKH					
GOMS	NHPC SIDING MG					
GONR	GONER ROAD					
GOR	GOPINATHPUR					
GOSF	TRICHY STEEL ROLLING MILLS					
GOSG	GODAVARI KHANI NO 1 COLLIERY, RAMGUNDAM					
GOTD	GORINTADA HALT					
GOZ	GOLSAR HALT					
GPA	GOVINDPUR RLY ASSTT. SIDING, KATRAS GARH					
GPCK	GEVRA PROJECT					
GPDM	MILITARY SIDING, GUMMIDI PUNDI					
GPHK	M/S.HIND TERMINALl PVT.LTD.					
GPK	GOPALAPATNAM CABIN					
GPLC	PRIVATE SIDING OF M/S GOPALPUR PORTS LIMITED					
GPMA	GOP MOTA					
GPS	GOJAPURSANKHEDA					
GPSG	NEW PROPELLANT FY. SDG, GURRA					
GPZ	GOHPUR					
GQLC	GURLA C CABIN					
GQLD	GURLA D CABIN					
GQR	GOPAL ROAD					
GRAN	GURGAON					
GRDH	GAURDAHA					
GRFV	M/S GATEWAY RAIL FREIGHT LIMITED SERVED BY VIRAMGAM					
GRHX	GARRA					
GRJ	GATRA					
GRNT	GORINTA HALT					
GRPB	GUJRAT REFINERY PROJECT SDG, BAJVA					
GRRK	GARERIA COLLIERY SIDING.					
GRS	GURUSAR SULTANI					
GRSK	GUJRAT REFINERY SDG(KARCHIYA YARD), BAJVA					
GRTA	GORATIYA					
GRV	GOHLWAR VARPAL					
GSAM	GOLD STAR ALLOYES LTD. MALLIVIDU					
GSBR	BSL GURPAHAR SDG, BIRMITRAPUR					
GSCS	GUJRAT STEEL CABLES ,SABARMATI JN.					
GSFM	GSFC SDG., MOTI KHAWDI					
GSFS	GUJRAT STATE FERTILISERS CO. LTD. SDG					
GSG	GHUGUS COLLIERY SDG, GHUGUS					
GSGH	GOSAIGAON HAT					
GSI	GHOSI					
GSMC	GENTRY SIDING, MEERUT CITY					
GSNG	GOSAIN GRAM					
GSNR	GOSAIPUR ASSAM					
GSPS	GORAKHPUR STORE DEPOT SDG, GORAKHPUR JN.					
GSQ	GUIRSARANGA					
GSX	GANDHI SMARAK ROAD HALT					
GSY	GHANSHYMGADH ROAD					
GTBN	GURU TEGHBAHADUR NAGAR					
GTEN	M/S GUJRAT TORRENT ENARGY CORPORATION-NABIPUR					
GTG	GITALDAHA					
GTH	GHANTA					
GTKA	GANGTOK O.A.					
GTKD	GERITA KOLVADA					
GTKL	GUNTAKAL JN.					
GTMR	GIRMINT COLLIERY SDG.					
GTMS	TEMPORARY MATERIAL SIDING, GHAZIABAD					
GTNS	GOTANGA SIDING					
GTPH	THE POWER HOUSE SDG, GORAKHPUR CANTT.					
GTPS	RSEB BG SDG, GURLA					
GTR	MUMBAI					
GUJ	GUNJA					
GUM	GUMMANUR					
GUMA	GUMA					
GUMI	GORUMAHI SANI					
GUSF	GHUMASAN					
GUSG	GUN SHOP SDG, JABALPUR					
GUT	GAU GHAT CABIN					
GV	GOVANDI					
GVGN	NEW MANDI GOVIND GARH					
GVMH	GANGAVARAM					
GVSG	FOOD CORP. OF INDIA,TIMMANACHERLA					
GVV	GALVAV					
GWCB	GONDAWALI COAL SIDING					
GWCN	GURLA W CABIN					
GWE	GHOTGEWADI					
GWSB	GOINDWAL SAHIB					
GXSG	GODAVARI KHANI NO 6 COLLIERY, RAMGUNDAM					
GYL	GHARYALA					
GYT	GYPSUM(HALT)					
HABK	HARDONA BUDRUK					
HABS	HYDERABAD INDUSTRIES SIDING, BALLABGARH					
HACG	HINDUSTAN ALUMINIUM INDUS. LTD. SDG, RENUKUT					
HAG	HALI GUDI					
HAK	HADALA					
HAL	HARISH DADPUR					
HAM	HAMIRHATI					
HAY	HAUTLEY					
HB	HABRA					
HBI	HAGARI BOMMANA HALLI					
HBSG	HARYANA STATE ELECTRICITY BOARD SIDING, FARIDABAD					
HBTI	M/S HINDUSTAN PETROLEUM CORPORATION LTD					
HBZ	HESLABERA					
HCF	HINDUSTAN CABLE FY SDG, RUPNARAYANPUR					
HCJ	HINDUSTAN PAPER CORPORATION					
HCPS	HINDUSTAN COPPER LTD. SDG, SINGHANIA					
HCSH	HINDEGIR SIDING COLLIERY SIDING HINDEGIR					
HCSP	HMP CEMENT SDG, POBANDAR					
HCTY	HITECH CITY					
HDAF	HIRNODA					
HDC	HARISHDADPUR PH					
HDCB	HALDIA DOCK COMPLEX BULK					
HDCG	HALDIA DOCK COMPLEX & GENERAL					
HDCL	HINDUSTAN DEVELOPMENT CORPN. LTD., BALLYGUNGE JN.					
HDNN	HADDINGAUNDU					
HDSG	HINDUSTAN STEEL LTD. SDG, SATNA					
HDWL	HARDORAWAL F					
HDYD	HOLDING YARD					
HEG	HATIALI GROUNDS					
HEGM	HEG SIDING MANDIDIP					
HENS	HEAVY ENGG COPRN., HATIA					
HESG	BHARAT HEAVY ELECTRICAL SDG, NISHATPURA					
HESJ	HYDRO ELECTRICA, L JALANDER CITY					
HFS	HARI FERTILIZER SIDING, VYASNAGAR					
HGAH	HATIALI AIR FIELD SDG, HATIALI GROUNDS					
HGAI	HAGARI					
HGIN	HINDUSTAN GENERAL INDUSTRIES, NANGLOI					
HGRC	BIRLA SUPER CEMENT SIDING, HOTGI JN.					
HGSM	HINDUSTAN GRANITE STONE&M/S HINDUSTAN INDUSTRY MINING PAKAUR					
HHB	HULLOHUR BRIDGE					
HHFH	HINDUSTAN HOUSING FACTORY, HAZRAT NIZAMUDDIN					
HHZBN	HAZARIBAGH TOWN					
HIMB	MAHAN ALUMINIUM SMELTER AND CAPTIVE POWER PLANT					
HIWS	HIRAKUND INDUSTRIAL WKS LTD. OF M/S IDC, SAMBALPUR					
HJD	HAJARWADI					
HJM	M/S HUKAM CHAND JUTE MILL NO 2, NAIHATI JN.					
HJMN	M/S HUKUM CHAND JUTE MILL SDG NO 1, NAIHATI JN.					
HJMS	HESTINGS JUTE MILL SDG, RISHRA					
HKRH	HATKATORA HALT					
HKT	HONASHIKATITI					
HLBK	M/S HPCL LPG BOTTLING PLANT KUR					
HLDY	HOLDING YARD					
HLGR	HALGERI					
HLL	HALOL					
HLM	HALMIRA SIDING					
HLRS	HALISHAHAR STORES DEPOT					
HLSD	M/S HSL'S STEEL PLANT SDG, BHILAI					
HLSG	HINDUSTAN LALPETH COLLIERY SDG, BABU PETH					
HLSR	HINDUSTAN STEEL LTD AT RAKSHI					
HLT	HOLENARSIPUR TOWN					
HMBD	HUMNABAD					
HME	HAMRE					
HMEL	GURU GOVIND SINGH REFINERY PROJECT HPCL MITTAL ENERGY LTD.					
HMHF	HANUMANGARH JN.					
HML	HELEM					
HMLS	HINDUSTAN MOTOR LTD SDG, BALLY					
HMY	HARMUTI					
HMYD	HOM MARSHALLING YARD					
HNGL	HANGARAHALLI HALT					
HNGM	HINDUSTAN NATIONAL GLASS MSNUFACTURERS SDG, RISHRA					
HNR	HANSARA					
HNSG	VOLTAS LTD ALLWYN UNIT, SANAT NAGAR					
HNWG	HIRDAGARH NANDAN WASHING & COLLIERY SIDING, HIRDAGARH					
HOM	CHENNAI HARBOUR					
HOMC	CONTAINER SIDING,CHENNAI HARBOUR					
HPCA	HINDUSTAN PETROLEUM CORPORATION, ASAUDAH					
HPCB	HPC SIDING, BHAGAT KI KOTHI					
HPCD	BHARAT PETROLEUM CORPN. LTD., DESUR					
HPCE	HINDUSTAN PETROLEUM CORPORATION SDG, ELATTUR					
HPCG	HPCL LTD, GANGINENI					
HPCH	HINDUSTAN PETROLEUM LTD					
HPCL	HINDUSTAN PETROLEUM CORPN. LTD., BHILAWADI					
HPCM	HPCL SIDING, AMAUSI					
HPCP	HIDUSTAN PAPER CORPORATION					
HPCR	HINDUSTAN PETROLEUM CORPN. LTD. SDG BG, KHARI ROHAR ROAD					
HPCS	HINDUSTAN PETROLIUM CO LTD., CHARLAPALLI					
HPCT	HINDUSTAN PETROLIUM CORPORATION SIDING, TONDIARPET					
HPCV	HINDUSTAN PETROLEUM CORP. LTD. SDG, VISHAKHAPATNAM, MALKAPURAM					
HPKB	M/S HINDUSTAN PETROLEUM CORPORATION LTD.					
HPLC	HINDUSTAN PETROLEUM CORPORATION S OIL BHILAVDI					
HPLG	HPC OIL TERMINAL SIDING, LONI					
HPLX	LONI YARD					
HPM	HAMPA PATNAM					
HPOB	Hindustan Petroleum Oil Depot Sdg served BY BKPT Stn					
HPPK	HPCL SIDING PARADEEP					
HPPL	M/S. HINDUSTAN PETROLEUM CORPORATION LTD.(HPCL)					
HPSA	HINDUSTAN PETROLEUM CORPN. LTD. SDG, AJMER MG					
HPSB	HPCL POL SIDING					
HPSG	POL SDG FOR HIRENANDURE					
HPSK	HINDUSTAN PETROLEUM CORPN. LTD. SDG MG, KHARI ROHAR ROAD					
HPSS	HPC LTD SDG, BG SURAT					
HPTR	M/S HINDUSTAN PETROLEUM CORPORATION LTD.					
HPUR	HAMRAPUR					
HRC	KOLKATTA BADABAZAR					
HRCF	KAPUTHALA RAIL COACH FACTORY SIDING, NRLY HUSAINPUR					
HRGR	HAR NAGAR					
HRJ	HARIJ					
HRKR	HRIDAYAPUR-KURANA					
HRNS	HARINSING					
HRSA	HATHRAS C.B.A.					
HSAR	HISSAR JN.					
HSC	HASAN CITY					
HSF	PHULESHWAR H.S.L. SDG, PHULESWAR					
HSLD	M/S HSL'S STEEL PLANT SDG, AHIWARA					
HSLH	M/S HINDUSTAN STEEL LTD., DADHAPARA					
HSLN	HINDUSTAN STEEL LTD, NAINI JN.					
HSLR	HINDUSTAN STEEL LTD AT RANGRA					
HSLS	STEEL AUTHORITY OF INDIA LTD, MAULA ALI					
HSLT	HINDUSTAN STEEL LTD, TUGHLAKABAD					
HSME	HIRAPUR STEEL SIDING					
HSPG	H.S.P. SIDING, BONDA MUNDA					
HSSK	HINDUSTAN SALT SDG, KHARAGODA					
HSTG	HSL'S TOWNSHIP SDG RAURKELA					
HSTL	HINDUSTAN STEEL LTD, SURANUSSI					
HSTS	M/S HINDUSTAN STEEL LTD SDG, VISAKHAPATNAM					
HSW	HUSAINIWALA					
HSYG	HINDUSTAN STEEL STOCK YARD SIDING, BALLABGARH					
HTR	HATKAROTA HALT					
HTSD	HIND TERMINALS PVT. LTD.					
HTSG	BHARAT HEAVY ELECTRICALS LTD, LINGAMPALLI					
HTT	HATTA ROAD					
HTTP	M/S.HIND TERMINAL PVT. LTD.					
HTWR	HATWAR					
HTZ1	HATHIDAH LINK CABIN					
HUD	HUDUKULA					
HUGS	HINDUSTAN URVARAK & RASAYAN LTD. GCT					
HUI	HUNDRI					
HWC	HARIDWAR C B A					
HWK	HAWA KHANNA					
HWM	HOWRAH MAIDAN					
HWMH	HOWRAH MAIDAN GOODS					
HWPL	HOWRAH PUNJAB LINE					
HXM	HATMANI					
HYSG	HYDERABAD ASBESTOR CEMENT PRODUCTS LTD. SDG SANAT NAGAR					
HZH	HAZRATHPUR HALT					
HZL	HINDUSTAN ZINC SDG, CHANDERIYA					
IAAF	INDARA JN.					
IACL	INDIAN ALUMINIUM CO. LTD. SIDING-(MG)-LOHARDAGA					
IACM	INDIAN ALLUMINIUM CO. LTD., MURI SDG					
IACS	INDIAN ALUMINIUM CO.					
IAMR	ICD SIDING, ANAJMANDI, REWARI					
IBBM	M/S BOXTRANS LOGISTIC SERVICE PVT. LTD					
IBBP	INDO BANGLA BORDER POINT					
IBPC	IBP CO. LTD					
IBTB	IB THERMAL PWR STN OF M/S OPSG					
IBTS	IB THERMAL POWER STATION OF M/S OPGC					
ICAK	M/S. ADANI LOGISTICS LTD.					
ICB	IOC SIDING BAHAULI					
ICBB	IOC LTD. SDG					
ICBD	BHUSAVAL ICD CONTAINER DEPOT					
ICBR	IOC LTD. SDG, VASAI ROAD JN.					
ICCB	M/S INDIA COAL CENTRE SDG, BELUR					
ICCC	INDIAN CHARGE CHROME LTD					
ICCG	INDIAN COPPER COMPLEX, GHATSILA					
ICDA	INLAND CONTAINER DEPOT AMINGAON					
ICDB	INLAND CONTAINER DEPOT, BALLABHGARH					
ICDD	INLAND CONTAINER DEPOT,DADRI					
ICDG	INLAND CONTAINER DEPOT,JUHI/KANPUR					
ICDK	ICD KANAKPURA SIDING					
ICDM	INLAND CONTAINER DEPOT,MALANPUR					
ICDP	INLAND CONTAINER DEPOT DAPPER					
ICDR	ICD SERVED BY DESUR					
ICDS	INLAND CONTAINER DEPOT SIDING SABARMATI					
ICDT	CONCOR - TONDIARPET CONTAINER TERMINAL					
ICDW	ICD SERVED BY SGWF					
ICDY	INLAND CONTAINER DEPOT,YAMUNA BRIDGE					
ICGH	ICHANGADU HALT					
ICHK	ICHALAKARANJI O A					
ICK	M/S IOC SIDING-HAZIRA-KOSAD					
ICKR	IOC LTD. SDG, BG, KHARI ROHAR ROAD					
ICLS	INDIA CEMENT LTD, KALAMALLA					
ICLV	INDIA CEMENTS LTD					
ICLY	INDIA CEMENTS LTD					
ICM	MADRAS CEMENT SDG, ICHCHANGADU					
ICMB	INLAND CONTAINER DEPOT MORADABAD					
ICML	INTEGRATED COAL MINES LTD.SDG.					
ICMS	INLAND CONTAINER DEPOT MADHO SINGH					
ICOD	INLAND CONTAINER DEPOT OKHLA					
ICPH	INLAND CONTAINER DEPOT /PHILLAUR					
ICPR	INCHHAPURI					
ICS	IOC LTD. SDG, SURAT					
ICSB	INDIAN OIL CORPORATION SDG(MG), BHAINSA					
ICSD	IOC OF INDIA SDG, DAURAI BG					
ICSG	INDIA CEMENT SDG, SANKARIDRUG					
ICSI	INDIA CEMENT LTD SDG, ICHCHANGADU					
ICSK	IOC LTD. SDG, MG, KHARI ROHAR ROAD					
ICSM	IOC LTD. SDG, SABARMATI JN.					
ICSP	INLAND CONTAINER DEPOT SONIPAT					
ICSS	IOC LTD. SDG, SABARMATI JN.					
ICSU	IOC OF INDIA SDG, MG, UDAIPUR CITY					
IDBR	ICD BIRGANJ					
IDCS	KALINGA IRON WORKS OF M/S INDUSTRIAL DEV CORPOF ORISSA					
IDMS	POL SDG IDH/AGRA JN. USA MILITARY SDG, IDGAH AGRA JN.					
IELR	M/S ICI INDIA LTD SDG, RISHRA					
IFAB	IFFCO AONLA SIDING, BISHARATGANJ					
IFBI	INDIAN FIRE BRICKS & INSULATION LTD SDG, RANCHI ROAD					
IFCG	IFFCO SDG, GANDHI DHAM					
IFFB	INDIAN FARMERS FERTILIZERS CO. LTD., KHODIYAR					
IFFG	INDIAN FORMERS FERT. CO-OP. LTD. BG SDG, GANDHIDHAM JN.					
IFFM	IFFCO SDG, KALOL JN.					
IFFP	IFFCO SIDING, PHULPUR					
IFSG	IOC SDG, SIMARIA					
IGA	IRUGALAR					
IGAR	IDGAH AGRA JN.					
IGCS	CONCOR SIDING AT IRUGUR					
IGFC	INDO GULF FERTILIZER & CHEMICALS CORPN, SINDURWA					
IGHP	M/S CESC NEW GENERATING PWER STATION TITAGARH					
IHLS	POI SDG FOR HPC & IOC, IRUGUR					
IIEL	IOT INFRASTRUCTURE & ENERGY SERVICES LTD.					
IISD	M/S. SAIL					
IISM	M/S IRON & STEEL CO. SDG, MANOHARPUR					
IKRA	IKRA JN.					
IKSG	IKLEHRA COLLIERY SDG, IKLEHRA					
ILBK	IOC & LPG BOTILING PLANT-KARUPPUR					
ILBP	LPG BOTTLING PLANT, KALYANI					
IMFS	METAL & STEEL FY SDG, ICHHAPUR					
IMFT	INDIAN METAL & FERRO ALLOYS LTD, THERUVALI					
IMPO	IMPHAL O.A.					
INDA	INDORE CBA					
INS	INDAS					
IOA	IOC SIDING, ASOTI					
IOBD	INDIAN OIL SIDING SERVED BY BOD					
IOBP	INDIAN OIL CORPORATION BOTTLING PLANT, GHEVRA					
IOBQ	BHARAT PETROLEUM CORPN. LTD. SDG., BAKANIAN BHAUNRI					
IOBT	POL SDG. FOR M/S IOC/BPCL TADALI					
IOC	POL SIDING FOR IOC LTD SHIRUD					
IOCD	IOC / BPC LTD., SURAREDDIPALEM					
IOCE	IOC JUJHARPUR ET					
IOCF	IOC SDG					
IOCG	INDIAN OIL CORPORATION SIDING, BAD					
IOCJ	IOC SIDING					
IOCL	INDIAN OIL CORPORATION SDG, LALGARH					
IOCM	IOC LTD SDG, MANGLIYA GAON					
IOCN	IOC NEW NEPTHA SDG, GANDHIDHAM JN.					
IOCP	INDIAN OIL CORPORATION SDG, PALGHAT TOWN					
IOCR	IOC SDG, RAJBANDH					
IOCS	INDIAN OIL CORPORATION, SUBEDARGANJ					
IOCT	IOC SIDING TATANAGAR					
IOG	M/S IOC SIDING HAZIRA, GOTHANGAM					
IOGS	IOCL					
IOHR	M/S IOCL/HPCL, RDM					
IOJB	BANSPANI IRON LTD					
IOK	IOC SIDING KUR					
ION	IOC SDG					
IONI	IOC SIDING NARIOLI					
IOPB	IOC SIDING					
IOPK	INDIAN OIL CORPORATION, PANKI					
IORB	IOC LTD. S/B BUDGE BUDGE					
IORG	INDIAN OIL REFINERY SDG					
IORR	IOC ROURKELA					
IORS	INDIAN OIL REFINERY SDG					
IOSA	INDIAN OIL CORPN. LTD. SDG, RAXAUL					
IOSB	INDIAN OIL CORPORATION, BHAGTANWALA					
IOSD	IOC SIDING					
IOSG	INDIAN OIL BLENDING SIDING, TROMBAY					
IOSH	INDIAN OIL CORPORATION, HANUMANGARH					
IOSJ	INDIAN OIL CORPORATION, SUCHIPIND					
IOSM	INDIAN OIL CORPN. SDG, MYSORE NEW GOODS TERMINAL, MOGA					
IOSP	INDIAN OIL CORPORATION PARADEEP					
IOSR	INDIAN OIL CORP. LTD. SIDING REXAUL					
IOSV	IOC SDG MADURAI GOODS AT KUDALNAGAR					
IOTL	IOC SDG, JASAICHIRLE JN.					
IOTS	INDIAN OIL CORPORATION TANK WAGON SIDING SERVED BY SALAWAS					
IPCP	M/S IOCL PET COKE AIDING					
IPFV	ISSCO PIPE FOUNDRY CO.LTD, VIKRAM NAGAR					
IPN	IRIMBANAM					
IPTN	ISPAT NAGAR					
IREL	INDIAN RARE EARTHS LTD., CHATRAPUR					
IRFB	RIFLE FY SDG ICHHAPUR					
IRFS	RIFLE FY SDG, ICHHAPUR					
IRHL	IKARCHALA					
IRLS	M/S INDIAN RAYON CORPORATION LTD., KHARIA KHANGARH					
IRPN	INDIAN OIL REFINERY SIDING					
ISCG	BUNKER SIDING AT GUA FOR M/S. INDIAN IRON & STEEL CO. LTD.					
ISD	ISD DEPOT, GMC					
ISF	INDIAN OIL CORPORATION SDG, FEROK					
ISG	BHAMORI COLLIERY SDG, IKLEHRA					
ISMC	IOC SIDING MALDA COURT					
ISNL	M/S INNOVATIVE B2B LOGISTICS SOLTION LTD					
ISPB	IISCO STEEL PLANT SIDING-BURNPUR					
ISPM	IOC SIDING					
ISWT	M/S INDIAN STEEL WIRE PRODUCTS SDG, TATANAGAR JN.					
ITCL	ITC LTD					
ITCM	IMPERIAL TOBACCO CO LTD, MONGHYR					
ITLS	ITC LTD					
IUIK	M/S. INDUS UDYOG AND INFRASTRUCTURE PVT. LTD.					
IVI	ITLAM VARI PALLE					
IZDS	IZATNAGAR STORE DEPOT SDG, IZZATNAGAR					
JABA	YAMUNA BRIDGE					
JABE	YAMUNA BRIDGE EAST CABIN					
JACC	ACC LTD. SDG, JHINKPANI					
JACS	ANDHRA SUGARS LTD, TANUKU					
JADS	JAMALPUR STORE DEPOT SDG .					
JAHR	JAGESHWAR					
JAP	JANGALPARA					
JAS	JASDAN					
JASH	JORASHANKH HALT					
JASR	JALODA SHAJAPUR					
JAUA	JAMUA					
JAV	JAIWA					
JAW	JARWA					
JBBG	JARDIN BALLIHARI NO.2 SIDING BHUTGARIA					
JBC	JAMBRUNG					
JBCT	M/S. LAFARGE INDIA LTD					
JBH	JIABHARALI					
JBL	JABLI					
JBRT	JP BELA SIDING					
JBSR	JAMBUSAR ROAD					
JBT	JAGADISPUR BALUHATI					
JBTS	JAYPEE BINA THERMAL POWER PLANT SIDING					
JBY	JORE BUNGLOW					
JCBR	JAI NAGAR COLLIERY					
JCLG	JAYA SHRI CHEMICAL LTD,. GAN JAM					
JCMS	JAMUNA OPEN CAST MINES SDG, HARRAD					
JCO	JHANSI C.B.					
JCP	M/S LAFARGE/JCP JOJOBERA CEMENT PLANT JAMSHEDPUR SDG.					
JCS	JOGTA COAL SIDING					
JCSB	JAI NAGAR COLLIERY, BISHRAMPUR					
JCSP	JGB NO. 6 COLLIERY SIDING, PATHERDIH					
JCSS	JAYANTH COLLIERY SIDING					
JCWJ	JAPLA CEMENT WORKS SDG, JAPLA					
JCWS	JAMU CEMENT WKS, BHILAI					
JCZ	JHINGURDAH COLLIERY SIDING					
JD	JAROD					
JDF	JAMDAND					
JDK	JANDOKE					
JDM	JAGDISH PUR MITHLA					
JDQ	JIBDHARPUR					
JDU	JADUDIH					
JDWS	JAMADOBA WASHERY SIDING					
JEAF	NAKAHA JUNGLE					
JEMT	M/S JAMSHED PUR ENGG & MACHINE MFG. CO. LTD. TATANAGAR JN.					
JEO	JITODA					
JESG	KHAMARIA EXPLOSIVE DEPOT, JABALPUR					
JESR	JESSORE					
JEV	JEEVA					
JFAI	FCI JHARSUGUDA JN.					
JFD	JIADHAL					
JFSG	JABALPUR GUN CARRIAGE FACTORY SDG, JABALPUR					
JGI	JHAGADIYA JN.					
JGPM	JAGGAYAPALEM					
JGT	JAGADHARI O.A.					
JHAR	JHAR					
JHJ	JHAJJAR					
JHSW	JHANSI WORKSHOPS					
JIM	JAGGIA PALEM					
JIZ	DAMGING HALT					
JJBR	JHANJHARPUR BAZAR HALT					
JJNG	JAMJING HALT					
JJPS	JATAULA JORI SAMPHKA					
JJSG	MOHAN COLLIERY SDG, PALACHERRY					
JKCG	M/S J K CEMENT SIDING-MANGROL					
JKCK	JK CEMENT SDG					
JKCM	J K CEMENT WORKS LTD SERVED BY MOHANBARI					
JKCS	J. K. COTTON SPINNING AND WEAVING MILLS					
JKD	JAKHALABANDHA					
JKDL	JAIPURIA KAJORA COLLIERY SDG.					
JKMR	JANKAMPET ROAD					
JKWK	JK CEMENT WORKS SDG, KUND					
JLA	JALGAON W.R					
JLBR	JHALLURBAR					
JLI	JALALSI					
JLP	JALALPUR MANDVA					
JLSG	KHANDESH SPINNING WEAVING MILLS CO'S SDG, JALGAON JN.					
JMA	JAMURIA					
JMBA	MAIHIRAN GATE C.B.A.					
JMBS	JUGGILAL KAMLAPAT AND CO.S					
JMDG	JAMMALAMADUGU					
JMDT	JODA EAST BIN IRON MINES					
JME	JAMSHER KHAS					
JMNK	JAMUNI WASHERY					
JMTC	JODA EAST DIRECT ENTRY PVT. SDG. OF M/S. TATA STEEL LTD.					
JNCB	JUNCTION CABIN, VSPS					
JNCN	J.K. NAGAR COLLY SDG.					
JNCP	JINAGORAL / NO 9 COLLIERY SIDING PATHERDIH					
JNCS	JAYANT SILO					
JNDF	JUNAGADH JN.					
JNG	JANGIPARA					
JNGR	JANGAR					
JNI	JAINTI					
JNJ	JUI NAGAR					
JNLA	JANDIALA GURU OUTAGENCY					
JNPT	JAWAHAR LAL NEHRU PORT					
JNQS	JAMALPUR NEW QUARRY SDG.					
JOBF	ASALPUR JABNER					
JOCL	JESSAP & CO LTD, DUM DUM CANTONMENT					
JOCP	ORISSA CONCRETE PVT LTD SIDING, JHARSUGUDHA JN.					
JOCS	ORISSA CEMENT SDG, JHARSUGUDHA JN.					
JOQS	JAMALPUR OLD QUARRY SDG JAMALPUR					
JOWY	M/S.JAGADISH & OTHERS FCI/APSWC SIDING SERVED BY YERPEDU STN					
JPCT	JAYAPRAKASH CEMENT SIDING-TANDA					
JPF	JAIPUR JN.					
JPLS	JINDAL PIPES LTD SIDING, PILKHWA					
JPNC	JHALARPATAN CITY O.A.					
JPRG	M/S JAYPEE REWA CEMENT SDG, SATNA					
JPRJ	JP REWA CEMENT TURKI ROAD-JASAI CHIRLE					
JPRT	JAYPEE REWA CEMENT SDG, TURKI ROAD					
JPST	JAMRAPANI SIDING, TIRODI					
JPTN	JAGGAYYA PETA TOWN					
JPTR	JITPUR					
JPWS	JAIPUR WORK SHOP					
JQS	JERRICAN FACTORY SDG					
JQSG	KEYMORE SDG, NANWARA					
JQTS	JALLANDHAR CANTT QUICK TRA					
JRCS	JAYPEE REWA CEMENT SDG. TURKI					
JRGD	JARANGDIH LINE NO. II					
JRGJ	JAIRAMNAGAR PUBLIC SIDING					
JRGR	PVT. SDG. JUNADIH RAPID LOADING SYSTEM OF SECL					
JRI	JHARIA					
JRIA	JORAI					
JRV	JUNARAJUVADIYA					
JRY	INLAND CONTAINER DEPOT,JUHI RAILWAY YARD					
JSCR	JAIPUR SUGAR CO., RAYAGADA					
JSDJ	JAMALPUR STORE DEPOT SDG, JAMALPUR JN.					
JSE	JAMSOLE					
JSJB	M/S. JSW CEMENT LTD					
JSLE	JASAICHIRLE JN.					
JSLK	JINDAL STEEL AND POWER LTD.					
JSLS	PFT OF M/S JINDAL STAINLESS LIMITED					
JSOR	JESSORE ROAD					
JSPK	PRIVATE SIDING OF M/s JINDAL STEEL AND POWER LIMITED					
JSPP	JINDAL STEEL AND POWER LTD. PVT. SIDING					
JSQS	JAMALPUR STONE QUARRY SDG, PURAB SARAL					
JSWD	JSW STEEL LTD. SIDING					
JSWN	M/S JSW STEEL LIMITED SIDING, NANDIHALLI					
JSWT	JSW STEEL LTD.					
JSWV	M/S JSW STEEL COATED PRODUCTS LTD.					
JT	JORHAT					
JTCG	JAIN TUBE CO, GULDHAR					
JTHR	JETHANTRI HALT					
JTJA	JOLARPETTAI JN. "A" CABIN					
JTNR	JETHANTRI HALT					
JTQT	JAMMUTAWI QTS					
JTSR	JYOTISAR					
JUCA	JALANDHAR OUT AGENCY					
JUCI	JALANDHAR CITY INDUSTRIAL DEV. COLONY					
JUCS	JALANDHAR CITY INDUSTRIAL AREA					
JUGS	JAMUNA UNDER GROUND COLLY, . HARRAD					
JUI	KANPUR JUHI GOODS					
JULD	JAMBAD COLLIERY SDG.					
JULS	JODHPUR LOCO SIDING, JODHPUR					
JUMX	JODHPUR MECHENICAL SHOP SDG, JODHPUR					
JUPJ	JAUNPUR JN.					
JUSG	ORDINANCE DEPOT SDG, JABALPUR					
JUSS	STORE DEPOT SIDING, JODHPUR					
JVRB	M/S JALAGAM VENGALA RAO OPEN CAST MINES OF SINGERENI COLLERIES CO LTD					
JVSG	DIWAN LIME CO. SIDING, JUKEHI					
JWOF	JAWAD ROAD					
JWOS	CEMENT CORPN. OF INDIA SDG, JAWAD ROAD					
JWOV	VIKRAM CEMENT SDG					
JWSG	JUKEHI LIME WORKS SDG, JUKEHI					
JYK	JONE KARANG HALT					
JYS	JAYNAGAR NEPAL SDG, JAYNAGAR					
JZR	JHINJRI					
KADM	KUKKADAM					
KAF	KHARIDA SIDING, KHARAGPUR					
KAFM	ARMED FORCES MEDICAL STORES DEPOT SDG, KANDIVLI					
KAK	KHAKI JALIYA					
KAKO	KADA RAM KONDM					
KAMU	KARUMATHUR HALT					
KAND	KANDLA					
KANG	KARAN NAGAR					
KANI	KALMAN BK					
KANR	KASHINAGAR					
KAPE	KAKAPORA					
KAPT	KRISHNAPATTANAM					
KARA	KARWAR O A					
KARK	KARAIKKURUCHCHI HALT					
KAS	KANKRET					
KASG	AMMUNITION FACTORY SDG, KHADKI					
KASN	KHALARI SSTT. SDG. NO, 1, KHALARI					
KAYI	KAYDI HALT					
KAZ	KAZA					
KBBD	CENTRAL ORDINANCE DEPOT BOMBAY SDG, KANDIVLI					
KBC	KIUL BRIDGE					
KBCS	KRISHAK BHARAT CO-OP SEC PVT. SDG, KOSAD					
KBPS	KHRINDWA BULKCUM PACK PETROLEUM SIDNG, AMBALA CANTT					
KBTS	KRISHAK BHARTI CO-OP SEC PRIVATE SDG, GOTHANGAON					
KBUO	ORDNANCE DEPOT, KASUBEGU					
KBV	KHAN BHANKRI					
KBWM	KUMBHAWAS MUNDALIA DABRI(HALT)					
KCBN	K - CABIN					
KCCJ	KONAR CCL SIDING					
KCCS	KESORAM CEMENT LTD, RAGHAVAPURAM					
KCE	MUMBAI					
KCFM	KISHAN CO-OP.SUGAR WORKS LTD. SDG, MAJHOLA PAKARIA					
KCH	KASIM KOTA HALT					
KCHA	KARCHIYA					
KCHP	KORICHHAPAR					
KCKG	KHASKAJORA COLLIERY SIDING KAJORAGRAM					
KCKN	KUNDA COLLIERY, KARANJI					
KCKS	KATKONA COLLY SDG, KATORA					
KCKT	KATKONA COLLY SDG, KATORA					
KCLS	KCL SIDING SONENAGAR					
KCOD	CENTRAL ORDINANCE DEPOT SDG, KANDIVLI					
KCPA	KANCHRAPARA STORES OFFICE					
KCPM	KCP					
KCPS	KCP LTD SIDING, TIRUVOTTIYUR					
KCSA	KUMARDIHI A COLLY.SDG					
KCSD	KORIA BLOCK NO. 1 KOREA, DARRITOLA					
KCSG	KALYAN KHANI NO 3 COLLIERY, BELAMPALLI					
KCSL	KHEMLI CEMENT SDG, KHEMLI					
KCSP	KOTTADIH COLLIERY SIDING PANDABESWAR					
KCSS	KUNUSTORIA COLLY.SDG					
KCST	KUNUSTORIA COLLIERY SIDING TAPASI					
KCSU	KUMARDIH COLLIERY SIDING PANDABESWAR					
KCZ	KAIRON					
KDAG	KYATSANDRA GOODS					
KDBS	KOTDA BAVISHI					
KDCR	KUDACHIRE					
KDGB	KODIGEHALLI BLOCK HUT					
KDLC	KANDLA PORT CONTAINER SIDING					
KDLP	KANDLA PORT					
KDNR	KUDAL NAGAR					
KDOS	K.D.(OLD) SIDING					
KDR	KUDA SALT SDG MG, DHARANGANDHRA JN.					
KDRK	KONDRAPOLE					
KDSB	KHADUR SAHIB					
KDSK	KUSUNDA SIDING					
KDSN	K. D. HESLONG SIDING, LINE NO. II					
KDUH	KUNDURU					
KDYA	KADARPUR					
KEC	KESIMPA					
KECM	KARNATAKA EMTA COAL MINES LTD.					
KELA	KELA					
KEMK	KHEMKARAN					
KERD	KUJANG ERASAMA ROAD					
KFAS	M/S KHANDELWAL FERRO ALLOY LTD SDG, KANHAN JN.					
KFCG	FOOD CORPN. OF INDIA SDG, KALAMBOLI EXCHANGE YARD					
KFCS	FCI SIDING, KARUNAGAPALLI					
KFG	KHORABAR					
KFGS	FOOD GRAINS SIDING					
KFL	KAPPALUR					
KFSG	HIGH EXPLOSIVES FACTORY SDG, KHADKI					
KFSK	FCI SDG, KANDIVLI					
KFX	KOCHEWAHI					
KGAE	KOCHAGARA					
KGC	KHADGAWAN					
KGCK	KESARGARH COLLIERY SIDING KATRASGARH					
KGE	KATANGI					
KGFL	KATH GHAR LEFT BANK					
KGGF	KHAGARIA JN.					
KGLI	KARGHALI WASHERY SIDING					
KGMS	GOVT. OF INDIA KOLAR GOLD MINING NANDI DURG MIN OORGAUM					
KGNH	KARGAON HALT					
KGOK	KOKARNA ROAD					
KGTW	KHANPUR GOMTESHWAR					
KGV	KONAGAVALI					
KGWS	KHARGALI SIDING					
KGZF	KARUNGUZHI					
KHAG	KHARGHAR					
KHCN	KHINCHAN(HALT)					
KHDA	KHANDIYA					
KHDF	KHODIYAR					
KHHN	KUSHESHWAR					
KHJM	RBHM JUTE MILL SDG					
KHND	KHUNVAD					
KHOA	KHARGONE O.A.					
KHPA	KHAPA					
KHPI	KHOPOLI					
KHRP	KHARPA					
KHRT	KARHAUTA					
KIB	KIZHA AMBUR HALT					
KIBS	BOC SIDING					
KIC	KALLIDAIKURICHI					
KIFH	KASHIPUR INFRASTRUCTURE AND FREIGHT TERMINAL PVT. LTD. SIDING					
KIHC	M/S KRIBHCO INFRASTRUCTURE LTD					
KIIP	KRIBHCO INFRASTRUCTURE LIMITED ICD SERVED BY PALI					
KIKP	KARAIKAL PORT PVT LTD SIDING					
KILN	KHATLABANA					
KIRW	KATIHAR SOUTH CABIN					
KISG	KATNI ORDINANCE FY. SDG, KATNI JN.					
KJMS	FOOD CORPORATION OF INDIA GRAIN GODOWN SDG, KRISHNARAJAPURAM					
KJMT	INDIAN TELEPHONE INDUSTRY SDG, KRISHNARAJAPURAM					
KJNM	KUMARJURI-NOWAGARH-1,3-MALKERA					
KJNY	KHAJPUR NAYA					
KJOP	KUDERMUKH IRON ORE PELLET PLANT SDG, PANAMBURU					
KJPR	KHAJAPUR					
KJRA	KARJANA					
KJRM	KARJANA GRAM					
KJSS	M/S KATANIJHIRI SDG, SAONGI					
KJUL	KAJORA NO.1 COLLIERY SDG.					
KKAS	KATKAMASANDI					
KKBK	KHANUDIH-KHARKHAREE-CHORD(MAIN)COLLIERY-KHANUDIH					
KKCK	KHANUDIH-KHARKHAREE-CHORD(MAIN)COLLIERY-KHANUDIH					
KKCM	KHANUDIH-KHARKHAREE-CHORD(MAIN)COLLIERY-MAHUDA					
KKCS	KUNDA COLLIERY, KARANJI					
KKDN	KHAPRI KHEDA					
KKDP	KAKDWIP					
KKEC	KANKARIA SOUTH CABIN					
KKGS	GUMGAON SDG, KHAPA					
KKMA	KUKURMARA					
KKPS	DALMIAPURAM CEMENT SDG, KALLAKKUDI-PALANGANATHAM					
KKRJ	KOKRAJHAR					
KKRV	KUKARVADA					
KKSG	ARSENAL SIDING, KHADKI					
KKUF	KANAKPURA					
KKUR	KAKKALUR H.					
KKY	KILAKADAIYAM					
KLBG	KALABURAGI					
KLBR	KOLIDA BERI					
KLC	KALA CHARA					
KLCW	KALYANPUR LIME & CEMENT SDG, DEHRI-ON-SONE					
KLDA	KALEDIYA					
KLDK	KALLADAKA					
KLKA	KOILAKUNTLA					
KLKD	KALLADAKA					
KLKN	KALKA					
KLLR	KHALILPUR					
KLMI	KALAMBOLI EXCHANGE YARD					
KLML	KELOMAL					
KLNR	KALINAGAR					
KLPI	KUYILIANPARAI					
KLPR	KALIPUR					
KLSK	KKC LINK					
KLSR	KALASAR					
KLUR	KALLURU					
KLWD	KALITALVADI					
KLY	KELAVLI					
KLYG	KALYANI GHOSHPARA					
KLYM	KALYANI SIMANTA					
KLYN	KHILERIYAN HALT					
KLYS	KALYANI SILPANCHAL					
KMBH	KAMLABAD BARHAUL HALT					
KMBI	KOMBADIPPATTI					
KMBK	KADAMBANKULAM					
KMBP	KURUMGALAIYAM					
KMCE	KUMARDHUBI FIRE CLAY & SILION WORKS NO. 4 SDG, BARAKAR					
KMDA	KRISHNA PURAM MUKKADA					
KMDC	KURMADANGA H					
KMDG	KURMADANGA					
KMES	MSEB KUNDHA HYDRO ELECTRIC SCHEME SIDING, KARAI MADAI					
KMGU	KAMAKHYA GURI					
KMJE	KUMARDHUBI SDG, BARAKAR					
KMKA	KUSMUNDA					
KMKY	KAMAKHYA					
KMLA	KARMALA					
KMLD	KANLA DABBAN					
KMMS	KERALA MINERAL & METAL SIDING, KARUNAGAPALLI					
KMN	KHAMGAON					
KMNG	KAMRANGA					
KMOA	KALIMPONG O A					
KMPD	KARAMPADU					
KMPR	KOMARPUR					
KMRA	KAMNARA					
KMRL	KUMRUL					
KMRP	KANDRORI MILITARY SIDING					
KMY	KAMUDAKKUDI					
KNCJ	KRISHNANAGAR CITY JN NG					
KNDG	KANHAD GAON					
KNDS	KHANDESHWAR					
KNDX	KHANDI HALT					
KNEF	KISHANGANJ					
KNGK	KAKINADA NEW GOODS COMPLEX					
KNGL	KANIMANGALAM					
KNGS	OIL & NATURAL GAS COMMISSION SDG, KORUKKUPET					
KNHL	KANTENAHALLI					
KNHR	KIRNAHAR					
KNIA	K NO. 1 RLY ASSTT. SIDING, KATRAS GARH					
KNIN	KUNAINA					
KNJN	KRISHNA NAGAR CITY JN					
KNKI	KANKI					
KNKN	KENDU KANA					
KNLB	KANKANEE SIDING - LOYABAD					
KNLI	KANGALI HALT					
KNLR	KANDLA PORT					
KNNN	NEW KHANNA					
KNPA	KANAKPURA COAL FIELD					
KNPX	KENCHANAHALLI PURA					
KNRU	KONANUR HALT					
KNSG	KHAMARIA ORDINANCE FY. SDG, JABALPUR					
KNSP	KUJU NEW SIDING					
KNTL	KANTALIA					
KNTR	KANTHARIYA					
KNWA	KHANDWA					
KNWB	KHANDWA					
KNWX	KHANDWA JN.					
KNY	KONDAIPUR					
KOD	KHARAGHODA					
KOH	KOTESHWAR					
KOHA	KOTTAKOTA					
KOKG	KORUKKUPET GOODS					
KOLG	KAUSHAL GANJ					
KONA	KONA					
KONC	CONCOR - RAIL TERMINAL AT KUDAL NAGAR					
KOPAR	KOPR					
KOSG	KHANDESH OIL EXTRUCTION CO SDG, CHALISGAON JN.					
KOUA	KAIRA DISTRICT CO-OP MILK PROCEDURE UNION LTD. ANAND					
KOVH	KOVVADA					
KOVS	KIRIOSKAR BROTHERS LTD, KIRLOSKAR VADI					
KPCC	KARNATAKA POWER CORP. LTD. YADALPUR					
KPCL	KPCL SIDING					
KPDF	KATPADI JN.					
KPER	KUPER					
KPET	KIDDERPORE EAST					
KPFP	M/S KESAR MULTIMODAL LOGISTICS LTD					
KPGN	KALPAGANUR					
KPGS	KAPA GOODS SHED					
KPHI	KOTHAPALLI					
KPHN	KOPAR KHAIRANE					
KPJ	KOPA GANJ					
KPKS	KALIPAHARI COLLIERY SDG					
KPLH	KOTIPALLI					
KPLS	KOTA PETROL SDG, KOTA					
KPPS	KOLA GHAT THERMAL POWER STN, MECHEDA					
KPRJ	KALISINDH THERMAL POWER PROJECT RRVUNL SIDING JHALAWAR					
KPRK	kandla port dock rail terminal					
KPSH	KODERMA THERMAL POWER STATION					
KPSR	KUSUM PRODUCT SDG, RISHRA					
KPWS	KHODIYAR POTTERY WORKS LTD. SDG, SIHOR JN. MG					
KQF	KHADEEN					
KQG	KOLAGALLU					
KQNF	KODAIKANAL ROAD					
KQRT	KODERMA TOWN					
KQUF	KAMARKUNDU FLAG STN.					
KR11	MAYEM					
KRAP	KARAPA					
KRBU	KIRIBURU					
KRCT	KANPUR CENTRAL JN.					
KRDP	KHUDIRAMBOSE ROAD PUSA					
KRDS	KORADIH THERMAL POWER STATION SDG, KALAMNA					
KRHL	KOURAHI LALIT					
KRIR	KHARI ROHAR ROAD					
KRKT	KHIRERKOT					
KRLG	KOTARLIA PUBLIC SIDING					
KRML	KURUMALAI HALT					
KRMR	KARIM NAGAR					
KRMY	KARMALIYAPURA					
KRNJ	KARANJALI					
KROR	KHARI ROHAR ROAD					
KRQT	KARTARPUR QTS					
KRSN	KRISHNANAGAR					
KRSX	KURASIA					
KRU	KHERALU					
KRVL	KORAVANGALA HALT					
KRXA	KHARA					
KRYL	M/S RAMAKRISHI RASAYANI SDG.					
KRYR	KARAM SAD					
KSAG	STEEL AUTHORITY OF INDIA LTD. SDG, KALAMBOLI EXCHANGE YARD					
KSBN	KOSAMBA JN.					
KSCK	KRISHNASHILA CHP SIDING					
KSCN	KANALUS SOUTH CABIN					
KSDG	KONDEY SIDING					
KSDJ	KONDEY SIDING					
KSDK	KUSUNDA COLLIERY SIDING.					
KSDP	KRISHNA DEVPUR					
KSER	KOSI EAST SDG, RAJMAHAL					
KSGF	KISHANGARH					
KSHT	KHETIA					
KSIK	KALAPAHARI SDG, PAKAUR					
KSKA	KAUSIKA HALT					
KSLF	KARASANGAL					
KSLI	KHANSOLI					
KSLK	KAKINADA SEA PORT LTD					
KSLL	KHASOLI					
KSLP	KUSHALPURA					
KSNK	M/S KUDGI STPP-NTPC SIDING,KUDGI					
KSNT	KHALARI SDG. NO. 2, KHALARI					
KSPF	KESORAM SPUN PIPE AND FOUNDRIES PVT. LTD., BANSH BARIA					
KSRN	KUSARNA					
KSRT	KODANPARA, RAMTEK					
KSSB	KUSTORE-7 SIDING BHAGA					
KSTS	KRISHNAMSHETTI PALLI					
KSVL	KAMSAVALI					
KSVR	KESHAV NAGAR HALT					
KSWB	KESAR SUGAR WORKS LTD. SDG, BAHERI					
KSWM	KANPUR SUGAR WORKS LTD. SDG, MARHAURA					
KTAR	KATRA J&K					
KTCY	KOTA CITY					
KTDA	KATUDA					
KTGN	KOTLA GUJRAN					
KTHR	KATIHAR JN.					
KTHY	KATHURUTHY HALT					
KTIA	KOTHIA					
KTIG	TISCO SIDING, KALAMBOLI EXCHANGE YARD					
KTKC	KAITHALKUCHI					
KTKT	KATTUKOTTAI					
KTLI	KATHALTALI HALT					
KTLO	KOTLO					
KTLS	M/S KHANDELWAL TUBES LTD SDG, KANHAN JN.					
KTML	KOTHIMAHAL					
KTN	KHETRI NAGAR					
KTNS	KISTNA CEMENT					
KTOR	KATORIYA					
KTPG	KOTHAGUDEM THERMAL POWER STATION SIDING FOR APGENCO.					
KTPH	KOTA THERMAL POWER HOUSE					
KTPR	KATHALPUKHURI					
KTPS	KORADI THERMAL POWER STATION SIDING GODHANI					
KTSG	KATNI CEMENT LTD. SIDING, KATNI JN.					
KTTG	TATA IRON & STEEL CO. SIDING					
KTTL	KATRATHAL					
KTTW	KOTA WORKSHOP					
KTVR	KOUTAVARI AGRAHARAM					
KTWD	KARATWADI HALT					
KTWI	KATHARA WASHERY					
KTWY	KATHARA WASHERY					
KUHM	KUSMAHI					
KUJU	KUJU					
KULS	KULSHE KARA					
KUMR	KUMIRMORA					
KURI	KURI HALT					
KURT	KHURDA TOWN					
KUSG	NAVAL STORE DEPOT SDG ASC KANDARI SDG, KURLA JN.					
KUTS	KUTCHEEDANA					
KVBD	KAVI BUNDER KAVI					
KVF	KHERUA					
KVGD	KUMBALAGOD					
KVLK	KAVAL KINARU					
KVMG	KAVUTARAM GATE					
KVNR	KARIVALAMVANDANALLUR					
KVSG	ARMOURED FIGHTING VEHICLE DEPOT SIDING, KHADKI					
KVT	KUNKAVAV TOWN					
KVV	KURAVAPPULAM					
KVY	KAVULUR U					
KWAR	KAWAR					
KWDH	KUWANDIH					
KWJP	KARGALI WASHERY SIDING PF-II					
KWSP	KATHRA WASHERY SIDING					
KWSR	KOSI WEST SDG, RAJMAHAL					
KWT	KHANALAMPURA WEST					
KWVN	KURDUVADI JN					
KXC	KAGMALA HALT					
KXRA	KURIA HALT					
KXY	KARIYAPATTINAM					
KYB	KAIYAR					
KYDH	KYADI					
KYNX	KALYAN JN. YARD					
KYRF	KARUPATTI					
KYSF	KAIYAL-SADHAVI					
KYSG	KALYAN KHANI NO. 1 COLLIERY, BELAMPALLI					
KYZ	KIZHAPULIYUR					
KZF	KATHOTIA					
KZP	KALAHAS THINATHA PURAM					
KZR	KRISHNA RAMPUR					
LAKS	LANCO ANPARA					
LANS	LALKOTI NO. 1 SDG, RANI GANJ					
LBCR	LOYABAD-28					
LBD	LIMBODRA					
LBGN	LAKSHMIPUR BHORANG HALT					
LBI	LILABARI					
LBNG	LAXMIPUR BHORANG					
LBP	LABPUR					
LBPD	LPG BOTTLING PLANT, DURGAPUR					
LBPM	LPG BOTTLING PLANT					
LCL	LEDO COLLIERY(P), LEDO					
LCME	LACHHMANPUR ROAD					
LCPS	LODNA COKE PLANT LODNA					
LCTS	LAXMI CEMENT SDG, BANAS					
LDJE	LODNA					
LDPR	LADPURA					
LDWA	LAKSHADEEP - ANDROPH					
LDWK	LAKSHADEEP - KAWARETHI					
LDWM	LAKSHADEEP - MINICOY					
LEGS	2ND LOOP EXTENSION GOODS SIDING, SARNA					
LFSG	M/S.NUVOCO VISTAS CORPORATION LTD SERVED BY GAMBHIRI ROAD					
LGB	LOHGARH ABUB					
LGG	LALGOLA GHAT					
LGHL	LALGARH LOCO SHED SIDING, LALGARH					
LGI	LANGAI					
LGP	LINGOJIPALLIE					
LHR	LAHORE JN.					
LIKA	LAIKERA					
LIL	LILMA					
LILG	LIPTON INDIA LTD, GAZIABAD					
LIOC	IOC SIDING, LKU					
LIPL	LAFARGE INDIA PVT LTD SIDING, AKALTARA					
LJNF	LUCKNOW JN.					
LJO	LONGRANGAJAO					
LKES	ASSOCIATED CEMENT CO. LTD. SDG, LAKHORI					
LKK	LYALLAPUR K.COLLEGE					
LKPE	LEKHAPANI					
LLB	LILABIGHA					
LLCR	LALMATIA LOADING COMPLEX					
LMGB	LOCM RAPID LOADING SYSTEM					
LMGT	PRIVATE SIDING, LINGARAJ MGR OF M/S MCL AT TALCHER					
LMS	MONAWARBAGH MILITARY SIDING, LUCKNOW					
LMST	MARGHARITA SLEEPER TREATMENT SDG, MARGHERITA					
LMVS	M/S LITE METAL INDUSTRIES SDG, VISHAKHAPATNAM PORT					
LMY	LAIMEKURI HALT					
LNCP	LONDA L/NO.9 COLLIERY SIDING PATHERDIH					
LNJ	LANGHNAJ					
LNJJ	LUNI JN.					
LNLX	LONAVLA YARD					
LNV	LUNAVADA					
LNW	LAKHANWARA					
LNX	SPECIAL RAILWAY SIDING LALNAGAR					
LOCM	LAJKURA OPEN CAST MINES-III SDG., BELPAHAR					
LOCP	LONDA L/NO.1 COLLIERY SIDING PATHERDIH					
LOMB	M/S LAJKURA OPEN CAST MINES, BRAJARAJNAGAR					
LOMC	LAJKURA OPEN CASR MINES-II,BRAJRAJNAGAR					
LPA	LATIPURA					
LPBG	LPG SIDING FOR BPCL, BHITONI					
LPBN	LPG MINI BOTLING PLANT					
LPBP	LPG BOTTLING PLANT, LALRU					
LPBS	IOC					
LPDC	LTC PLANT DANKUNI COAL COMPLEX SDG, JANAI ROAD					
LPGK	LPG BOTTLING PLANT SIDING, GANGAGANJ PANKI					
LPGS	LPG SIDING					
LPGU	LALITPUR POWER GENERATION COMPANY LIMITED					
LPJL	JAGITYAL(LINGAMPET)					
LPNC	LAJPAT NAGAR BY PASS A CABIN					
LPRM	MILITARY RAMP SIDING LOADING PLATFORM, MOGA					
LPSG	LPG BOTTLING PLANT SIDING, KHAPRI					
LQTS	LUDHIANA QUICK TRANSIT SER					
LRA	LODRA					
LRM	MILITARY RAMP SIDING, MOGA					
LRST	LINGARAJ SPUR SIDING NO.3 OF MCL					
LSCP	LONDA L/NO.7 COLLIERY SIDING PATHERDIH					
LSOP	L.H.SUGAR FACTORY AND OIL MILLS SDG, PILIBHIT					
LSSG	SAND SIDING, LUNI JN.					
LSST	LINGARAJ SILO SIDING OF M/S MCL					
LTBK	LINE NO.10, BARKAKANA					
LTC	LOW TEMP. CORBONISATION PLANT COLLIERY, MANCHIRYAL					
LTCD	L&T CEMENT SIDING, CHANDRAPUR					
LTCP	LONDA L/NO.10 COLLIERY SIDING PATHERDIH					
LTG	LATAGURI JN.					
LTIM	L&T LTD.-MELAPAKKAM					
LTLS	LARSON & TOUBRO LTD, GADCHANDUR					
LTP	LATTIPUR					
LTSG	LAHAVIT MILITARY SDG, LAHAVIT					
LTSK	M/S LARSON & TOUBRO, KANSBAHAL					
LTSR	L&T CEMENT SDG, RAJULA					
LU	LAVARA					
LUN	LAVANPUR					
LUNS	LALKOTI NO2 SDG, RANI GANJ					
LVCP	LIBERTY VICTORY COLLIERY SIDING PATHERDIH					
LWJ	LOWJEE					
M/S	Gateway Rail Freight Limited					
MAAL	PVT SDG OF M/S HINDALCO INDUSTRIES LTD,UNIT-ADITYA ALUMINIUM					
MAAM	M/S ADANI AGRO LOGISTICS LTD. PRIVATE SIDING AT MALUR					
MAAP	ADANI AGRI LOGISTICS LTD					
MAC	MACHIYALA					
MADF	MADAR					
MADU	MADDURU					
MAHI	MAHIPUR					
MAIL	ARYAN ISPAT & POWER					
MAJ	MAJHERGRAM					
MAKP	MANIKPURA					
MAKU	MSPL-AHB SIDINGS					
MAL	MAL JN.					
MALR	MALLUR					
MALX	MALIYA MIYANA					
MAMC	MAMC					
MANR	MANSAROVAR					
MANS	MANSAR					
MAOU	MADGOAN JN.					
MAPD	M/S ADANI PETRONET					
MAPT	M/S ACC LIMITED PRIVATE SIDING SERVED BY THONDEBHAVI STATION					
MAQH	MANGALORE HARBOUR TERMINUS					
MAQT	MANGLORE TOWN					
MATK	MATYAKHERI					
MATP	ASSOCIATED CONTAINER TERMINAL LTD ASAOTI					
MAVB	M/S VEDANTA ALUMINA LTD					
MAW	MACHAI SIDING					
MAYA	MAKAKHAD					
MBCA	MORADABAD C B A					
MBCB	BALLARPUR COLLIERY SDG.					
MBCY	M/S.BHARATHI CEMENTS CORPORATION LIMITED					
MBDP	MAA BELHA DEVI DHAM PRATAPGARH JUNCTION					
MBEB	PVT. SIDING OF M/S. BENGAL ENERGY PVT. LTD.					
MBIJ	BALLARPUR INDUSTRIES, JAGADHRI					
MBIV	BMM ISPAT LTD SIDING					
MBMB	M/S. BHUSHAN STEEL LTD. SIDING					
MBMF	MAMBALAM					
MBPB	M/S SHRI BAJRANG POWER & ISPAT LTD SDG					
MBPC	BINA DESPATCH TERMINAL: BPCL SIDING					
MBPJ	M/S. M B POWER					
MBPL	M.P.ELEC BD.POWER HOUSE, LAXMIBAI NAGAR					
MBPP	BPCL SDG. AT URAN					
MBR	MEGHAGHUTUBUR					
MBRD	MAHABI NAYAK ROAD					
MBSB	BINANI CEMENT SIDING BHAGEGA					
MBSH	BIRLA SUPER CEMENT SDG.					
MBWK	MADHUBANDH WASHERY					
MCAC	MILITARY COAL SIDING, AMBALA CANTT					
MCC	MUMBAI CENTRAL					
MCCS	M/S SONAR BANGLA CEMENT SDG. GANKAR					
MCE	MOCHIA					
MCES	M/S CESC POWER GENERATING STATION BUDGE BUDGE					
MCFK	M/S CHIDAMBARA CHEMICALS & FERTILIZERS LTD					
MCFL	PRIVATE SIDING OF m/S MAHANADI COALFIELDS LIMITED AT LAIKERA					
MCIG	MADRAS CEMENT-ICHCHANGADU					
MCK	MANIKPUR COLLIERY SIDING					
MCKG	MOUZA COLLIERY SIDING KATRASGARH					
MCLJ	MADRAS CEMENTS LTD,, JAGGAYYAPET TOWN					
MCLK	KANIKA SIDING OF SECL, HIMGIR					
MCMS	ALLAHABAD MILLING COS MILL SIDING, ALLAHABAD					
MCNP	MARATWADA CEMENT WORKS					
MCSG	ASSOCIATED CEMENT CO., MANCHIRYAL					
MCSI	SOUTHERN IRON & STEEL CO. LTD.					
MCSK	MAHESHPUR COLLIERY SIDING KATRASGARH					
MCSP	PURE-JAMBAD COLLIERY SIDING SONACHARA					
MCSU	MOIRA COLLIERY SIDING UKHRA					
MCTP	MANGALORE COAL TERMINAL PVT. LTD. SIDING SERVED BY PANAMBURU					
MCTS	MANGLAM CEMENT WORKS, MORAK					
MCW	MARATWADA CEMENT WORKS					
MCWH	CENTRAL WAREHOUSING CORP., NAMBURU					
MCWM	MAHUDA COAL WASHERY SIDING-MAHUDA					
MCYA	MILLS RAILWAY SIDING LEHREAGAGA					
MDAD	ADANI AGRI LOGISTICS SDG, MADUKKARAI					
MDAR	MUNDRA AIRPORT ROAD					
MDAS	MADRAS ALUMINIUM CO. LTD. SIDING, METTUR DAM					
MDBI	MANDARBANI COLLIERY SDG					
MDC	MAKARDAHA					
MDCC	MUNDRA PORT CARGO COMPLEX					
MDCJ	M/S. DECCAN CEMENTS LTD.					
MDCS	M/S.DALMIA CEMENTS					
MDHI	MADHAIPUR COLLIERY SDG.					
MDHL	MARIDHAL HALD					
MDHP	MADHAPUR					
MDIT	DHARIWAL INFRASTRUTRE LTD SIDING					
MDKL	MANDIYAI KALAN(HALT)					
MDKM	MADATTUKULAM					
MDKO	MEDAK OUT AGENCY					
MDKS	ASSOCIATE CEMENT SDG, MADUKARAI					
MDLS	CEMENT DEPOT SIDING - BG METTUR DAM					
MDMD	MAHADEIYA LINE NO.5					
MDPC	MUNDRA PORTCONTAINER TERMINAL					
MDPI	MADUGULAPALLI HALT					
MDPT	MUNDRA PORT					
MDRJ	MADURAI JN.					
MDRW	MURDESWARA					
MDSB	MILITARY DEPOT SIDING, BHATINDA					
MDSG	TELEGRAPH WORKSHOP & STORES SDG, MADAN MAHAL					
MDSP	MILITARY DISMANTLLING SIDING					
MDST	MOTHER DAIRY SIDING, TUGHLAKABAD					
MDVH	MANDAR VIDYAPITH HALT					
MEBK	MPEB SIDING,KORBA					
MEC	MERTA CITY					
MEGN	MEHGAON					
MEI	MILAKPUR HALT					
MEL	MUMBAI					
MELG	MAHARASTRA ELECTRO SMELT SDG, CHANDRAPUR					
MELH	MELUSAR HALT					
MEOM	M/S ESSAR OIL LTD SDG, MODPUR					
MEPH	MES POWER HOUSE SIDING, AMBALA CANT					
MESD	MILITARY ENGG					
MFC	MONABARI					
MFCP	MATIX FERTILISERS & CHEMICALS LTD					
MFCS	FOOD CORPORATION OF INDIA, KARNAL					
MFD	MOHDI					
MFGT	M/S. FCI OF GOVT. FOOD GRAIN GODOWN					
MFN	MINAMBAKKAM					
MFPB	PRIVATE SIDING OF M/S FACOR POWER LIMITED					
MFS	CHENNAI EGMORE					
MFSG	MAHARASTRA STATE ELECT BOARD SDG, BHUSAVAL					
MFSJ	M/S MAHANADI COALFIELD LTD. AT SARDEGA					
MFT	METTUGUDDA					
MGBK	PRIVATE SIDING OF M/S GMR KAMALANGA ENERGY LTD					
MGCG	MANICKGARH CEMENTS LTD., GADCHANDUR					
MGCH	PVT. SDG. OF M/S GRASIM CEMENT, HATHBANDH					
MGCP	M/S.GERDAU STEELS INDIA LIMITED SDG SERVED BY CLPE RLY STN					
MGCS	MAHARASTRA GAS CRACKER COMPLEX SDG, NAGOTHANE					
MGCT	PRIVATE SIDING OF M/S GLOBAL COAL AND MINING PVT. LTD.					
MGHP	MEGHPUR					
MGIS	M/S GALLANTT ISPAT LTD, SIDING,SAHJANWA					
MGKS	FCI GRAIN GODOWN SDG, MULAGUNNATHUKAVU					
MGMA	GLOBAL COAL AND MINING PVT LTD					
MGMT	M/S ADANI POWER LTD.					
MGND	MAGNAD					
MGP	MAHADEO PUR GHAT					
MGPM	MANGAPURAM					
MGPV	M/S.GANGAVARAM PORT SIDING					
MGS1	MGS NEW WEST CABIN					
MGSF	GUN & SHELL FY SDG, COSSIPORE ROAD					
MGSG	MAHARASTRA GOVT. MILK SCHEME SDG, DHULE					
MGSP	M/S.GRASIM INDUSTRIES LIMITED					
MGZ	MAHARAJGANG					
MHBE	MOHANDARIE MILT SIDING, LAHOAL					
MHBS	M/S HPCL & BPCL					
MHCH	MANIHARI COAL SIDING, MANIHARI					
MHE	MAYEN					
MHEK	MAHARASHTRA GOVT. KOYNA HYDRO POWER CORPN., KARAD					
MHID	HINDUSTAN INSECTICIDE, DAYABASTI					
MHJA	HUKUM CHAND JUTE MILLS,AMLAI					
MHKP	MAHA KALPARA					
MHLN	MAHENDRALALNAGAR					
MHND	MOHANDI					
MHPL	M/S HASTI PETRO CHEMICAL AND SHIPPING LTD AT SANAND					
MHRI	MACHHRAULI					
MHSP	MAHESPUR					
MHZR	M/S HINDUSTAN ZINC LTD SIDING					
MIBN	NAGPUR					
MICB	M/S I O C 32 SDG . S/B BUDGE BUDGE					
MICL	MICO USERS TEXMACO SDG, SODPUR					
MICT	M/S INDIA CEMENT LTD, TANDUR					
MIGK	INDIRA GANDHI SUPER THERMAL POWER PROJECT SERVED BY KOSLI					
MIHK	M/S IOC SIDING-HAZIRA-KOSAD					
MILK	M/S INNOVATIVE B2B LOGISTIC PVT LTD.					
MILS	MODERN INDUSTRIES LTD, SAHIBABAD					
MIMH	MONNET ISPAT AND ENERGY LTD					
MIOC	IOC LSHS SIDING, CHTS					
MIOJ	M/S INDIAN OIL TANKING LTD					
MIPR	M/S INDIAN PETRO CHEMICALS CORP. LTD, RANOLI					
MISY	MARAPHARI STOCK YARD OF M/S. BSL					
MIVB	M/S. VIMLA INFR. IND. PVT. LTD.					
MJAC	M/S. JAIPRAKASH ASSOCIATES CHUNAR					
MJBB	M/S JAI BALAJI SPONGE LTD. PVT. SDG.					
MJBM	PVT SDG OF M/S JAI BALAJI INDST LTD					
MJCG	M/S J.K. CEMENT WORKS LTD. SDG					
MJCR	M/S JAYPEE BALAJI CEMENT PLANT LTD					
MJFF	MALKAJGIRI					
MJH	MAJU					
MJHN	MUJHANA					
MJMK	JINDAL INFRASTRUCTURE LTD. SIDING					
MJNO	MAKUM ORDINANCE DEPO SIDING, MAKUM JN.					
MJOG	JUBILIANT ORGANOSYS LTD. SDG					
MJOU	MAJORDE JN.					
MJPJ	Ms JHAJJAR POWER LTD SDG SERVED BY JHARLI					
MJRL	MANJROL					
MJSG	NEW MANJRI COLLIERY SIDING, MAJRI JN.					
MJTA	MAJITHA					
MJU	MAHARAJ PUR GHAT					
MKAR	MUKURIA					
MKCA	MAKSI					
MKCW	KARTIKEYA COAL WASHERY SDG.					
MKGD	MANIKAGODA					
MKGH	MOKAMA GHAT					
MKIG	M/S KRIBHCO INFRASTRUCTURE LTD SIDING SERVED BY GOTHANGAON					
MKKF	KODAMBAKKAM					
MKMA	KSK MPC LTD. AND RCRIP LTD.					
MKMP	MOKHAMPURA					
MKNS	MMU-III					
MKPG	M/S KALYANI STEEL LTD SIDING					
MKPP	M/S KANPUR LOGISTICS PARK PRIVATE LIMITED					
MKSG	MILITARY TRANSIT SIDING					
MLA	MALPURA					
MLBN	MOHALBONI					
MLDA	MALDATOWN					
MLDR	MELAMARUDHUR					
MLFC	MALDA COURT					
MLHL	MALLENAHALLI					
MLLT	LARSON & TOUBRO CEMENT SIDING, ARAKKONAM					
MLMD	MAHADEIYA LINE NO.4					
MLMF	MELMARUVATHUR					
MLNR	GAWADA MALOSAN					
MLPB	MULTIMODAL LOGISTICS PARK BALLI					
MLPS	PORT TRUST SIDING, MELPAKKAM					
MLQR	MILKAPUR HALT					
MLRM	MOTOR LOADING PLATFORM RAMP SDG, MOTTHARI					
MLRS	MOTOR LOADING PLATFORM RAMP SDG, SAGAULI JN.					
MLSW	LIYODS STEEL INDUSTTRIES					
MLTC	M/S ULTRA TECH CEMENT LIMITED.					
MLTJ	MALATAJ					
MMBD	MAHESHWARI COAL BENEFICIATION AND INFRA PVT LTD					
MMCS	MMU-II					
MMDI	MOHINI MANDAL					
MMEC	M/S. MINERAL ENTERPRISES LTD.					
MMHM	M/S. MY HOME INDUSTRIES LIMITED					
MMHR	M/S MY HOME INDUSTRIES LIMITED					
MMI	MARIYAMANAHALLI					
MMIM	MODI INDUSTRIES SIDING, MODI NAGAR					
MMIS	M/S MID EAST INTEGRATED STEELS LTD					
MMKF	MADURANTAKAM					
MMMT	MAITHON POWER LIMITED SDG					
MMNF	MARAI MALAI NAGAR KAMARAJAR					
MMRC	M/S MINERALS & MINERALS LTD, RICHUGHUTA					
MMRP	MINERALS AND MINERALS SDG					
MMRX	MANMAD JN. YARD					
MMSS	M/S MALVIKA STEEL LTD., SINDURWA					
MNBD	MOINAR BOND					
MNBK	M/S. NTPC-SAIL POWER CO.PVT.LTD					
MNCK	M/S.NAGARJUNA CEMENTS LIMITED SIDING					
MNGP	MANHGUPUR					
MNH	MUNSHIRHAT					
MNIN	MANSI JN.					
MNJC	NORTH JHARKHAND COLLIERY SIDING, MANENDRAGARH					
MNJD	MANJATTIDAL					
MNKD	MANKHURD					
MNKG	MANKUR GHAT					
MNKR	MALLANKINAR					
MNKT	MGR UNLOADING POINT OF NTPC/KANIHA					
MNMA	MANDAN MISHRA HALT					
MNRO	ORDNANCE FACTORY, MURADNAGAR					
MNSG	MAJRI KHADAN NO. 2 COLLIERY SDG, MAJRIKHADAN					
MNSK	NALWA STEEL & POWER LTD SDG					
MNSM	MANIKGARH NEW GOODS SHED					
MNSW	MANESWAR					
MNVG	NAVBHARAT VENTURES LTD					
MOCB	M/C OBLAPURAM MINING COMPANY LTD SIDING					
MOCL	PVT. SDG OF M/S DALMIA CEMENT					
MOEN	MYSORE JN.					
MOH	MOHISHILA					
MOIB	M/S OCL INDIA LIMITED					
MOIL	BHARWELI MANGANESE ORE BALAGHAT FOR MOIL SDG., BALAGHAT JN					
MOMG	GATI SHAKTI MULTI-MODAL CARGO TERMINAL OF M/S. ORISSA METALIKS PVT. LT					
MOMN	PVT. SDG. OF M/S. ORISSA METALIKS PVT. LTD.					
MOS	MASHAT					
MOUM	MANOHARPUR MARKET PLACE					
MPBG	MADHYA PRADESH ELECTRICITY BOARD SIDING, GHORADONGRI					
MPCJ	M/S PENNA CEMENTS INDUSTRIES LTD					
MPCL	BPCL PVT BG SIDING					
MPCS	MYSORE PETRO CHEMICALS LTD., CHIKSUGUR					
MPIB	M/S PRISTINE MAGADH INFRASTUCTURE PVT. LTD.					
MPJP	M/S PEENA CEMENTS LIMITED					
MPLS	MANGLAGAON POL MOREK SDG, MANGLAGAON					
MPM	MUKTAPURAM HALT					
MPPN	NARORA ATOMIC PWR PRJT SDG, RAJGHAT NARORA					
MPRA	MAHAMMAD PUR					
MPSP	MILITARY PETROL STORAGE, PALAM					
MPX	MERPANAIKKADU					
MQSF	MILITARY QUILE SIDING, FIROZPUR CANTT JN.					
MQSG	MSEB THERMAL POWER STATION SDG, ODHA					
MQTS	MORADABAD QTS					
MRAJ	MARWAR JN.					
MRBS	MILITARY RAMP SIDING, BHATINDA CANTT					
MRCJ	M/S.RAMCO CEMENTS LTD SDG SERVED BY JAGGAYAPET TOWN					
MRCR	MERCARA O.A.					
MRDP	MURADPUR(HALT)					
MRFC	MILITARY RAMP, FIROZPUR CANTT. JN.					
MRFS	MADRAS REFINERY SIDING, TONDIARPET					
MRGB	MILITARY RAMP SIDING, GIDDARBAHA					
MRGN	MILITARY RAMP SIDING, GONEANA					
MRGR	MILITARY RAMP SIDING, GURDASPUR					
MRH	MARMAGAO					
MRIK	RELIANCE INDUSTRIES LTD SIDING					
MRJN	MIRAJ JN.					
MRJX	MIRAJ JN. YARD					
MRKI	M/S RITA STEEL INDUSTRIES KANHAN					
MRKS	MILITARY RAMP SIDING, KAPURTHALA					
MRKT	MURKATA					
MRLB	M/S.AMBUJA CEMENT EASTERN LTD.					
MRLP	MODI RUBBER LTD, PABLIKHAS					
MRMP	MILITARY RAMP SIDING, MADHOPUR(PB)					
MROS	M/S RANI & OTHERS					
MRPK	MILITARY RAMP SIDING, PAKKI					
MRPP	MILITARY RAMP SIDING, PATIALA					
MRPS	MILITARY RAMP SIDING, SARNA					
MRPT	MAHA RAJU PETA					
MRRW	MILITARY RAMP SIDING, RAIWALA JN.					
MRSA	MILITARY RAMP SIDING, AMRITSAR					
MRSB	MILITARY RAMP SIDING , BATALA					
MRSC	MILITARY RAMP SIDING CHANDIMANDIR					
MRSD	MILITARY RAMP SIDING, DINA NAGAR					
MRSG	MILITARY RAMP SIDING					
MRSK	MILITARY RAMP SIDING, KATHUA					
MRSM	MILITARY RAMP SIDING, MALOUT					
MRSN	MILITARY RAMP SIDING, NABHA					
MRSP	MILITARY RAMP SIDING, PATTI					
MRSR	MILITARY RAMP SIDING, RAMDAS					
MRSS	MILITARY RAMP SIDING, SOHAL					
MRST	MILITARY RAMP SIDING, TARN TARAN					
MRSW	MILITARY RAMP SIDING, SANEHWAL					
MRTU	MILITARY RAMP SIDING, TANDA URMUR					
MRWN	RAJASTHAN SPINNING & WEAVING MILLS SIDING					
MRXq	MURUD					
MSAR	MISALUR					
MSBB	BARI BRAHMAN MILITARY SIDING					
MSCA	M/s.Singareni Collieries Co. Limited					
MSCF	CHENNAI CHETPAT					
MSCS	MODERN SATGRAM COLLIERY					
MSDD	MILITARY SUPPLY DEPOT DELHI CANTT					
MSE	MASANI					
MSGA	MILATRY SDG FOR PROPALLENT ORDANANCE FACTORY ET					
MSGD	MILITARY RAMP SIDING, DHANDHERA					
MSGJ	MAHESHGANJ					
MSGN	MILITARY RAMP SIDING					
MSHL	MOSALE HOSAHALLI HALT					
MSHS	MILATRY SIDING, HASIMARA					
MSIK	M/S STEEL AUTHORITY OF INDIA LTD. KHODIYAR					
MSIM	NACAST SPONG IRON LTD., MANDHAR					
MSIR	M/S SKS ISPAT & POWER LTD RSD					
MSKB	MILITARY SDG BG, KHAMBHALIYAM					
MSL	MACHHALANDAPUR					
MSM	MASINPUR					
MSMJ	MILITARY SDG, MHOW					
MSMM	M/S SARDA ENERGY & MINERALS LTD SDG					
MSNR	MUSUNURU					
MSPC	MAUDA SUPER TPS, NTPC LTD.					
MSPD	MILITARY SIDING NO IV RESERVE PETROL DEPOT, DELHI CANTT					
MSPJ	MSP STEEL & POWER LTD.,JAMGA					
MSPM	STAR PAPER MILLS SIDING NO 2 MB END, SAHARANPUR					
MSPS	MAHARASTRA STATE ELECTRICITY BOARD					
MSPV	M/S SMIORE PLANT SIDING OF SMPPL, SERVED BY VYASA COLONY STN					
MSQS	MAHARAJPUR STONE QUARRY, MOHRAJPUR					
MSRJ	MILATRY SIDING, RANGIYA					
MSRS	MINERAL SDG, RAJMAHAL					
MSRT	MILITARY RAMP SIDING, TANGRA					
MSSG	MAIHAR CEMENT SDG, MAIHAR					
MSSL	M/S SUPER SMELTERS LIMITED					
MSSN	MAISHASHAN					
MSTB	M/S SANJVIK TERMINAL PVT LTD					
MSTN	MILITARY RAMP SIDING END LOADING, TALWANDI					
MSTR	M/S. SRIDHI TRANSPORT CO. PVT. LTD.					
MSTW	TALWANDI MILITARY SIDING					
MSVN	MESWAN					
MTBH	MAHATBANIA HALT					
MTCK	MEERUT KOMBOH GATE CBA					
MTDC	CHEMPLAST SANMAR LTD SDG, METTURDAM					
MTDE	MILITARY TRANSPORT&DEAD END SIDING, AMBALA CANTT					
MTE	METTUR					
MTF	MASULIPATAM PORT					
MTHH	MOTHALA HALT					
MTKD	MOTI KHAVDI					
MTKN	MOTASAR KHUNI					
MTLA	MOTHALA					
MTLF	MAILAM					
MTLP	MITHILA DEEP					
MTNC	MATTAN CHERI HALT					
MTPF	METTUPALAIYAM JN.					
MTPH	THERMAL POWER HOUSE					
MTPK	MSEB THERMAL POWER PLANT(KPKD)					
MTPS	MEJIA THERMAL POWER STATION					
MTRN	M/S. TISCO'S ROPEWAY SIDING					
MTSB	M/S TAURIAN IRON AND STEEL CO.PVT LTD					
MTSS	M/S TALWANDI SABO POWER LTD.					
MTZ	MUTTANENDAL					
MUAT	PRIVATE SIDING OF M/S UTKAL ALUMINA INTERNATIONAL LIMITED					
MUDL	MADHUJORE A COLLIERY SDG.					
MUEF	MUDKHED JN.					
MUJC	MAU NATH BHANJAN					
MUNU	M/S MEJA URJA NIGAM					
MUSG	ORDINANCE DEPOT SDG, MATHURA JN.					
MUTG	M/S. ULTRA TECH CEMENT LTD. SIDING SERVED BY GINIGER					
MUVL	MUVAL TANK					
MVAA	M/S VEDANTA ALUMINIUM LTD. AMB					
MVCS	MUVA CONCRETE SLEEPER SDG					
MVHL	MAVINAHALLI HALT					
MVIS	PVT SDG. OF M/S VIMLA INFRASTRUCTURE					
MVKF	FOOD CORPORATION OF INDIA SIDING					
MVLI	MEVLI					
MVLS	CENTRAL VEHICLE DEPOT SIDING, WEST DELHI CANTT					
MVM	MAYILADUTURAI TOWN					
MVNP	SOUTHERN PETRO CHEMICAL INDUSTRIES CORPN. SDG. MILAVITTAN					
MVR	MANAVADAR					
MVRD	MAIVADI ROAD					
MVST	STERLITE INDUSTRIES INDIA LTD. SDG.					
MVTS	PORT OF NEW TUTICORIN SDG, MILAVITTAN					
MVTY	MARSHALLING YARD OF PORT OF NEW TUTICORIN					
MVU	MOUNT ABU O.A.					
MVY	MALAVI					
MWMS	MATRIX WAREHOUSING CORPORATION					
MWNA	MAWANA O.A.					
MWSC	WEST JAGRAKHAND COLLIERY SDG, JHARKHAND BIJURI					
MWSD	MUNIDIH WASHERY, MAHUDA					
MWSG	MSEB'S THERMAL POWER STATION SDG, ODHA					
MXD	MASOR ROAD					
MXX	MEERUT CITY MANDI SIDING					
MYDA	MANDAWARIYA					
MYO	MORIDHAL HALT					
MYPF	MUNDIYAMPAKKAM					
MYPS	KARNATAKA MYSORE POWER CORP.					
MYSG	MAIHAR LIME SDG, MAIHAR					
MZCJ	M/S ZUARI CEMENTS LTD					
MZCY	ZUARI CEMENTS					
MZJM	M/S.ZUARI CEMENTS LTD.					
MZKT	MOUZA WASHERY					
MZMA	MAZHOM					
MZPA	MIRZAPUR CITY BOOKING AGENCY					
MZRN	MURTAJAPUR JN					
MZS	MURKEONG SELEK					
MZTA	MIRZAPUR CITY BOOKING AGENCY					
NACD	NATIONAL ALUMINIUM CO.-DAMANJODI					
NADB	BHARAT COMMERCE & INDUSTRIES LTD. SDG, NAGDA					
NADC	NAGDA CABIN					
NADG	GWALIOR RAYON AND SILK MANUFACTURING SDG, NAGDA					
NADM	NANDIMANGLAM					
NADR	NAVAL ARMAMENT DEPOT					
NADS	NAVAL ARMAMENT DEPOT-SUKU					
NAH	NAHIYER					
NALW	NALCO-VZP-WALTAIR MARSHALLING YARD					
NAP	NEW AGARPATHA RLY ASSTT. SIDING, KATRAS GARH					
NAPR	NARANPUR					
NAR	NAR					
NAYP	NEW AYAVARIPALEM					
NBCC	BHARTIYA RAIL BIJLEE COMPANY LTD.					
NBGG	NEW BONGAIGAON JN.					
NBHB	JK CEMENT SDG, NIMBERHERA					
NBHF	NIMBAHERA					
NBHM	NANA-BHAMODRA					
NBHS	J.K.CEMENT SDG, NIMBAHERA					
NBJU	NEW BARAUNI JN.					
NBKF	NUNGAMBAKKAM					
NBMB	NEW BHATTA SIDING 2, MERTA ROAD					
NBPM	NEW BHAUPUR					
NBRL	NANIBARAL					
NBRN	NABA RAYNAGAR HALT					
NBSD	NO. 6 BRIDGE SDG, LALRU					
NBSK	NEW BALCO SIDING,KRBA					
NBVF	NEW BHUJ					
NBVJ	NEW BHUJ					
NBX	NIZBAR GANJ					
NCA	NIZCHATIA					
NCBD	NEW CHANGRABANDHA					
NCCS	OIL LAY-BYE THERMAL SDG, UTTANGAL MANGALAM					
NCDK	M/S NCDC LTD. COLLIERY NO. 2 KORBA					
NCDP	NISCHINDAPUR					
NCGS	NEW COSSIPORE GENERATING STATION					
NCLW	GATI SHAKTI MULTI-MODAL CARGO TERMINAL OF M/S. NAVKAR CORPORATION LTD.					
NCSK	CHOWGULE-COSTI LTD					
NCSN	M/S NOWRAJABAD COLLIERY SDG, NOWROZABAD					
NDDN	NADIAD JN.					
NDF	NABAD WIP GHAT					
NDG	NADGAM					
NDGD	NEW DELHI GOODS @					
NDKH	NANDARKHA					
NDKK	NEW DAUD KHAN					
NDON	NADAON HALT					
NDSB	NILGIRI DEPARTMENTAL SIDING					
NDVA	NANDAVARA					
NDX	NIDAGUNDI ROAD					
NELK	M/S NAYARA ENERGY LTD GCTSERVED BY KAIRLA					
NELM	M/s NAYARA ENERGY LIMITED, MODPUR					
NET	NETRANG					
NEU	NERUL					
NEUA	NEMUA HALT					
NEXP	1 NEFS 77837 SEC NAG NGP-G BRD					
NF	NAGAUR MELA					
NFC	NUCLEAR FUEL COMPLEX, MAULA ALI					
NFCG	NATIONAL FERTILIZES LTD. SDG					
NFLB	NATIONAL FERTILIZERS LTD, BHATINDA					
NFLD	NATIONAL FERTILIZERS LTD, DIWANA					
NFLG	NATIONAL FERTILIZES LTD. SDG					
NFLN	NATIONAL FERTILIZERS LTD, NANGALDAM					
NFPG	NFST SERVED BY GANDHIDHAM					
NFSS	NGEF EXTRA HIGH VOLT TRANS. FAC. SDG, BAIVVAPPANAHALLI					
NFST	NAPTHA SIDING SHIRVA					
NGBG	NEW GANGA BRIDGE					
NGBR	NEW COOCH BEHAR JN.					
NGCF	NEW GUWAHATI G/SHED					
NGCK	NORTH GOVINDPUR COLLIERY SIDING KATRASGARH					
NGCM	MILITRY SIDING, NEW GAUHATI					
NGDM	NADRADHAM PH					
NGEC	GEC SIDING, NAINI JN.					
NGFS	NAGARJUNA FERTILIZERS, KAKINADA PORT & CHEMICALS LTD.,					
NGIM	NAGRI GRAM					
NGJ	NARAYANAPPAVALASA HALT					
NGJA	NARAYANAPPAVALASA HALT					
NGMI	NAGAMALAI					
NGMS	CESC MULAJORE, KANKINARA					
NGMW	NAGAMALAI WEST HALT					
NGNC	NEW GUNTUR CABIN					
NGNX	NANDGAON YARD					
NGPA	NAGPUR					
NGPM	NIDIGUNTAPALEM					
NGRH	NEW GIRIDIH					
NGRM	RAM SARUP LOHH UDYOG LTD					
NGSM	NEW MULAND GOODS DEPOT					
NHFG	NEW POWER HOUSE SIDING,FARIDABAD					
NHLN	NAHARLAGUN					
NHNH	NEURI HARINATH					
NHSG	NEW POWER HOUSE SIDING, FARIDABAD					
NHSR	NHPC SIDING					
NIDB	M/S NMDC STORE SDG, BARBIL					
NIMA	NIMKAKHERA					
NINS	NEELANCHAL ISPAT NIGAM LTD.					
NISW	NAVAL SIDING VZP-VISHAKHAPATNAM					
NJM	NARUANA JODHPUR RAMANA					
NJML	M/S NUDDEA JUTE MILLS, KANKINARA					
NJMS	NILLIMARLA JUTE MILLS, NELLIMARLA					
NJMX	MILATRY SIDING, NEW MAL JN					
NJPJ	NEW JALPAI GURI JN.					
NJPN	NEW JALPAI GURI JN.					
NKAT	NEW AKKAMPET					
NKCK	NEW KUSMUNDA COLLIERY SIDING, KORBA					
NKCP	NORTH COAL CONSTRUCTION PROJECT, BARWADIH JN.					
NKCR	NEW KUSMUNDA COLLIERY SIDING, KORBA					
NKCS	PURE BANSORA COLLIERY SIDING SONACHARA					
NKKH	NIMPURA GOODS SHED COMPLEX					
NKMS	NAMHAM MILITARY SIDING, NAMKOM					
NKSG	SECURITY PRESS SIDING, NASIK ROAD					
NKZ	NAYA KANALI					
NLAI	NALBARI					
NLC	NALIYA CANTT					
NLCP	NEW LAKIDIH OPEN CAST PROJECT SIDING					
NLK	NAVLAKHI					
NLKI	NIRALKERI					
NLO	NANGAL PATHANI					
NLOD	NALCO SDG AT DAMANJODI, KORAPUT(KRPT)					
NLP	NORTH LAKHIMPUR					
NLSK	PRIVATE SIDING OF M/S. NTPC LARA STPP / KRL					
NLSP	NIYALISHPARA					
NLT	NALATTINPUTTUR					
NLY	NALIYA					
NMAG	PRIVATE SIDING OF M/S NMDC STEEL LTD, AMAGURA					
NMCH	NIMCHA					
NMCL	UP RNG-I					
NMDB	NMDC SIDING - BACHELI					
NMDG	NATIONAL MINERAL DEVELOPMENT CORPORATION SIDING, GUA					
NMDJ	NM DUBASH SIDING JUKEHI					
NMDK	NATIONAL MINERAL DEVELOPMENT CORPORATION SIDING, KIRIBURU					
NMDM	NM DUBASH SDG MEGN					
NMFS	FERTILIZER CORP. OF INDIA SDG, NAMRUP					
NMGA	NELAMANGALA					
NMGS	NUMOLIGARH REFINERY PROJECT SDG, NUMOLIGARH					
NMHF	NIMACH					
NMI	NEMATH THANPATTI					
NMKL	NAMAKKAL					
NMMS	NIMPURA MILITARY SIDING, NIMPURA					
NMOA	NAMAKKAL O.A.					
NMOF	NEDIMOLYANUR					
NMPY	NIMPURA MARSHALLING YARD					
NMS	NAGROTA MILITARY SIDING, NAGROTA					
NMSB	NEW MILITARY SIDING, BARABANKI					
NMSG	NEPA SDG FOR GOVT POWER STN & NATIONAL NEWS PRINTS, NEPA NA					
NMSO	BHARAT GOLD MINE SIDING					
NMVK	NMDC S MALLINGER VALLEY SIDING KIRANDUL					
NMVP	MAHAGENCO NEW PARLI THERMAL POWER STATION SIDING					
NNGS	ONGC SDG - S/B NAGAPATTINAM					
NNH	NOONIAH					
NNRG	NARAYANPUR GHAT					
NNSG	SPECIAL RLY SDG AT LALNAGAR, NANWARA					
NNT	NAINITAL O.A.					
NNV	NANWARA					
NOA	NOSARIA					
NOB	NOBANDA					
NOD	NANADI HALT					
NODA	NODA					
NODS	NEW ORDNANCE DEPOT SIDING, KANPUR CENTRAL					
NOFS	NEW ORDNANCE FACTORY POWERHOUSE SIDING, KANPUR CENTRAL					
NOG	NOWGONG-ASSAM					
NOM	NAGINIMORA					
NOMR	M/S TISCO ROPEWAY SIDING, NOAMUNDI					
NOR	NEORANADDI					
NOSM	NOSSAM					
NPDY	NIMPURA DEPARTURE YARD					
NPGA	NABINAGAR SUPER THERMAL POWER STATION					
NPHR	NEW PANDHAR PAVANI					
NPML	MALLIAL(NUKAPALLI)					
NPPA	NANGALAND PULP & PAPERMILL CO					
NPRY	NIMPURA RECEIPTION YARD					
NPSB	M/S NABHA POWER LTD.SIDING					
NPZA	NEW JOGHI GHOPA					
NQSG	NEW VEHICLE FACTORY SDG, JABALPUR					
NR2	LPNR BYEPASS A CABIN					
NR3	OKA BYEPASS B CABIN					
NRCB	NEW RAJNAGAR OCM COLLIERY SDG, BIJURI					
NRCC	NORTH RAMGARH COLLIERY SIDING CHAINPUR					
NRGM	NAINARAGARAM					
NRIA	NARAINA					
NRLM	NIROLGRAM					
NRLN	NERAL JN.					
NRMU	NARAMAU HALT					
NROB	NEW RAJNAGAR OCM COLLIERY SDG, BIJURI					
NRSG	NATIONAL RAYON CORPORATION SDG, KALYAN JN.					
NRSR	NUMALIGARH REFINERY OIL					
NRWK	NEW RAVAN WARA SDG, KHIRASADOH JN.					
NSBR	BAMHRAULI NEW MLTY SIDING, BAMHRULI					
NSC	CHAKERI NEW MILITARY SIDING CHAKERI					
NSCL	NEW SILCHAR					
NSJ	JHINGURA NEW MILITARY SIDING, JHINGURA					
NSK	NAGSANKAR HALT					
NSKG	NAVAL SIDING KARANJA, URAN CITY					
NSM	NARESIMHAPUR ROAD					
NSMH	NEW INDIA SUGAR MILLS LTD SDG, HASANPUR ROAD					
NSMN	NEW SWADESHI SUGAR MILLS LTD SDG, NARKATIAGANJ					
NSMU	NEW SIDING, MALWAN					
NSNF	NASIR PUR HALT					
NSPH	NARASAPURAPUPETA					
NSPN	M/s.NTPC Ltd. Super Thermal Power Siding-Khargone served by Nimarkheri					
NSPT	NHAVA SHEVA PORT					
NSRF	NIZ-SARIHA-HALT					
NSSB	NO7 SHED SDG					
NSTG	NEW SATGRAM COLLIERY SDG.					
NSTP	SLEEPER TREATMENT PLANT SIDING, NAHARKATIYA					
NSW	NASWADI					
NSWT	NALHATI NO. 1 SDG., NALHATI JN.					
NT	NATHPURA					
NTCD	NATIONAL THERMAL POWER HOUSE SDG, DADRI					
NTKS	NATIONAL THERMAL POWER CORPN. PVT. SDG., KAHAL GAON					
NTMK	NTPC TALAIPALLI MINES					
NTN	NAR TOWN					
NTPB	PRIVATE SIDING OF M/S NTPC GADARWARA RAILWAY SIDING SERVED BY BARANJH					
NTPC	NATIONAL THERMAL POWER CORPORATION LTD., RAMAGUNDAM					
NTPG	NEW THERMAL POWER STATION SDG, CHANDRAPUR					
NTPP	THERMAL POWER PROJECT SIDING, NAMRUP					
NTPS	NEYVELLI LIGNITE II THERMAL SDG, UTTANGAL MANGALAM					
NTSJ	M/S. NAVKAR TERMINAL LTD. AT TUMB					
NTX	NEW TIMBER SIDING, PDWAI					
NUGP	NORTH URIMARI GCT OF CCL					
NVA	NINDRA					
NVK	NEYVILAKKU					
NVM	NAMAVARAM					
NVR	NAUTAR					
NVY	NEYVELI EXCHANGE YARD CABIN					
NWDH	NAWADIH					
NWKT	KATELI HALT					
NWPN	NAUPADA JN.					
NWSG	BURN STANDARD CO. SDG, NIWAR					
NWSI	NAWAL SAHI HALT					
NWSS	NAUPADA SALT SDG, NAUPADA JN.					
NXL	NIROL					
NXNR	NUAGAON ROAD					
NYGN	NAYA GAON					
NYGT	NAYAGARH TOWN					
NYNA	NAINI					
NZBF	NIZAMABAD					
OCCL	ORIENTAL CARBON & CHEMICAL LTD, GHAZIABAD					
OCFS	SHAHJAHANPUR ORDNANCE CLOTHING FACTORY SDG, SHAJAHANPUR					
OCIG	ORISSA CEMENT LTD, RAJGANGPUR					
OCMS	OCM\OSWAL COTTON MILLS SIDING, AMRITSAR					
OCPC	M/S.ORIENT CEMENT LIMITED					
OCPS	ORISSA CONCRETE PVS, LTD. SDG					
OCSB	ORIENT CEMENT SIDING BHADLI					
OCSR	M/S ORIENT COLLIERY SDG, BRAJHRAJ NAGAR					
ODPS	OEDNANCE DEPOT					
OEC	THE ORE EXCHANGE YARD CABIN					
OFB	ORDNANCE FACTORY					
OFSK	ORDNANCE FACTORY TPT I & II SIDING, KANPUR JUHI GOODS					
OGSD	O/G SDG BGB					
OIPM	OIL INDIA					
OKCS	OLD KUSMUNDA COLLIERY, GEVRA ROAD					
OKL	OTTAKKAL					
OKMX	OLD KAARMUNDA					
OKSG	INDIAN IRON STEEL SIDING, OKHLA					
OKSR	OLD KUSMINDA COLLIERY, GEVRA ROAD					
OLAF	OLAKUR					
OMCT	OMC BUNKER SDG, JEYPORE KEONJHAR RD					
OMDC	OMDC SDG NO. 2 BARA JAMDA					
ONGC	OIL & NATURAL GAS COMMISSION SDG, KOSAD					
ONGG	OIL & NATURAL GAS COMMISSION SDG, GOTHANGAON					
OPIM	ORIENT PAPER INDUTRIES CEMENT DIVISION, MANDAMARI					
OPKJ	ORDNANCE PHASE II&IV SIDING, KANPUR CENTRAL					
OPMS	M/S ORIENT PAPER MILLS SIDING, BRAJRAJNAGAR					
OPSG	ORIENT PAPER MILLS, AMLAI					
OPSK	ORDNANCE DEPOT PHASE II SIDING, KANPUR CENTRAL					
ORD	ORCHA DHAM					
ORDF	ORDI					
ORHD	ORDNANCE RAIL H.Q DEPOT, BHAROLI					
ORSG	ORDINANCE RAILWAY SIDING, KANPUR CENTRAL					
OSBK	old sick line, barkakana					
OSH	OUDH SUGAR MILLS LTD SDG, HARGAON					
OTPS	OBRA THERMAL POWER STN, OBRADAM					
OTSG	ORISSA TEXTILES MILL CHAR BALIA					
OVF	OTTIVAKKAM					
PABS	PARASIA BUS STAND					
PAC	PALIYAD ROAD					
PACL	PUNJAB ALKALIES LTD., NANGALDAM					
PACS	PARMANAND&CO SDG, PAKAUR					
PACT	AMBUJA CEMENT ESTT LTD.SDG					
PADI	PADI					
PAHD	M/S ACB					
PAKM	PANAHKULAM					
PALA	PALAM					
PALB	M/S ADANI LOGISTICS LTD. PFT					
PAPK	M/S. AMALGAM STEEL & POWER LTD.					
PATS	ANGLO FRENCH TEXTILE SDG, PONDICHERRY					
PAX	PATTI					
PAYS	FOOD CORP. OF INDIA					
PBBM	PUMP STORAGE ASSTT. CUM PVT SDG OF M/S WBSEB					
PBC	PARVATSAR CITY					
PBCB	BPCL SIDING - BAKANIA BHAUNARI					
PBCM	M/S BHILAI JAYPEE CEMENT LIMITED					
PBCP	BPCL SIDING PANKI					
PBHD	PRABHADEVI					
PBJ	PADIL BLOCK HUT					
PBJT	PVT. SDG OF M/S DALMIA CEMENT					
PBMS	PIARDOBA MILITARY SIDING, PIARDOBA					
PBO	PATAKABARI O/A					
PBPS	BPC POL SIDING, PILAMEDU					
PBSB	PVT SIDING ON BXF SAIL SIDING					
PBWB	BHELATAND WANSHERY, BHELATAND					
PCBG	POL SIDING FOR IOC & BPCL, TADALI					
PCBO	PATNA C.B.O.					
PCCM	PONRI HILL COLLIERY, CHIRMIRI					
PCCS	PATHERDIH COAL WASHERY PATHERDIH					
PCCT	M/S.CHETTINAD CEMENT CORPORATION PRIVATE LIMITED					
PCEK	PVT SDG OF CHATTISGARH STATE ELECTRICITY BOARD, PHASE-I					
PCFS	MANGLORE CHEMICALS & FERTILIZERS SIDING, PANAMBURU					
PCG	PACHHOGUNGE					
PCGN	PACHEGAON					
PCHN	PACHORA JN.					
PCHT	PUNAICHAK HALT					
PCIH	PRISM CEMENT LTD. SIDING HNM					
PCJT	PRIYADARSHNI CEMENT SIDING JAGGAYYA PETA TOWN					
PCLB	PRIYADARSHINI CEMENTS LTD, BONA KALU					
PCLF	PANCHALAM					
PCLH	PRISM CEMENT LTD., HINAUTA RAMVAN					
PCM	PAVUR CHUTRAM					
PCMB	PANYAM CEMENTS & MINERAL INDUSTRIES LTD SIDING					
PCMC	CHHABARA THERMAL POWER STATION SIDING					
PCML	PANEM COAL MINES LTD. SIDING					
PCMN	CHANDRAPUR MAHARASHTRA ELECTROSMGLT LTD SDG					
PCOI	PRAYAGRAJ CHHEOKI					
PCPK	MULTI MODAL LOGISTIC PARK					
PCPN	LAFARGE INDIA PVT LTD SDG., HATHBAND					
PCPS	PORBANDAR CHEMICALS PVT SDG, PORBANDAR					
PCRG	Container Corporation of India Limited					
PCS	PACHASA					
PCSD	PYRITES PHOSPHATE & CHEMICAL LTD. SDG, DEHRI-ON-SONE					
PCSK	PCM CONCRETE SLEEPER SIDING					
PCSP	MADARBONI COLLIERY SIDING PANDABESWAR					
PCSR	PHOSPHATE CO SDG, RISHRA					
PCSS	NEW KENDA COLLIERY SIDING SONACHARA					
PCUS	PETROL CONTRACT UNIT SDG, KHARI ROHAR ROAD					
PCWD	M/S. CONTINENTAL WAREHOUSING CORPORATION					
PCY	PIPAR CITY					
PDGP	PUDGAM GANESHPURA					
PDGR	MUMBAI PARCEL DEPOT GRAT ROAD					
PDLL	ADANI LOGISTICS LTD, PATLI					
PDLS	UP STATE CEMENT CORPN. SDG					
PDM	PANDIKANMOI					
PDNY	PARADE SINAYUDA HALT					
PDPB	M/S DEEPAK STEEL & POWER LTD. PVT.SDG					
PDTK	DEEN BANDHU CHOTU RAM THERMAL POWER PROJECT YUMANA NAGAR					
PDUR	PUDUR					
PEA	PETTAI HALT					
PEGE	PHALGU EAST BLOCK HUT					
PEIF	PERANI					
PENB	PENCH VALLEY					
PENN	PENCH VALLEY					
PEQ	BINNY LTD. SIDING, PERAMBUR					
PEQP	PARADIP EAST QUAY COAL TERMINAL PVT LTD OF M/S PPT					
PESC	PATNA ELECTRIC SUPPLY CO. SDG, PATNA JN.					
PESP	PEDDH SHAHPUR					
PFC	HFCL SDG, SIMARIA					
PFCB	FOOD CORP. OF INDIA, BELLARY CANTONMENT					
PFCG	FCI SDG, GODHRA					
PFCI	FOOD CORP. OF INDIA, NALGONDA					
PFCR	FCI SIDING					
PFMB	PFM BYEPASS B CABIN					
PFMJ	PFM BYEPASS JN CABIN					
PFPD	M/S PALOGIX INFRASTRUCTURE PVT. LTD/DGR					
PFSG	PENCILLION FACT SDG PIMPRI HINDU ANTE-BLOTIES LTD.DEHU ROAD					
PGBB	M/S GLOBAL COAL AND MINING PVT LTD					
PGCG	GUJARAT STATE ELECTRICITY CORPORATION LTD./GAD					
PGFC	GODAVARI FERTILISERS & CHEMICALS LTD, KAKINADA PORT					
PGFS	M/S GATEWAY RAIL FREIGHT LTD SIDING					
PGFV	M/S GODAVARI FERTILISER CHEMICAL LTD SDG, VISAKHAPATNAM					
PGMP	PANDUGHAT					
PGRS	TAMIL NADU NEWS PRINT SDG, PUGALUR					
PGSA	PVT SDG. GOLD STAR ALLOYS LTD					
PGTS	FOOD CORPORATION OF INDIA SDG, PALGHAT JN.					
PHDL	M/S PALOGIX INFRASTRUCTURE P/LT PFT(GF)					
PHEC	HIND ENERGY AND COAL BENEFICATION					
PHLR	HPCL SIDING RANCHI ROAD					
PHNJ	M/S PRISTINE HINDUSTAN INFRAPROJECTS PVT LTD					
PHSH	POWER HOUSE					
PHTN	PALGHAT TOWN					
PIBC	PIBCO SDG, DURGAPUR					
PIBD	POL BG SDG OF IOC & BPC,DHAURMUI JAGHINA					
PICN	INDIAN OIL CORP.					
PICP	PFT OF M/S PARADIP INTERNATIONAL CARGO TERMINAL PVT. LTD.					
PICS	IOC LTD. JAYANT SHAKTINAGAR					
PID	PIPARDI					
PIDH	POL					
PIOP	POL SDG FOR M/S IOC					
PISK	IND SYNERGY LTD., KOTARLIA					
PJCS	PARASEA COLLIERY SIDING SONACHARA					
PJGM	PANJGAM					
PJMS	PRESIDENCY JUTE MILL SDG, RISHRA					
PJPD	IN PLANT PRIVATE SIDING OF M/S. JINDAL STEEL & POWER LTD.					
PJPR	PANJIPARA					
PJPT	PRAJAPATI(HALT)					
PJST	JINDAL VIJAYNAGAR STEELS LTD., TORANAGALLU					
PJW	PHAUJWALA					
PKCI	GRASIM INDUSTRIES, RENUKUT					
PKFM	POKLA MARKET PLACE					
PKG	PEDDA NAYAKKANPATTI					
PKJ	PAKHAJAN					
PKLM	PARAVAIKULAM					
PKPK	M/S KRISHNAPATNAM PORT COMPANY LTD. SIDING, KRISHNAPATNAM					
PKRW	PAKUR LOWER QUARRY LINE NO.1					
PKRX	PAKUR LOWER QUARRY LINE N0 2 SDG					
PKRY	PAKUR NEW SIDING AND RAJA BUFFER					
PKRZ	PAKUR OLD SIDING AND PAKUR QUARRY BUFFER					
PKST	CALCUTTA					
PKV	PULIKARAI					
PKYN	NEW PILKHANI					
PLBG	POL SIDING FOR BPCL, BHITONI					
PLBR	POL SDG OF M/S BHARAT PETROLEUM CORPORATION LTD, RAYARU					
PLCP	PHULBASIA LINE NO.4 CCL					
PLDR	PILUDRA					
PLGD	M/S L & T CLINKER GRINDING SIDING, DHUTRA					
PLGT	PALGHAT JN.					
PLHW	PAHLAWAS					
PLIN	M/S.LAKSHMI NARASIMHA SWAMY INFRASTRUCTURE PVT., LTD					
PLIR	LANCO INDUSTRIES LTD, RACHAGUNNERI					
PLJK	PHULARITAND RLY ASST SDG, KATRASGARH					
PLKN	PALAKKANUTHU					
PLKR	PULANKINAR					
PLMC	CHETTINAD CEMENT CORP LTD SDG, PALAYAM					
PLN	PIPLANI					
PLON	PULGAON JN					
PLPC	M/S Pristine Mega Logistics Park Pvt. Ltd.					
PLPU	LANCO AMARKANTAK POWER PVT LTD SDG					
PLQ	PULAKURTHI HALT					
PLRM	MOGA MILITARY PLATFORM SIDING					
PLSV	PALASAVA					
PLVI	PALUVAYI HALT					
PLWH	PALHAWAS					
PLWS	LOCO WORKS PER COMPLEX					
PLYM	PALAIYAM-II					
PMAK	M/S. ACC LTD SIDING SERVED BY KUDTHINI					
PMAM	ADANI POWER MAHARASHTRA LTD					
PMAR	M/S ADHUNIK METALIKS LTD KRMD					
PMBB	M/S BHARAT PETROLEUM LTD. SDG, BAKANIAN BHAUNRI					
PMBG	M/S. PHIL MINERALS BENEFICATION & ENERGY PVT. LTD.					
PMBR	M/S. BMM SIDING SERVED BY RANAJITHPURA					
PMC	PUNARWASHMANA CAMP					
PMCJ	PVT. SDG OF M/S. MAHAVIR COAL WASHERIES PVT. LTD./NIA					
PMCS	PANDRA BR COLLY.SDG					
PME	PANDU MEWAS					
PMEC	EMCO ENERGY LTD SIDING					
PMFB	PVT SDG OF M/S RUNGTA SONS PVT LTD					
PMGR	PONMALAI					
PMGS	GRASS FARM SIDING, PALI MARWAR					
PMHM	PRIVATE SDG. OF M/S JAI BALAJI INDUSTRIES LTD.					
PMIP	M/S INDIAN FARMERS FERTILIZER CO-OPERATIVE LTD					
PMJD	M/S JINDAL STEEL & POWER LTD					
PMKM	M/S KRIBHCO INFRASTRUCTURE LTD.					
PMLR	M/S NUVOCO VISTAS CORPORATION LIMITED					
PMPE	PAMPORA					
PMRG	RAJIV GANDHI THERMAL POWER PLANT, KHEDAR					
PMRN	M/S RASHMI METALIKS LTD AT GOKULPUR					
PMRP	M/S ROSA POWER SUPPLY COMPANY LTD. SIDING, ROSA					
PMSB	M/S MONET ISPAT & ENERGY LTD. SIDING					
PMST	PATHANKOT MILITARY SIDING, PATHANKOT					
PNBG	PATNA RAJENDRA NAGAR GOODS					
PNCS	NAVKAR CORP. LTD					
PNDI	PACHANDI					
PNDR	PANDORI					
PNFC	PUNJAB NATIONAL FERTILIZERS AND CHEMICALS, NANGALDAM					
PNKA	M/S. NARESH KUMAR & CO. PVT. LTD.(SERVED BY AMTA STATION)					
PNKD	PANKI DHAM					
PNKI	KUDREMUKH IRON ORE CO SDG, PANAMBURU					
PNKR	NEW KANPUR FOR DFCCIL PVT SIDING					
PNKS	KUDERMUKH IRON ORE PELLET PLANT SDG, PANAMBURU					
PNMB	PANAMBURU					
PNMC	MANGLORE CHEMICALS & FERTILIZER SDG, PANAMBURU					
PNMN	NEW MANGLORE PORT BG SIDING, PANAMBURU					
PNMS	NEW MANGLORE PORT MG SDG, PANAMBURU					
PNN	PANI-MINES					
PNO	PANDU					
PNOB	M/S NOCCi BALASORE INFRASTRUCTURE COMPANY LTD					
PNPP	NEW PAHARA					
PNPS	KERALA NEWS PRINT SDG, PIRAVAM ROAD					
PNRD	PAUNI ROAD					
PNRR	NEW RAMVA					
PNSF	PANSAR					
PNTP	PRIVATE SDNG M/S NATIONAL THERMAL POWER CORPRN. LTD, KORBA					
PNUF	PALANPUR JN.					
PNWP	PATHERDIH NLW WASHERY SIDING					
PNY	PANDI HALT					
POAN	PANAJI OUTAGENCY					
POCP	PURUSHOTTAMPUR OCP COLLIERY SDG.					
POD	PORDA BHATERA					
POFM	ORDINANCE FAMILY SDG, PONMALAI					
POIL	OIL INDIA					
POJ	PUNOTI					
POLA	POL SDG					
POLB	POL SIDING,BHILAI					
POLD	POL SDG					
POLG	POL SDG. FOR M/S IOC GAIGAON					
POLH	POL SDG					
POLJ	POL SIDING(MINERAL), JORHAT					
POLP	POL SIDING/PAKNI-PAKNI					
POLS	POL SIDING FOR M/S BPCL					
PONK	POL SIDING NEW KATNI JN					
POSA	POL SDG, AONLA					
POSB	POL SDG, BIRA					
POSG	ORDINANCE DEPOT MILITARY SDG, PULGAON JN.					
POSN	POL SDG, NAJIBABAD JN.					
POTF	POTHERI HALT					
PPBG	M/S. PARAS POWER & COAL BENEFICATION LTD./GTK					
PPBR	PIPAVAV BANDAR					
PPCL	PYRITES PHOSPHATES & CHEMICALS LTD, HARRAWALA					
PPCT	PENNA CEMENT LTD, TADIPATRI					
PPDP	M/S PNP MARITIME SERVICES LTD					
PPGP	PARADEEP PHOSHPHATE LTD GYPSUM LOADING PT					
PPGS	M/SPRAYAGRAJPOWERGENERATION CO.LIMITED,BARA					
PPMS	PUNALUR PAPER MILLS SDG, PUNALUR					
PPNJ	PHEPHNA JN.					
PPPS	PONDICHERY PORT PROJECT SDG, PONDICHERRY					
PPQ	PACHPAHAR					
PPRD	PIPAR ROAD JN.					
PPSM	PARDEEP PORT MANUAL JRON ORE UNLOADING SIDING UNDER PPT					
PPSP	PIPAVA PORT SDG.					
PPTG	PARADEEP PORT TIPPLER IRON ORE UNLOADING SIDING UNDE					
PPTP	PARDEEP PORT THROUGH DISTANCE SIDING					
PPTR	PUSHPATTUR					
PPVS	PIPAVA					
PQG	PALASBARI GATE					
PQMF	PAKKAM					
PQSD	PAKUR QUARRY SDG, PAKAUR					
PQTS	PABLI KHAS QTS					
PRA	PHULARITAND RLY. ASSTT. SIDING, KATRAS GARH					
PRAN	PURNA JN.					
PRBG	PRATAP BAGH					
PRCY	PARVATSAR MELA					
PRDS	PRACHI ROAD SDG					
PRDT	PRODDATUR					
PRGF	PERUNGALATTUR					
PRHS	RAILWAY PUMP HOUSE SIDING, PATIALA					
PRIL	RELIANCE INDUSTRIES LTD SIDING , L:ALPUR					
PRJP	RAGHUNATHPUR THERMAL POWER STATION OF M/S DVC					
PRKR	PERIYA KOTTAI ROAD					
PRLW	PAREL LOCO WORK SHOP					
PRMB	RASHMI METALIKS LTD AT BJMD.					
PRMN	PERUMANUR					
PRNB	PURNEA JN.					
PRNL	PARSANAVROLI(HALT)					
PRNP	PARMANANDPUR					
PRPI	PANDHAR PAVANI					
PRPL	PARADEEP PHOSPHATES LTD, PARADEEP					
PRPN	PRATAP NAGAR					
PRPT	PURUSHOTTAPATNAM					
PRRB	PRAYAGRAJ RAMBAG					
PRSK	PARGAON SUDRIK					
PRSS	PRATAP NAGAR STORES BG & NG SDG, PRATAPNAGAR					
PRTK	RELIANCE RAIL TERMINAL,KANALUS					
PRTW	PRATAP NAGAR WORKSHOP					
PRYJ	PRAYAGRAJ JUNCTION					
PRZR	BARARI BAZAR					
PSAK	SAIL SIDING					
PSAS	ANDHRA CEMENT CO. LTD., SIMHA CHALAM					
PSBD	PUBLIC SIDING, BUA					
PSBP	SONEPUR BAZARI SIDING OF ECL					
PSBS	BHAVANATHPUR LIME & STONE SDG, MERALGRAM					
PSCE	PARASCOLE E COLLY.SDG					
PSCK	PARASCOLE					
PSCR	CREST STEEL & POWER PVT LTD., RASMARA					
PSDB	PUBLIC SIDING/BARADWAR					
PSDH	PALASDIHA RAILWAY SIDING SITARAMPUR					
PSEB	PUNJAB STATE ELECTRICITY BOARD, GOHLWAR VARPAL					
PSEC	PARASEA COLLIERY SDG.					
PSF	PATRASAOR					
PSFI	FCI SDG, GAYA					
PSGP	SLAG GRANULATION PLANT, TUPKADI					
PSHI	HPC&IOC SDG, IRUGUR					
PSIA	POL SIDING FOR ICL/AKOLNER-AKOLNER					
PSIC	INDIAN OIL CORP.(MG), BIJAPUR					
PSJA	JARANDIN PVT. SDG, JARANGDIH					
PSKS	M/S POL SIDING, KATARSING WALA					
PSME	PALASTHALI					
PSMM	M/S. SHREE CEMENT LTD.					
PSNG	PVT SDG OF SIPAT SUPER THERMAL POWER PLANT OF M/S NTPC/GATORA					
PSNH	M/S NATIONAL THERMAL POWER CORPORATION LTD					
PSNL	POL SIDING -NORTH LAKHIMPUR					
PSNS	NOVA IRON & STEEL LTD. DAGORI					
PSP	PROSAD PUR					
PSPC	PUNJAB STATE POWER CORPORATION LIMITED(PSPCL) SERVED BY PAKUR					
PSPG	PRIVATE SDG OF M/S STRAW PRODUCT SDG, SINGAPUR ROAD					
PSPH	PURUSHOTAMPUR HALT					
PSPM	SAGARDIGHI THERMAL POWER PLANT SIDING					
PSPP	POL SDG					
PSRC	RAIPUR INFRASTRUCTURE COMPANY PVT LTD.					
PSRK	PERBELIA SIDING -RAMKANALI					
PSRS	IN PLANT YARD OF					
PSSN	PRATAP NAGAR STORES NG SIDING PRATAP NAGAR					
PSSS	SHRI SINGAJI THERMAL POWER PLANT SIDING					
PSTA	PUBLIC SIDING AT TATANAGAR					
PTAD	PATAUDI ROAD					
PTAG	PANOTIYA					
PTCR	PATAN CHERU					
PTDN	PETLAD JN.					
PTHL	PANTIHAL					
PTIL	PATLI					
PTJA	PITAUNJIA					
PTJF	PODANUR JN.					
PTJT	PVT. SDG. OF M/S. TATA POWER CO. LTD. AT JOJOBERA					
PTKN	PATHANKOT JN					
PTLH	PATILADAHA					
PTMF	PADALAM					
PTNG	PATEL NAGAR JN.					
PTPL	PETRAPOL					
PTPP	PARICHA THERMAL POWER PROJECT SIDING					
PTPS	THERMAL POWER HOUSE, PATRATU					
PTQ	PATIHAL					
PTQT	PANIPAT QTS					
PTR	PATDI					
PTRP	PATHIRAP - ALLAI					
PTSL	PATHSHALA					
PTTN	PATTAN					
PUDR	PODUR					
PUEJ	PHULERA JN.					
PUP	PUDUPPALAIYAM					
PUSG	CHANDAMENTTA COLLIERY SDG, IKLEHRA					
PUV	PUSA ROAD					
PUZ	PURUNAPANI					
PVA	PARAVAI GATE					
PVB	PENDHRABODI					
PVF	PALLAVARAM					
PVG	PAVAGARH					
PVIT	M/S VIMALA INFRASTRUCTURE INDIA PVT. LTD.					
PVRN	PANDHARPUR					
PVSB	VARDHMAN FABRICS SIDING, BUDHNI					
PVTV	PURNAPANI PVT.SDG,FOR SAIL ROURKELA STEEL PLANT, S/B NUAGAON					
PWCK	PARASCOLE					
PWCT	PARASCOLE WEST COLLY.SDG					
PWDP	PWD RLY SDG, PATHANKOT					
PWDS	P.W.D.					
PWGE	PHAGU WEST BLOCK HUT					
PWI	PADWANIYA					
PWKP	PAWANIKAMARPUR(HALT)					
PWO	PERAMBUR WORKS					
PWR	PILWAI ROAD					
PWUF	PARANUR					
PXX	MUMBAI					
PYG	PRAYAG GHAT					
PYGS	PRAYAGRAJ SANGAM					
PYI	PAYLI HALT					
PYL	PANNAI VAYAL					
PYN	PALLINELIANUR					
PYQ	PRAYAGPURA					
PYR	PANDRA					
PYS	PIYASARA					
PZAF	PALAVANTANGAL					
QDN	QADIAN					
QG	QUAZIGUND					
QIL	QUILON JN.					
QLNS	FOOD CORPORATION OF INDIA SDG, QUILON JN.					
QLR	KALLAR					
QRS	QUARRY SIDING					
QTR	KOTHARA					
RAB	RAIPUR TOWN					
RABE	RABALE					
RADE	RABADA					
RAFS	ROWRIAH AIRFIELD SIDING, ROWARIAH					
RAJ	RAJPIPLA					
RAJA	RAJURA					
RAJR	RAJUR					
RAN	RATIKA NAGLA					
RANG	RAMLING					
RAPK	RAJASTHAN ATOMIC POWER PROJECT SDG, BG,KOTA					
RAPN	RAJPURA PIPRAN HALT					
RAPS	RANIGANJ POTTERY SDG, RANI GANJ					
RASP	RASIPURAM					
RATS	APPOLO TUBE SIDING, RANIPPETTAI					
RBCS	RAMACHANDRAPURAM					
RBGS	GRASS SIDING, RAIKA BAGH PALACE					
RBHT	R BLOCK HALT					
RBIM	MYSORE NEW NOTE PRESS SDG, MYSORE JN.					
RBMS	M/S BNC MILLS SDG, RAJNAND GAON					
RBNS	R.B.N.S. SUGAR MILLS, LAKSAR					
RBQ	RAM BISHANPUR(HALT)					
RCAC	REST CAMP SIDING, AMBALA CANTT					
RCL	RAASI CEMENTS LTD, VISHNUPURAM					
RCPB	RELIANCE CEMENT COMPANY PRIVATE LIMITED					
RCPD	RACHARLAPAD					
RCPH	RAM CHANDRA PURAM					
RCPS	RAJASTHAN CANAL PROJECT, KOLAYAT					
RCR	RATAR CHHATTAR					
RCSB	RAM NAGAR COLLIERY, BIJURI					
RCSK	RAJGAMAR COLLIERY KORBA					
RCT	RAIPUR CITY					
RCWP	RAYMONDS CEMENT, AKALTARA					
RCXG	RAYATWARI COLLIERY SDG, CHANDRAPUR					
RDCS	RAMPUR DISTILLIERY & CHEMICALS LTD SDG, RAMPUR					
RDJ	RANDHHEJA					
RDML	RAJDHAR SIDING					
RDMO	REMOUNT DEPOT SDG, KHANALAMPURA J.G.Y					
RDR	RADHANAGAR					
RDS	RAMDAS					
RDSN	RE SDG, NIMPURA					
RDYV	RECEIPT AND DESPATCH YARD, VISHAKHAPATNAM PORT					
RED	REDDLARCHATRAM					
REMA	REMA					
RENR	REWARI(NR)					
RFCI	FCI SDG, RAJNAND GAON					
RFCR	M/S. RAMAGUNDAM FERTILIZERS AND CHEMICALS LIMITED					
RFGG	GOVT. FOOD GRAIN SDG, RAIPUR					
RGBF	RAMGANGA					
RGDW	RAMGARH WASHERY					
RGMP	RAJGANGPUR MARKET PLACE					
RGPR	RANGPUR					
RGSR	RAJKOT GOODS SHED					
RGTM	M/S RELIANCE CEMENT COMPANY PVT. LTD.					
RGZ	RANGRA					
RHBH	RAKESH BAGH HALT					
RHIH	RAIPUR HANDLING & INFRASTRUCTURE PVT LTD., HATHBAND					
RHO	ROHNA					
RHOT	ROHNA TOWN					
RHSD	RAIL HEAD SUPPLY DEPOT, BHAROLI					
RHSM	RAIL HEAD UEO SIDING, MANAURI					
RICD	INLAND CONTAINER DEPOT SIDING					
RID	RIDHORE					
RIFS	INDIAN REFRACTORIES WORKS SIDING LTD, RADHANAGAR					
RINS	NTPC SDG RIHAND SUPER THERMAL WORKS PLANT, SHAKTINAGAR					
RIP	ROHANPUR					
RJC	RAJSITAPUR					
RJCB	RAJNAGAR COLLIERY SDG, BIJURI					
RJCS	RAJASHREE CEMENTS LTD., MALKHAID ROAD					
RJD	RAJ-PARDI					
RJKN	R & UBM SIDING OF M/S JINDAL STEL & POWER LTD.					
RJMF	M/S RJM FIBRE INDUSTRIES LTD, KANKINARA					
RJON	RAJKOT JN.					
RJSG	RAJUR COLLIERY SDG, RAJUR					
RJUA	RAJURA					
RKAE	RAMKISTOPORE					
RKBT	RAMRISHNABATI					
RKG	RATTOKE GURDWARA					
RKMP	RANI KAMALAPATI					
RKPG	RAMAKISTA PURAM GATE HALT					
RKRL	RAMA KRISHI RASAYAN LTD.LONI					
RKSG	RAWANWARA KHAS COLLIERY SDG & EXT TO RAWANWARA, PARASIA					
RKSI	RAKSHI					
RKT	RANIKHET OUT AGENCY					
RLD	RANDALA					
RLPS	RATLAM POL SDG, RATLAM					
RMAR	RAM MANDIR					
RMBH	RAMBHA BLOCK HUT					
RMGD	RAMGAD					
RMGY	RANGIYA JN.					
RMJC	M/S. JSW STEEL LTD					
RML	ROMPALLE HALT					
RMRT	RAM NAGAR TRIPURA					
RMS	RAMSHAI					
RMSD	RAM SINGH & MAHA SINGH SDG, DAYABASTI					
RMUA	RAMPUR					
RMUL	RAMAGARH UJALBAS					
RMUY	RAW MATERIAL UNLOADING YARD, VSPS					
RNCN	RANCHI JN.					
RNGR	RAINAGAR					
RNJP	RANAJITPURA					
RNK	RANICHUK					
RNPO	RANIGAON					
RNSG	INDIAN NAVY STORE DEPOT MILITARY SIDING, KURLA JN.					
ROHE	ROHE ROAD					
ROPN	RUPSA JN.					
RPCK	KANALUS SOUTH CABIN					
RPLW	M/S RATANINDIA POWER LTD					
RPOS	RAICHUR PUBLIC OIL SIDING, RAICHUR					
RPRN	RAIPUR JN.					
RPSB	2 RPD PETROLEUM, BARABANKI					
RPSG	RANAVAV PUBLIC SDG, RANAVAV					
RPSM	M/S HSL REFRACTORY SDG, MARANDA					
RPT	RANIPPETTAI					
RPY	RUPAI					
RPYN	RUPAI MILATRY SDG, RUPAI					
RQSG	ASSOCIATED LIME CO SDG, MEHGAON					
RQTS	RAE-BARELI Q.T.S.					
RRAL	RURE ASAL HALT					
RRAP	RAMKANALI RLY. ASSTT. PVT. SIDING, KATRAS GARH					
RRD	MUMBAI					
RRH	RASHI					
RRR	RAJARAMPUR HALT					
RRWB	RAJRAPPA WASHERY-BARAKIPONA					
RSBS	SBJ RELIEF RLY SIDING RAJPURA					
RSCF	RAMGANGA SOUTH CABIN					
RSCR	RAJHAURA COLLIERY SIDING					
RSCS	RAJGRAM STONE CO. SDG, RAJGIR					
RSD	RAIPUR STORE DEPOT SDG, RAIPUR					
RSDB	M/S RELIABLE STORES SIDING, DAYABASTI					
RSDG	RAJHARA SIDING					
RSGB	MILITARY RAMP SIDING, BUTARI					
RSGJ	MILITARY RAMP SIDING, JANDIALA					
RSKA	RAJSUNAKHALA					
RSME	RASWAN					
RSNS	RIHAND STPP OF NTPC SDG, JHAROKHAS					
RSRP	RAIKA BAGH RISSALA SIDING, RAIKA BAGH PALACE					
RSRS	S M U RELIEF SIDING, RAJPURA					
RSS	RAJGAON STONE CO. SDG.					
RSSG	GHORPURI RETURNED STORES DEPOT SPUR					
RSY	RUSHA BHDEV UPARIYALA					
RTMC	RATLAM CONTAINER SDG, RATLAM					
RTPM	APSEB					
RTPP	RAYALSEEMA THERMAL POWER PLANT					
RTPR	ROPAR THERMAL PLANT, RUPNAGAR					
RTPS	KARNATAKA POWER CORP. LTD, KRISHNA					
RTRA	NEW RAMNATH PUR					
RTS	REHTA					
RTSS	RAIPUR THERMAL STATION SIDING, RAIPUR					
RTT	RAM KRISHNA TARAK MATH					
RTV	RATAN SARAI					
RTW	REHATWAS					
RUSG	RUDRAM PUR					
RVA	REVORA					
RVJ	MUMBAI					
RVN	RAJIV NAGAR HALT					
RVPR	RUVAPARI ROAD					
RVS	RAVANASAMUDRAM					
RVSJ	RASHTRIYA ISPAT NIGAM LTD					
RWF	RAIL WHEEL FACTORY SDG					
RWGR	RAYARAPA W. SIDING S					
RWOQ	RANAVAV SAURASTRA CEMENT INDUSTRY LTD SDG, RANAVAV					
RWRI	REWARI JN.					
RWS	RAIPUR WORK SHOP					
RWSO	RAWATSAR O.A.					
RXK	RAMKELI					
RXRM	MILATRY SIDING, RANGAPHAR					
RXT	RAXAUL NEPAL SIDING					
RXUL	RAXAUL JN.					
RYD	RECEPTION YARD, WALTAIR MARSHALLING YARD					
RYGA	RAYANGUDA					
RYL	RAHIIYOL					
RYPS	RAYANAPADU SHOPS					
SAES	SAE					
SAIB	STEEL AUTHORITY OF INDIA LTD. SDG, BHARATPUR					
SAIK	STEEL AUTHORITY OF INDIA LTD, KAREPALLI					
SAIL	STEEL AUTHORITY OF INDIA LTD.-NEW BONGAIGAON					
SAIM	STEEL AUTHORITY OF INDIA LTD. SDG, SABARMATI JN.					
SAIN	STEEL AUTHORITY OF INDIA LTD, NAGALAPALLE					
SAIP	STEEL AUTHORITY OF INDIA SDG, PILAMEDU					
SAIS	STEEL AUTHORITY OF INDIA LTD. SIDING, GULDHAR					
SAIT	STEEL AUTHORITY OF INDIA SDG, TONDIARPET					
SALF	SALI					
SALK	SALKEA GOODS					
SALN	STEEL AUTHORITY OF INDIA LTD.-NEW BONGAIGAON					
SALR	SALUR					
SARR	SIDHAULARAMPUR					
SATP	STEEL AUTHORITY OF INDIA LTD. SIDING, PANKI					
SAY	SAYAMA					
SBCT	SOUTH BALANDA JAGANNATH COLLIERY SIDING					
SBDP	SABDALPUR JN.					
SBDR	SONBHADRA					
SBEM	ENGG. WORKSHOP					
SBES	ENGG. WORKSHOP					
SBGA	SHRAVANABELAGOLA					
SBGG	SAHIBGANJ PUBLIC SIDING					
SBGN	SISIBAR GAON					
SBHN	SHRI BHAVANATH					
SBIG	SABARMATI GENERAL STORES SIDING.					
SBIO	ORDNANCE DEPOT SIDING, SHAKURBASTI					
SBKT	SENDRA BANSJORA COLLIERY SIDING					
SBLM	LOCO MG SDG, SABARMATI					
SBMP	SUBARAMANIAM PURAM					
SBS	SANGRANA SAHIB HALT					
SBSC	SONE BARRAGE SDG., DEHRI-ON-SONE					
SBSM	SIGNAL WORKSHOP MG SIDING, SABARMATI					
SBSS	SIGNAL WORKSHOP BG SIDING, SABARMATI JN.					
SBTG	SABARMATI GENERAL STORES SIDING.					
SBTI	SAMBHETI					
SBTL	SAHEBTALA					
SCBC	SODEPUR					
SCCS	UP STATE CEMENT CORPORATION LTD, CHUNAR					
SCDG	DIPIKA COLLIERY SIDING-II OF SECL					
SCDS	SLEEPER CREOSOTING DEPOT SIDING, CLUTTER BUCKGANJ					
SCES	NHPC SIDING SENCHOA					
SCIC	M/S SIDCUL CONCOR INFRA COMPANY LTD. PFT SIDING					
SCIR	SAURASHTRA CEMENT AND CHEMICAL INDUSTRIES LTD SDG, RANAVAV					
SCLB	SYNTHETICS & CHEMICALS LTD, BHITAURA					
SCMM	SAONER COAL MINES(BG) SDG., PATANSAONGI					
SCMS	TRIMULGHERRY MILITARY SDG. SECUNDERABAD					
SCOB	SCOB SDG, SITARAMPUR					
SCPM	SMELTER/CAPITIVE POWER PLANT SIDING, MERAMANDOLI					
SCPP	SMELTER/CAPTIVE POWER PLANT OF M/S NALCO AT BUDHA PANK					
SCPS	SAURASHTRA CHEMICAL PVT SDG, PORBANDAR					
SCPT	SIRKA COLLIERY SIDING PATRATU					
SCR	RIGA SUGAR CO. SDG, RIGA					
SCRM	RAMA KRISHNA MINES FOR SINGARERNI COLLIERIES MANDAMARI					
SCSC	SARUBERA COLLIERY SIDING CHAINPUR					
SCSG	S.N.SUNDERSON & CO'S SDG, KATNI MURWARA					
SCSK	SURKACHAR COLLIERY OF M/S MCDC, KORBA					
SCSP	SALANPUR - I COLLIERY SIDING SALANPUR					
SCSU	SHANKARPUR COLLIERY SIDING KAJORAGRAM					
SCTP	SAURASHTRA CHEMICAL THERMAL PLANT SDG BG, PORBANDAR					
SCU	PURE SITALPUR COLLIERY SDG.					
SCW	SWANG WASHERY					
SCWN	SATNA CEMENT WORKS, NAINI JN.					
SCX	SALESIAN COLLEGE HALT					
SDAG	SEALDAH					
SDAN	SUDHANI					
SDBR	SHEDUBHAR					
SDCK	SHREE DIGVIJAY CEMENT CO. LTD SDG, MG SIKA					
SDCO	D C O S SIDING, SHAKURBASTI					
SDDN	SIDDHARTH NAGAR					
SDLS	SHREE DIGVIJAY CEMENT CO. LTD SDG, SABARMATI JN.					
SDMG	SANDUR MANGANESE & IRON ORE LTD.,					
SDMS	SUPPLY DEPOT MILITARY SDG, BANBASA					
SDNF	SHOLAVANDON					
SDPA	SUNDARPURA					
SDRT	SINDRI TOWN					
SDSA	SUPPLY DEPOT SIDING, AMBALA CANTT					
SDSD	SUPPLY DEPOT BG MILITARY SIDING, DELHI CANTT					
SDSG	HN CEMENT SIDING, SHAHABAD					
SDSL	SANDASAL					
SDSS	SARAYAM DISTILLERY SDG, SARDARNAGAR					
SDUA	SADURA					
SDUL	SRIPUR NO1 COLLY.SDG					
SDYS	AP DAIRY DEVPT					
SECL	ROBERTSON SIDING OF SECL, KHARSIA					
SEDS	SANGIDALAM EAST SDG, RAJMAHAL					
SEK	SHIYAKHALA					
SEPA	SEPOYDHURA					
SERF	SAMAYANALLUR					
SFCD	DDV SFC SIDING					
SFCE	SINDRI ASSISSTED SDG CABIN					
SFCG	FOOD CORPORATION OF INDIA, SEVUR					
SFCS	FCI SIDING, SAHARSA JN.					
SFGD	SAFILGUDA HALT					
SFHX	SHADOW FACTORY SIDING, HARDUA GANJ					
SFMS	SHELL FORGE MACHINE SHOP TP2 SIDING, KANPUR CENTRAL					
SFMU	SUNAM UDHAM SINGH WALA					
SFQ	SAFEDPURA					
SFS	SAFIA SARAI					
SGC	SAONGI JN.					
SGES	BHARAT PETROLEUM SDG, SANKARIDRUG					
SGFG	FOOD CORPN. OF INDIA SDG					
SGIA	SINGIA					
SGK	SOUTH GOVINDPUR					
SGNM	MILITARY RAMP SIDING					
SGPB	SLAG GRANULATION PLANT SDG-BOKARO STEEL CITY					
SGPS	SLAG GRANULATED PLANT					
SGRI	SONGARI					
SGSM	STONE GOODS SDG, MORAK					
SGT	SAMRIYA GHAT					
SGTP	SANJAY GHANDHI THERMAL POWER HOUSE					
SGTY	SANKRAIL GOODS TERMINAL YARD					
SGU	WAGONSHOP SDG, SILIGURI JN.					
SGUN	SILIGURI JN.					
SGWK	SERAI KELA GLASS WORKS SIDING, KANDRA					
SGWS	M/S GUESTKEEN WILLIAM LTD. ANDUL RD SDG, SHALIMAR					
SGY	SALUKGERIA					
SHCF	SAHARSA JN.					
SHIG	SINGANALLUR GOODS					
SHJ	SAHASPUR ROAD					
SHKL	SHANKRUL					
SHL	SADHLI					
SHLT	SHALASHAH THANA					
SHLV	SELAVI					
SHMP	SHAHABAD MUHAMMADPUR HALT					
SHMR	SHYAM SUNDER					
SHNB	SHEONATH BRIDGE					
SHNF	SHEOSINGHPURA					
SHRA	SHAHERA					
SHRF	SAIJ SERTHA ROAD					
SHSG	SHANTI KHANI COLLIERIES, BELAMPALLI					
SHWA	SAHUWALA HALT					
SHWl	SAHUWALA					
SICD	CONCOR - SALEM DOMESITC CONTAINER TERMINAL					
SIGA	SHANTIGRAMA					
SIGN	SHRIGANGA NAGAR					
SIIL	SPONGE IRON INDIA LTD, BHADRACHALAM ROAD					
SIK	SIKKAMPATTI HALT					
SIKA	SIKKA					
SILR	SILARI					
SINA	SRINAGAR					
SIO	SAMAKHIALI					
SIOC	OIL LAY BYE PUBLIC SIDING SANATNAGAR					
SIPC	SRIBAR					
SIRN	SIRRAN					
SISB	SUNFLAG IRON & STEEL CO. LTD., BHANDARA ROAD					
SISS	SIMBHOLI INDUSTRIES, SIMBHOLI					
SIWT	SAYAJI IRON WORKS QUERRY PVT LTD. SDG, TIMBA ROAD					
SIX	SIDHESWAR					
SJ	SINGAJI					
SJD	SALJADA					
SJKM	SURJAKAMAL					
SJMA	SANJAMALA					
SJSQ	M/S SINDH JIWAN STONE QUARRY SDG, BARHARWA JN.					
SKHN	SAKHUN					
SKJS	SRI KRISHNA JANAM STHAN HALT					
SKLF	SINGAPERUMAL KOIL					
SKLW	SUKULWA					
SKRJ	SHAKURBASTI					
SLCP	SAYAL COLLIERY SIDING PATRATU					
SLCS	DEAD END SDG FOR SOJAT LIME CO.					
SLGJ	SILIGURI JN.					
SLGP	SOLAGAMPATTI					
SLGT	SILIGURI TOWN					
SLKI	SALAKATI					
SLMK	SALEM MARKET					
SLMN	SALEM JN.					
SLSB	SUNFLAG IRON & STEEL CO. LTD, BHANDARA ROAD					
SLSP	SHIVPOOR LINE NO.4 CCL SIDING					
SLSR	SOJAT LIME CO.SDG, MG, SOJAT ROAD					
SLTC	CHETTINAD CEMENT CORPORATION PRIVATE LTD SIDING					
SLVK	SRI LAKSHMI VENKATESHWARA WAREHOUSING AND PFT PRIVATE LIMITED					
SMBA	SHAMBHUA					
SMCP	SIMENCHAPARI HALT					
SMD	CHERAN MAHADEVI					
SMER	PRIVATE SIDING OF M/S SHYAM METALICS AND ENERGY LIMITED					
SMFS	SANDUR MANGANESE & IRON ORE LTD.,					
SMG	SHAHAMATGANJ					
SMGH	SALIMGARH SIDING, DELHI					
SMHP	SHAMBHUPURA					
SMIA	SITAMARHI JN.					
SMKD	SAMUKTALA ROAD					
SMLI	SWAMIHALLI					
SMNA	SAMANA O.A.					
SMPB	M/S SHREE MEGA POWER SIDING					
SMQT	SUBZI MANDI QTS & SLE					
SMRC	SITAMARHI COURT					
SMRE	SINGIMARI					
SMRF	SAMDARI JN.					
SMSP	SAMASTIPUR JN.					
SMSS	STARPAPER MILLS SIDING, NO. 1 SAHARANPUR					
SMTF	SHIMOGA TOWN					
SMVB	SMVT BENGALURU					
SMVR	VENKATESWARA RAO AND OTHERS SERVING APSWC					
SMYN	SAMLAYA JN.					
SNAG	SANATHNAGAR NEW GOODS COMPLEX					
SNCR	SANPADA					
SNDA	SANDHIA					
SNDP	SANDISPUR					
SNFC	ASSOCIATED CEMENT COMPANY SDG SINDHRI, PRADHANKHUNTA JN.					
SNFP	FERTILIZERS FACTORY SINDHRI, PRADHANKHUNTA JN.					
SNGI	SHINGNALI					
SNHT	SANHATI					
SNIA	SONIANA					
SNKO	SATPUR OUTAGENCY					
SNKP	SANKHALPUR					
SNMK	SUBANSRIRI MUKH					
SNNA	SINGHANA					
SNNR	SURENDRANAGAR JN.					
SNPD	SONARPUR ROAD					
SNPT	SANNASIPATTI					
SNRP	SONIPUR RUPAL					
SNSD	SONE NAGAR SDG					
SNSM	S.N. SUNDASRSON & COMPANY SDG. MEHGAON					
SNSR	SANOSARA					
SNSY	SANOSARI					
SNTL	SANATHAL					
SNTP	NTPC LTD. SIDING					
SNTW	BHOJUDIH COAL WASHERY SIDING					
SNY	SONGARI					
SO	SALT COTAURS					
SOB	SILANIBARI					
SOBK	KIRUBURU OLD BUNKAR OF M/S. SAIL					
SOC	SHILLONG OUT AGENCY					
SOCM	M/S.SINGARENI COLLIERIES LTD					
SOFG	ORDINANCE FACTORY SHANKARPALLI					
SOMA	SOMAGUDDU					
SONA	SONAMUKHI					
SONP	SONPUR JN.					
SONU	SONU					
SORD	SUR ROAD					
SOTE	SUTARPETE HALT					
SOZ	SOLADI					
SPBD	SIPRA BRIDGE					
SPBH	SWATANTRA PALYA BLOCK HUT					
SPCR	SIBPURCHAR					
SPDA	SAPDA					
SPDS	SUPPLY DEPOT SIDING, LUCKNOW					
SPGS	SESHA SAYEE PAPER BOARD SDG, CAUVERY					
SPHT	SHIVPURI HALT					
SPJB	SAIDPUR JALALABAD HALT					
SPJT	SALAL PROJECT, JAMMU TAWI					
SPMG	SIRPUR PAPER MILLS LTD, SIRPURKAGHAZ NAGAR					
SPNS	SHAJAHANPUR ORDNANCE SDG, SHAJAHANPUR					
SPNX	SEPON TEA GARDEN(A)(MG) SIDING, SEPON					
SPPS	PRINTING PRESS SIDING, SHAKRUBASTI					
SPRG	SECURITY PAPER MILL SIDING, HOSHANGABAD					
SPSG	STRUTTPIT COLLIERIES, SINGRENI COLLERIES					
SPTD	PWI TRADE DEPOT SIDING, SADULPUR					
SPTF	SAIDAPET					
SPTR	SILAPATHAR					
SPUS	SPUR LINE NO. II					
SPXS	SPUR X 2nd GOODS SHED					
SPYD	SAKATPURA YARD					
SQB	SINGHABAD					
SQC	SANTAK					
SQT	SOUTH LODNA					
SQTS	SAHARANPUR Q.T.S.					
SQV	SAKEGAV					
SRAR	SRIRAMPUR-ASSAM					
SRBZ	SEHARA BAZAR					
SRDA	SARADIYA					
SRDG	SARDAR GARH HALT					
SREW	HINDUSTAN DEVELOPMENT CORPN, SANTRAGACHI					
SRFS	SMALL ARMS FACTORY KANPUR					
SRHA	SUKHPUR ROHA					
SRHG	SORBHOG					
SRPN	SRIPANI HALT					
SRRA	SHORANUR 'A' CABIN					
SRTA	SORTA					
SRVA	SHIRVA					
SRVF	SHIRVA					
SRVU	SURAVALI HALT					
SRYA	SHIRIYA					
SSAP	SELECTED SAMLA ASSTT SDG					
SSAS	SOUTHERN STRUCTURALS SDG, AVADI					
SSBB	IBP CO. LTD., BUDGE BUDGE					
SSCC	SJK STEEL CORPORATION LTD					
SSCK	SIJUA STABLING COLLIERY SIDING KATRASGARH					
SSCLS	M/s. SHIV CARRIERS ROADWAYS PVT. LTD. AT SUKHPUR					
SSCP	SELECTED SHAMLA COLLIERY SIDING PANDEBESWAR					
SSCR	SONACHARA					
SSDS	SAND SDG					
SSFB	SAKSARIA BISWAN SUGAR FACTORY SDG, BISWAN					
SSIP	SHARDA SUGAR INDUSTRIES SDG, PALIA KALAN					
SSMI	SALT SDG BG, MIRA ROAD					
SSMK	IRON ORE DEPOSITE AT MEGHATABURU					
SSMN	SPUR SIDING					
SSMS	SIMBHOLI SUGAR MILLS, SIMBHOLI					
SSNG	SHRI SHARADA NAGAR HALT					
SSPJ	SLIP SIDING, JAINTI					
SSPL	SHYAM SEL AND POWER LTD/TAPASI					
SSPS	SALEM STEEL PLANT SDG, SALEM JN.					
SSSE	SAIL SIDING, SANKRAIL					
SSSG	SIRSILK LTD, SIRPURKAGHAZ NAGAR					
SSSK	SALT SIDING, NO II SAMBHARLAKE					
SSSL	SALT SIDING, NO I SAMBHARLAKE					
SSTI	SOUTH SIDING,TIRODI					
SSTP	SINGRAULI SUPER THERMAL STN. SDG, SHAKTINAGAR					
SSWS	SASAMUSA SUGAR WORKS LTD. SDG, SASAMUSA					
SSYS	SAIL SDG JANAI ROAD					
STAR	SATAR HALT					
STBB	SATBERIA H					
STBD	SULTANABAD HALT					
STBN	SHANTIPUR JN					
STBR	SATBARIYA					
STDA	SATARDA					
STDV	SIMHADRI THERMAL POWER PLANT-DUVVADA					
STGH	SURATGARH JN.					
STHL	SINTHAL HALT					
STLP	SITALPUR					
STMF	ST. THOMAS MOUNT					
STPB	SURAT GARH THERMAL POWER HOUSE SIDING, BIRADHWAL					
STPH	SITAPUR HAT					
STPS	SANTALDIH THERMAL POWER SANTALDIH STN, SANTAL DIH					
STRD	SHITALA ROAD					
STSG	SATNA STONE & LIME CO. LTD, SATNA					
STSI	SASTI COAL MINES					
STSM	SALT SDG, MIRA					
STT	SOOKERATING					
SU	SURAPUR					
SUDL	SRIPUR NO2 COLLIERY SDG					
SUKP	SUKHPUR					
SUMA	SOLU MAJRA HALT					
SUND	SUNDARNA					
SUPP	SUPPALAPADU					
SUPT	SORUPETA					
SUQ	SULAKARAI					
SURH	SUKHRA					
SURM	SOLAPUR					
SURX	SOLAPUR JN. YARD					
SUSR	SARUPSAR JN.					
SUZ	SUBANSIRI					
SVE	MUMBAI					
SVJ	SAJIYAVADAR					
SVKT	TAMIL CEMENT SDG, SIVAKASI					
SVLI	SAVLI					
SVMS	M/S.S.V.MULTI LOGI-TECH PVT LTD., SVD BY SKP RLY STATION					
SVP	SHIVARAMA PURAM					
SVPL	SHIVARAMPALLI					
SVRY	SAVRI					
SVU	SHIVRAJPUR					
SW02	KALGURKI .H					
SWAN	SIWAN JN.					
SWCR	SIMENCHAPANI HALT					
SWDV	SEA WOOD DARAVE					
SWIG	STAR WIRE					
SWJ	SIAJULI					
SWKT	SHEWKARAN					
SWMC	SAWAI MADHOPUR CABIN					
SWRM	SONUA MARKET PLACE					
SWSG	ACC VICKERS BABOOCK SDG, SHAHABAD					
SWSR	SANGIDALAM WEST SDG, RAJMAHAL					
SWSS	SUDAMDIH COAL WASHERY					
SWZ	SIORA					
SXH	SHINGATGERI					
SXSF	SHOBHASAN					
SXW	SANHA					
SXZM	SOPORE					
SYI	SINGRENI COLLERIES					
SYSG	SYNTHETIC DRUG SIDING SANAT NAGAR					
SZMG	SUBZI MANDI GOODSSHED					
SZNR	SHAHBAZNAGAR ROAD					
SZO	SARZORE					
TAPG	TURBHE APM COMPLEX					
TAST	TORI SIDING					
TATB	TATANAGAR CBA					
TBAN	TIMBA ROAD JN.					
TBDM	TUNGABHADRA DAM					
TBFS	TAMBARAM SANATORIUM					
TBH	TATIBAHAR					
TBMF	TAMBARAM					
TBS	VARANASI CITY BOOKING OFFICE					
TBSB	THANKURAMI BARA JAMDA					
TBSE	THANKURANI BARA JAMDA					
TCA	TANCHHA					
TCCS	M/S TATIA CONCRETE PROJECT LTD SDG					
TCLD	TATA CHEMICALS LTD					
TCLS	TATA CHEMICALS LTD. SDG, BHIMRANA					
TCM	THANGACHIMADAN					
TCOA	TIRUCHENGODE O.A.					
TCPG	TIRUCHCHIRAPPALLI GOODS					
TCPP	TIRUCHIRAPPALLI JN.					
TCS	TATA IRON & STEEL CO. SDG, CHANNASANDRA					
TCSB	TARMI COLLIERY SIDING BHANDARIDAH					
TCSG	TELECOM FACTORY SDG ADHARTAL					
TCSL	TIKOK COLLIERY SIDING-LEDO					
TCST	TOP-II & IV					
TD	TANDA					
TDMS	TUGLAKABAD MINERAL GOODS SDG					
TDPS	TEHRI HYDRO DEVELOPMENT CORPORATION LTD., RISHIKESH					
TDRP	THEIN DAM RANJIT SAGAR PROJECT SDG, SUJANPUR					
TDRS	TODA RAI SINGH					
TDT	TALAMADUGU HALT					
TED	TERALANDUR					
TEI	TELI H					
TELT	TELTA					
TEMP	MELTUR THERMAL POWER PROJECT SIDING, METTUR DAM					
TENI	TENI					
TFAH	TRADE FAIR AUTHORITY RLY SDNG					
TFMB	M/S TISCOIS FERRO MANGANESE PLANT, BANSPANI					
TGCR	TGR CABIN NO. 1					
TGD	TRANSIT GODOWAN SIDG , DHARMANAGAR					
TGG	TIGER HILL					
TGHP	TITAGARH GENERATING STATION					
TGPT	THANGAMAPETTI					
TGR1	BLOCK AND CATCH SIDING CABINE NO.1					
TGRT	TGR CABIN NO. 2					
TGTC	TGR CABIN NO. 3					
TGWF	TIPONG PANI COLLIERY SDG, LEDO					
THAL	THAL					
THAM	THAM					
THCN	TIRTH					
THH	THANA HALT					
THRA	THUPRA					
THSG	SATPURA THERMAL POWER STATION SIDING, GHORADONGRI					
TICD	TUGHALABAD ICD SIDING, TUGHLAKIABAD					
TICS	INDIA CEMENT SDG, TALAIYUTHU					
TIKE	TIKOREE					
TISC	TATA IRON & STEEL CO LTD., MAULA ALI					
TISH	TATA IRON & STEEL CO. SIDING, HARRAWALA					
TISJ	TATA IRON & STEEL CO UNIT-2, JALANDHAR CANTT JN.					
TISL	TATA IRON & STEEL CO.UNIT-I, JALANDHAR CANTT JN.					
TISM	TATA IRON AND STEEL CO. SIDING					
TISR	TATA IRON & STEEL CO SDG, TIRUNINRAVUR					
TIST	TATA IRON & STEEL, TUGHLAKABAD					
TJAC	TALAJA CITY					
TJEB	TISCO'S JODA EAST BIN, BANSPANI					
TJSP	TAJ SULTANPUR					
TKDA	TUGLAKABAD					
TKFS	FOOD CORPORATION OF INDIA SDG, TIKKOTTI					
TKKD	TIKEKAR WADI					
TKMO	TIKAMGARH O.A.					
TKNG	TILAKNAGAR					
TKNR	THAKURNAGAR					
TKRD	TANKARIYA ROAD					
TKRS	TUNDU KHAR RLY ASSISTED. SIDING, KATRAS GARH					
TKSG	APSEB KOTHAGUDEM, BHADRACHALAM ROAD					
TKSS	TECHNOLAX KALIKA STONE SUPPLY&KING CO.SDG, PAKAUR					
TKV	TEKANWAS					
TLCO	M/S TELCO SDG, TATANAGAR JN.					
TLL	TALAP					
TLMF	TRISULAM					
TLNY	TILONIYA					
TLPR	TELAPUR					
TMBY	TROMBAY					
TMGP	TATA METALIKS LTD					
TMJ	TAMARA KULAM					
TMJT	JINDAL VIJAYANAGAR STEEL LTD.,					
TML	TENMALAI					
TMM	TAMBADMAL					
TMO	TAMLOR					
TMPT	TIRUMALAIRAYAN PATTINAM H					
TMUR	TENUA DUMARIA HALT					
TMVF	TINDIVANAM					
TNB	TUTICORIN HARBOUR MARSHALL					
TND	TALBANDH					
TNFS	MADRAS FERTILIZER SIDING, TONDIARPET					
TNG	TENGNI					
TNJP	THANJAVUR JN.					
TNKA	TANKHALA					
TNPA	MADRAS PETROCHEMICALS, TONDIARPET					
TNPM	TONDIARPET MARSHELLING YARD					
TNPS	IOC SIDING NO 1					
TNPT	TONDAMANPATTI					
TNSB	TRIANGLE NECK SIDING					
TNWR	TONKARWAR					
TOB	TETONBARI					
TOP	TAPASI					
TOY	TOPPUTURAI					
TPAK	THERMAL POWER HOUSE FOR APGENCO					
TPAP	THERMAL PLANT					
TPAR	THERMAL 'B' POWER HOUSE,					
TPDH	TUPADIH					
TPG	TIPLING					
TPGY	TIRUCHCHIRAPPALLI GOODS					
TPHG	TATA POWER HOUSE SIDING, TROMBAY					
TPHS	GEB THERMAL POWER HOUSE SDG, UKAI SON GADH					
TPKS	TIKAPERA CAR SHED					
TPL	TADEPALLE					
TPLT	TINPLATE CO. OF INDIA LTD. TATANAGAR JN.					
TPMP	TIPPAMPATTI					
TPMS	TITAGARH PAPER MILL CHAR BATIA					
TPNR	TRANSPORT NAGAR					
TPSF	TROOPS PALTFORM SHOOTING NECK&LOOP SDNG FIROZEPUR CANTT. JN.					
TPSK	M/S BHARAT ALLUNINIUM CO. LTD, KORBA					
TPSM	THERMAL POWER STATION SDG, MUZAFFARPUR JN.					
TPSS	APSEB, KONDAPALLI					
TPST	TORI PUBLIC SIDING					
TPWF	TIRAP COLLIERY SIDING					
TPYS	TIRUPATI WORK SHOP					
TQM	TELAM					
TRAH	TARANGA HILL					
TRBB	TEMPORARY RLY ELECTRIC SDG, BUTI BORI					
TRF	TAROPA					
TRKT	THUMBA ROCKET					
TRNA	TORNA					
TRNL	TIRUNELVELI JN.					
TRP	TARAPUR					
TRPB	TATA REFRACTORY PLANT SIDING, BELPAHAR					
TRPI	TIRUPATI					
TRPT	TIRUPPARAITHURAI					
TRTH	TIRTH					
TRTS	TRIBENI TISSUE SDG FOR ITC LTD., TRIBENI					
TRV	TARVA					
TRXF	TIRUMANI					
TRY	TARHIYAON					
TS	TIRAP SIDING, LEDO					
TSBD	TATASIJUA VALATAND					
TSH	TALSHAHI					
TSIM	TATA SPONGE IRON LTD					
TSLE	TIKOK SIDING					
TSLJ	PRIVATE SIDING OF M/S TATA STEEL LIMITED					
TSLN	TRIVENI STRUCTURAL LTD, NAINI JN.					
TSM	TRAISAMADH					
TSPD	M/S TISCO DOLOMITE					
TSPT	TRANSPORT SIDING, AMBALA CANTT					
TSSX	M/S TISCO SDG, SONAKHAN					
TST	TULSIPUR SUGAR CO. SDG, TULSIPUR					
TSWS	WANAKBORI THERMAL POWER STN, SEVALIYA					
TTH	TIRUMALA HILLS O.A					
TTMS	TUBE MILL PROJECT, TATANAGAR JN.					
TTO	TARN TARAN					
TTOA	TRIPURA TOWN OUT AGENCY					
TTPH	TANDA THERMAL POWER HOUSE, TANDA					
TTPS	TATA THERMAL POWER STATION SIDING, TROMBAY					
TTRA	TINTODA					
TTST	TRIBENI TISSUE SDG, TRIBENI					
TUB	TURBHE					
TUH	TURBHE					
TUHI	TIHU					
TUJ	TANIJAN					
TULI	TULI					
TUM	TULSIGAM					
TV	TENTALAV					
TVMR	TIRUVERUMBUR					
TVSG	RASTRIYA CHEMICAL & FERT. SIDING, PEN					
TWD	TALEWAD					
TWF	TILWARA MELA					
TWS	TISCO WORKS SITE, TATANAGAR JN.					
TXF	TIMBER SIDING					
TXJ	TIMBER					
TXK	TIMBER SIDING					
TXN	TIMBER SIDING					
TXO	TIMBER SIDING					
TXOT	A.O.C. SIDING, TINSUKIA JN.					
TXS	TIMBER SIDING					
TXT	TIMBER SIDING					
TYK	THABALKE					
TYSG	MADRAS CEMENT SDG, TULUKAPATI					
TYT	TIRUNELVELI TOWN					
TZDF	TOZHUPPEDU					
UAL	UPARIYALA					
UASY	USHA ALLOYS & STEEL CO.LTD SDG, YAMUNA BRIDGE(AGRA)					
UBLS	HUBLI SHOPS					
UCLC	M/S. ULTRATECH CEMENT LIMITED					
UCLG	ULTRA TECH CEMENT LTD					
UCLH	ULTRA TECH CEMENT LTD SDG., HATHBAND					
UCLJ	M/S. ULTRATECH CEMENT LTD.					
UCLM	ULTRATECH CEMENT LIMITED, UNIT:MAIHAR CEMENT WORKS					
UCLS	ULTRA TECH CEMENT LTD.					
UCLT	ULTRA TECH CEMENT LTD. TURKI SERVED BY TURKI ROAD					
UCSD	ULTRATRECH CEMCO LTD					
UDA	ULTADANGA JN.					
UDG	URUM DUGA					
UDLM	ANDAL MECHANICAL SHOPS					
UDLS	ANDAL SHOPS					
UDMR	UDI MOR JUNCTION					
UDOA	UDUPI O.A.					
UDP	UDAIYANPATTI					
UDPU	UDAIPUR					
UDS	UDASAR					
UDT	UDUMALAIPPETTAI					
UDU	UDITPUR					
UDV	UNDAVALLI HALT					
UEPF	URI CIVIL SIDING, VIJAYPUR JAMMU					
UEPH	GUJRAT ELEC BD THERMAL POWER HOUSE SDG, UTRAN					
UGSM	UPPER GANGES SUGAR MILLS					
UGSU	USLAPUR PUBLIC SIDING					
UHM	UDHAMPUR					
UIMW	UNITED IRON MFG WORKS SDG, DAYABASTI					
UKE	UTTARKATHANI					
ULCE	KULTI SDG S/B KULTI STATION, KULTI					
ULV	ULAVADI					
UME	ST CMS ELECTRIC CO. LTD(P) BG SDG.					
UML	UMALLA					
UMLS	M/S USHA MARTIN LTD PRIVATE SIDING					
UMSG	UMRED COLLIERY SIDING, BUTI BORI					
UNCB	M/S ULTRA TECH NATHDWARA CEMENT LTD					
UNCT	URAN CITY					
UNFS	B&C FERTILIZERS SDG, UTTANGAL MANGALAM					
UNGS	NEYVELI LIGNITE NEW OIL GASSIFICATION PNT SDG, UTTANGAL MAN					
UNGU	UDHNA NEW GOODS SHED					
UNIC	VIJAYAWADA NORTH INTER CAB					
UNSG	UNIVERSAL CABLE LTD SDG, SATNA					
UNWC	VIJAYAWADA NEW WEST CABIN					
UPAN	UP RNG-II					
UPCL	UPCL SIDING SERVED BY NANDIKOOR					
UPCN	UP RNG-I					
UPKN	UP RNG-III					
UPMF	URPPAKKAM					
UPSG	UTTAR PRADESH STATE ELECTRICITY BOARD SIDING, PARICHA					
UPT	UMARPOTI					
UQTS	UNNAO QUICK TRANSIT SERVICE					
URH	UMARHA					
URKC	URKURA CHORD CABIN					
URKM	URKURA MAIN CABIN					
URKN	UP RNG IV(KPK)COLLIERY SIDING					
URT	UMRALA					
USLP	USILAMPATTI					
UTCB	M/s. UltraTech Cement Ltd.					
UTCG	M/s.UltraTech Cement Limited Unit:Manikgarh Cement Works					
UTCJ	ULTRA TECH CEMENT LTD JHARLI					
UTCK	M/S Ultra Tech Cement Limited					
UTCM	M/S.ULTRA TECH CEMENT LIMITED, MALKHAID ROAD					
UTCR	M/S.ULTRA TECH CEMENT LIMITED,UNIT: BALAJI CEMENT WORKS SERVED BY RRPM					
UTCU	M/S ULTRATECH CEMENT SIDING					
UTPS	UKAI SONGARH THERMAL POWER SDG, UKAI SON GADH					
UUNCK	M/S ULTRA TECH NATHDWARA CEMENT LTD.					
UVR	UNVARSAD					
UVSN	UNAWA WASAN					
VACS	ANDHRA CEMENT CO					
VAD	VELAVADAR					
VAJ	VADAPALANJI HALT					
VAM	VELLAMBARAM					
VAO	VANNEDODDI					
VAP	VALPARAI O.A.					
VAS	VASAI DABHLA					
VASG	GAS AUTHORITY OF INDIA SDG, VIJAYPUR					
VASS	VATVA AMBICA STEEL(P) SDG, VATVA					
VAU	VADARIAPADU					
VBCG	BIRLA PLUS CEMENT SIDING					
VBM	VEMBADITALAM					
VCA	VINCHIYA					
VCH	VACHHNAD					
VCJ	VISHNU CEMENT LTD.,					
VCSG	VASAVADATTA CEMENTS LTD, SERAM					
VCSJ	VIKRAM CEMENT SDG MG, JAWAD ROAD					
VCSN	VIKRAM CEMENT SDG, NIMBAHERA					
VCT	VICTOR					
VDDR	VIRUDHUNAGAR JN.					
VDG	VADNAGAR					
VDGT	VADALA GRANTHIAN					
VDLR	MUMBAI					
VDPD	VADLA PUDI					
VDPF	VADIPATTI					
VDRF	VANDALUR					
VDSG	DEHU VEHICLE DEPOT SDG, SHELARWADI					
VDU	VADAVARU					
VDY	VEDARANNIYAM					
VED	VERAD					
VEPH	GEB THERMAL POWER SDG - UTRAN					
VFSG	AMMUNITION FACTORY SIDING, VARANGAON					
VGD	VILANGUDI					
VGH	VELANGI					
VGLB	VIRANGANA LAKSHMIBAI					
VGP	VEGANPUR					
VGR	VAGRA					
VGSD	VIZAG GENERAL CARGO BERTH PVT. LTD. SIDING					
VH	VAKADA					
VHL	WAHIYAL					
VHSL	HINDUSTAN STEEL LTD., VISHAKHAPATNAM PORT					
VIPN	M/S.VIMLA INFRASTRUCTURE					
VIR	VIKRAM ISPAT LTD.					
VIS	VISVESH WARAYA IRON & STEEL CO. LTD. SDG, BHADRAVATI					
VJC	VIJAYANAGARA COLONY HALT					
VJF	VIJAPUR					
VKBH	IBH BETWEEN VM-KDY					
VKE	VALLIKKOD					
VKNA	VIKAS NAGAR					
VKO	VELVARKOTTAI					
VKX	VENKETAPURAM BLOCK HUT					
VLSY	V S LAD & SONS					
VLX	ST CMS ELECTRIC CO. LTD(P) BG SDG.					
VLYN	VALLABH VIDHYA NAGAR					
VMF	VILLUPURAM JN.					
VMN	VIMANA PURA					
VMR	VEMAR					
VNC	VIJAYAWADA NORTH EAST BLOCK CABIN					
VNCH	VILLAGE CHAINPUR					
VNCW	VISHAKHAPATNAM NEW GDS COMPLEX					
VNE	VISWANATH CHARALI					
VNG	VISNAGAR					
VNGR	VANCHANAGIRI					
VNKA	VANKIYA					
VNL	VELANANDAL					
VNP	VENPURA					
VNT	VYANKATPURA					
VOF	VELLODU					
VON	VONDH					
VOSG	HINDUSTAN PETROLEUM CORPORATION SIDING, TROMBAY					
VPBF	VIRDHUNAGAR JN. INTER BLOCK					
VPC	VEPPILAIPATTI CHATTIRAM					
VPCD	M/S VAMAN PRESTRESS CO. DIGSAR					
VPD	VALAPPADI					
VPDP	INTERNATIONAL CONTAINER TRANSHIPMENT TERMINAL SIDING					
VPF	VIRAPUR					
VPLS	VASAI ROAD PETROL SDG, VASAI ROAD					
VPM	VAITHIKINGAPURAM					
VPMS	VISHAKAPATNAM PORT MANUAL IRON ORE UNLOADING SIDING					
VPNF	VIRDHUNAGAR JN. NORTH BLOCK					
VPP	VADAMALAPURAM					
VPSF	VIRDHUNAGAR JN. SOUTH BLOCK					
VPTB	VIRDHUNAGAR JN. INTER BLOCK					
VPTG	VISHAKAPTNAM PORT TIPPLER IRON ORE UNLOADING SIDING					
VPTN	VIRDHUNAGAR JN. NORTH BLOCK					
VPTS	VIRDHUNAGAR JN. SOUTH BLOCK					
VQTS	VARANASI QUICK TRANSIT SERVICE					
VRGM	VIRAMGAM JN.					
VRIF	VRIDHA CHALAM JN.					
VRJN	VENKATACHALAM ROAD JN					
VRLB	VERAVALDOCKS					
VRO	VAJDI ROAD					
VRQS	CHETTINAND CEMENT CORPN. SDG, VIRARAKKIYAM					
VRS	VIRSAD					
VSH	VASHI					
VSM	VALSURA MILITARY SDG, JAMNAGAR					
VSPG	VISAKHA PATNAM STEEL PROJECT SDG, KALAMBOLI EXCHANGE YARD					
VSPP	RASHTRIYA ISPAT NIGAM LTD(VSKP STEEL PL PROJ)JAGGAYAPET TOWN					
VSPS	VISAKHAPATNAM STEEL PLANT, VISHAKAPATNAM PORT					
VSPT	VISHAKHAPATTANAM STEEL SDG, TONDIARPET					
VSPV	M/S VIZAG SEA PORT PVT LTD					
VSR	VASUNDHARA					
VSS	VISHNU SUGAR CO. SDG, GOPALGANJ					
VSTP	VINDHYACHAL SUPER THERMAL POWER STN. SDG, SHAKTINAGAR					
VTDI	VARETHA					
VVBH	IBH BETWEEN VGM-VM					
VVG	V.V.GIRI HALT					
VVL	VADVIYALA					
VVNF	VIKRAVANDI					
VVR	VIRAVANALLUR					
VWG	VISWANATHGANJ					
VWLR	M/s. Vedanta Washery and Logistc Solutions Pvt. Ltd./ROB					
VWP	VISHWANATH PURI					
VYP	VIRAPANDIYANPATTANAM					
VYR	VIDHYAVARI HALT					
VYS	VYASANKERI					
VZP	VISHAKHAPATNAM-PORT					
VZPA	ANDHRA STEEL CORPORATION SDG, VISHAKHAPATNAM PORT					
VZPB	M/S INDIAN OIL CORPORATION					
VZPF	FCI SDG, NO. 1 VISHAKAPATNAM PORT					
VZPG	VISAKAPATNAM PORT NFG(FCI)SIDING NO. 2 VPT					
VZPS	STEEL AUTHORITY OF INDIA, VISHAKHAPATNAM PORT					
VZPW	VISHAKHAPATANAM PORT WEST CORIL SDG, VISHAKHAPATNAM PORT					
VZPZ	M/S HINDUSTAN ZINC LTD SDG, VISHAKHAPATNAM PORT					
VZT	VISHAKHAPATINAM TOWN GOODS					
WACS	MALABAR CEMENT SIDING, WALAYAR					
WAD	WADALI					
WANG	WANI YARD COLLIERY SIDING, WADI JN.					
WATS	WALTAIR TRANSIT DEPOT SDG, VISAKHAPATNAM					
WATW	WALTAIR WAGON SHOPS					
WB	MUMBAI					
WBC	BREACH CABIN					
WBCC	WEST BOKARO COLLIERY SIDING CHAINPUR					
WBPC	WEST BENGAL POWER DEVELOPMENT CORPORATION LTD SIDING AT PAKUR					
WBSG	COLD STORAGE DEPOT SDG, MUMBAI					
WCF	WESTERN COAL FIELD LTD, NEW PANDHAR PAVANI					
WCIG	WCL SIDING GODHNI					
WCPS	WEST COAST PAPER MILLS SDG, AMBEWADI					
WCSG	WONDER CEMENT SIDING					
WDSG	ASSOCIATE CEMENT CO. LTD. SDG, WADI JN.					
WDSX	ASSOCIATE CEMENT CO. LTD. SDG, WADI JN. YARD					
WFCS	FOOD CORPORATION OF INDIA SDG, WHITE FIELD					
WGCR	WRS PUBLIC SIDING					
WGN	WAGHANIYA					
WGR	WAGHORIYA					
WHG	FOOD CORPORATION OF INDIA GRAIN GODOWN SDG, WEST HILL					
WHIS	IOC & GWALIOR RAYON SILK MFG. WEAVING CO. LTD. SDG,					
WHRS	GWALIOR RAYON SILK MFG WEAVING CO LTD. SDG, WEST HILL					
WIA	CBA WAZIRPUR INDUSTRIAL AREA					
WIDO	WADODA					
WIOC	WESTERN INDIA OIL CO., DAYABASTI					
WJCB	WEST JAGRAKHAND COLLIERY SDG, JHARKHAND BIJURI					
WJML	M/S WARERLY JUTE MILLS, KANKINARA					
WJMS	WELLINGTON JUTE MILL SDG, RISHRA					
WJP	VEJPUR					
WKND	WANAWAR-KOTESHWARNATH DHAM					
WKTK	WEST KATRAS WASHERY					
WLA	VALTOHA					
WLS	WANLESSVADI					
WML	BEDESHWAR-WINDMILL					
WMP	VISHRAMPURA					
WMY	WALTAIR MARSHALLING YAR					
WNJL	WANSJALIYA JN.					
WPA	WEST PORT SIDING					
WPH	WEST POINT HALT					
WPSA	WIPRO PRODUCTS LTD. SDG, AMALNER					
WR01	SURENDRA NAGAR E					
WR02	SURENDRA NAGAR W					
WRE	WARUR					
WRI	WARASEONI					
WRSC	WRS COLONY HALT					
WSR	WA-SOJINTRA					
WTS	SORATHVANTHALI					
WYCW	WANI YARD COLLIERY SDG.					
X101	TGR CABIN NO. 1					
X102	CABIN NO. 2					
X103	TGR CABIN NO. 3					
X133	DHOKI					
XKCH	KACHHIYANA HALT					
XRXT	ICD BIRGANJ					
XYZ	UNKNOWN					
YFIB	YARA FERTILIZERS INDIA PVT. LTD					
YMP	YERRAMPALLI					
YMPB	FERRO MANGANESE PLANT					
YNKS	KCB-GAS TURBINE DIESEL GENERATING PROJECT SDG, YELAHANKA					
YNRK	YOG NAGARI RISHIKESH					
YTG	YESHWANT NAGAR					
YTPY	M/S YERMARAS THERMAL POWER STATION					
YVP	YAWARPURA					
YYY	UNKNOWN1					
ZAR	JHAROLA					
ZCS	ZUARI AGRO CHEMICAL LTD					
ZCT	ZUARI CEMENT LTD					
ZGPL	ZANGALAPALLE					
ZL	INDOPAK BORDER					
ZR	JHAJHPOR					
ZRD	JIRADEI					
ZZZ	UNKNOWN2					
