origin,destination,mode,commodity,vehicle_or_aircraft_type,distance_km,cargo_weight_tonnes,tonne_km,cost_inr,time_hours,co2_kg,environmental_cost_inr,emission_factor_kgco2_per_tkm,base_rate_inr_per_tkm,distance_source
Mumbai,Delhi,Road,Coal,12-16t,1499.2,5,7496.1,14427.03,35.56,374.8,2675.35,0.05,3.1,Haversine x1.30 circuity factor (Ballou et al. 2002 / Wang & Wu 2018)
Mumbai,Delhi,Rail,Coal,Freight Rake,1366,5,6830,5408.49,26.17,72.4,516.78,0.0106,1.36,REAL: uploaded Indian Railways dataset (train: Maharashtra Sampark Kranti Express)
Mumbai,Delhi,Air,Coal,Belly Cargo (Domestic),1210.9,5,6054.5,53618.32,6.65,9566.14,68283.08,1.58,14.0,Haversine x1.05 (ICAO GCD-consistent methodology)
Mumbai,Delhi,Road,Coal,12-16t,1499.2,10,14992.1,30273.07,35.94,749.61,5350.69,0.05,3.1,Haversine x1.30 circuity factor (Ballou et al. 2002 / Wang & Wu 2018)
Mumbai,Delhi,Rail,Coal,Freight Rake,1366,10,13660,11080.69,25.65,144.8,1033.55,0.0106,1.36,REAL: uploaded Indian Railways dataset (train: Maharashtra Sampark Kranti Express)
Mumbai,Delhi,Air,Coal,Belly Cargo (Domestic),1210.9,10,12109.0,96632.03,6.52,19132.27,136566.16,1.58,14.0,Haversine x1.05 (ICAO GCD-consistent methodology)
Mumbai,Delhi,Road,Coal,25-40t,1499.2,20,29984.3,35906.29,36.63,1199.37,8561.11,0.04,2.19,Haversine x1.30 circuity factor (Ballou et al. 2002 / Wang & Wu 2018)
Mumbai,Delhi,Rail,Coal,Freight Rake,1366,20,27320,22979.93,27.04,289.59,2067.11,0.0106,1.36,REAL: uploaded Indian Railways dataset (train: Maharashtra Sampark Kranti Express)
Mumbai,Delhi,Air,Coal,Belly Cargo (Domestic),1210.9,20,24218.1,193337.9,6.58,38264.55,273132.33,1.58,14.0,Haversine x1.05 (ICAO GCD-consistent methodology)
Mumbai,Delhi,Road,Coal,>40t,1499.2,50,74960.7,105291.31,35.44,2998.43,21402.77,0.04,2.19,Haversine x1.30 circuity factor (Ballou et al. 2002 / Wang & Wu 2018)
Mumbai,Delhi,Rail,Coal,Freight Rake,1366,50,68300,58849.6,27.45,723.98,5167.77,0.0106,1.36,REAL: uploaded Indian Railways dataset (train: Maharashtra Sampark Kranti Express)
Mumbai,Delhi,Air,Coal,Belly Cargo (Domestic),1210.9,50,60545.2,495612.55,6.24,95661.37,682830.82,1.58,14.0,Haversine x1.05 (ICAO GCD-consistent methodology)
Mumbai,Delhi,Road,Cement,12-16t,1499.2,5,7496.1,15192.28,37.47,374.8,2675.35,0.05,3.1,Haversine x1.30 circuity factor (Ballou et al. 2002 / Wang & Wu 2018)
Mumbai,Delhi,Rail,Cement,Freight Rake,1366,5,6830,5201.44,25.83,72.4,516.78,0.0106,1.36,REAL: uploaded Indian Railways dataset (train: Maharashtra Sampark Kranti Express)
Mumbai,Delhi,Air,Cement,Belly Cargo (Domestic),1210.9,5,6054.5,54301.86,6.59,9566.14,68283.08,1.58,14.0,Haversine x1.05 (ICAO GCD-consistent methodology)
Mumbai,Delhi,Road,Cement,12-16t,1499.2,10,14992.1,29548.92,39.89,749.61,5350.69,0.05,3.1,Haversine x1.30 circuity factor (Ballou et al. 2002 / Wang & Wu 2018)
Mumbai,Delhi,Rail,Cement,Freight Rake,1366,10,13660,11192.49,28.19,144.8,1033.55,0.0106,1.36,REAL: uploaded Indian Railways dataset (train: Maharashtra Sampark Kranti Express)
Mumbai,Delhi,Air,Cement,Belly Cargo (Domestic),1210.9,10,12109.0,99079.48,6.55,19132.27,136566.16,1.58,14.0,Haversine x1.05 (ICAO GCD-consistent methodology)
Mumbai,Delhi,Road,Cement,25-40t,1499.2,20,29984.3,41925.01,39.21,1199.37,8561.11,0.04,2.19,Haversine x1.30 circuity factor (Ballou et al. 2002 / Wang & Wu 2018)
Mumbai,Delhi,Rail,Cement,Freight Rake,1366,20,27320,23543.99,27.12,289.59,2067.11,0.0106,1.36,REAL: uploaded Indian Railways dataset (train: Maharashtra Sampark Kranti Express)
Mumbai,Delhi,Air,Cement,Belly Cargo (Domestic),1210.9,20,24218.1,211402.12,6.16,38264.55,273132.33,1.58,14.0,Haversine x1.05 (ICAO GCD-consistent methodology)
Mumbai,Delhi,Road,Cement,>40t,1499.2,50,74960.7,92982.8,37.18,2998.43,21402.77,0.04,2.19,Haversine x1.30 circuity factor (Ballou et al. 2002 / Wang & Wu 2018)
Mumbai,Delhi,Rail,Cement,Freight Rake,1366,50,68300,51899.06,26.2,723.98,5167.77,0.0106,1.36,REAL: uploaded Indian Railways dataset (train: Maharashtra Sampark Kranti Express)
Mumbai,Delhi,Air,Cement,Belly Cargo (Domestic),1210.9,50,60545.2,467214.93,6.34,95661.37,682830.82,1.58,14.0,Haversine x1.05 (ICAO GCD-consistent methodology)
Mumbai,Delhi,Road,Containerized Goods,12-16t,1499.2,5,7496.1,30647.04,37.65,374.8,2675.35,0.05,3.1,Haversine x1.30 circuity factor (Ballou et al. 2002 / Wang & Wu 2018)
Mumbai,Delhi,Rail,Containerized Goods,Freight Rake,1366,5,6830,11679.09,26.13,72.4,516.78,0.0106,1.36,REAL: uploaded Indian Railways dataset (train: Maharashtra Sampark Kranti Express)
Mumbai,Delhi,Air,Containerized Goods,Belly Cargo (Domestic),1210.9,5,6054.5,103763.75,6.85,9566.14,68283.08,1.58,14.0,Haversine x1.05 (ICAO GCD-consistent methodology)
Mumbai,Delhi,Road,Containerized Goods,12-16t,1499.2,10,14992.1,61441.49,39.15,749.61,5350.69,0.05,3.1,Haversine x1.30 circuity factor (Ballou et al. 2002 / Wang & Wu 2018)
Mumbai,Delhi,Rail,Containerized Goods,Freight Rake,1366,10,13660,22598.51,27.53,144.8,1033.55,0.0106,1.36,REAL: uploaded Indian Railways dataset (train: Maharashtra Sampark Kranti Express)
Mumbai,Delhi,Air,Containerized Goods,Belly Cargo (Domestic),1210.9,10,12109.0,203018.42,6.42,19132.27,136566.16,1.58,14.0,Haversine x1.05 (ICAO GCD-consistent methodology)
Mumbai,Delhi,Road,Containerized Goods,25-40t,1499.2,20,29984.3,92569.37,39.34,1199.37,8561.11,0.04,2.19,Haversine x1.30 circuity factor (Ballou et al. 2002 / Wang & Wu 2018)
Mumbai,Delhi,Rail,Containerized Goods,Freight Rake,1366,20,27320,48141.98,27.41,289.59,2067.11,0.0106,1.36,REAL: uploaded Indian Railways dataset (train: Maharashtra Sampark Kranti Express)
Mumbai,Delhi,Air,Containerized Goods,Belly Cargo (Domestic),1210.9,20,24218.1,465195.68,6.73,38264.55,273132.33,1.58,14.0,Haversine x1.05 (ICAO GCD-consistent methodology)
Mumbai,Delhi,Road,Containerized Goods,>40t,1499.2,50,74960.7,199363.85,35.6,2998.43,21402.77,0.04,2.19,Haversine x1.30 circuity factor (Ballou et al. 2002 / Wang & Wu 2018)
Mumbai,Delhi,Rail,Containerized Goods,Freight Rake,1366,50,68300,115746.5,26.29,723.98,5167.77,0.0106,1.36,REAL: uploaded Indian Railways dataset (train: Maharashtra Sampark Kranti Express)
Mumbai,Delhi,Air,Containerized Goods,Belly Cargo (Domestic),1210.9,50,60545.2,1025449.0,6.86,95661.37,682830.82,1.58,14.0,Haversine x1.05 (ICAO GCD-consistent methodology)
Mumbai,Delhi,Road,General Goods,12-16t,1499.2,5,7496.1,24987.0,37.34,374.8,2675.35,0.05,3.1,Haversine x1.30 circuity factor (Ballou et al. 2002 / Wang & Wu 2018)
Mumbai,Delhi,Rail,General Goods,Freight Rake,1366,5,6830,9519.81,26.64,72.4,516.78,0.0106,1.36,REAL: uploaded Indian Railways dataset (train: Maharashtra Sampark Kranti Express)
Mumbai,Delhi,Air,General Goods,Belly Cargo (Domestic),1210.9,5,6054.5,91790.91,6.48,9566.14,68283.08,1.58,14.0,Haversine x1.05 (ICAO GCD-consistent methodology)
Mumbai,Delhi,Road,General Goods,12-16t,1499.2,10,14992.1,44290.16,36.92,749.61,5350.69,0.05,3.1,Haversine x1.30 circuity factor (Ballou et al. 2002 / Wang & Wu 2018)
Mumbai,Delhi,Rail,General Goods,Freight Rake,1366,10,13660,18760.01,26.28,144.8,1033.55,0.0106,1.36,REAL: uploaded Indian Railways dataset (train: Maharashtra Sampark Kranti Express)
Mumbai,Delhi,Air,General Goods,Belly Cargo (Domestic),1210.9,10,12109.0,172394.38,6.82,19132.27,136566.16,1.58,14.0,Haversine x1.05 (ICAO GCD-consistent methodology)
Mumbai,Delhi,Road,General Goods,25-40t,1499.2,20,29984.3,64344.37,36.75,1199.37,8561.11,0.04,2.19,Haversine x1.30 circuity factor (Ballou et al. 2002 / Wang & Wu 2018)
Mumbai,Delhi,Rail,General Goods,Freight Rake,1366,20,27320,40112.98,26.94,289.59,2067.11,0.0106,1.36,REAL: uploaded Indian Railways dataset (train: Maharashtra Sampark Kranti Express)
Mumbai,Delhi,Air,General Goods,Belly Cargo (Domestic),1210.9,20,24218.1,311312.27,6.16,38264.55,273132.33,1.58,14.0,Haversine x1.05 (ICAO GCD-consistent methodology)
Mumbai,Delhi,Road,General Goods,>40t,1499.2,50,74960.7,151347.59,39.27,2998.43,21402.77,0.04,2.19,Haversine x1.30 circuity factor (Ballou et al. 2002 / Wang & Wu 2018)
Mumbai,Delhi,Rail,General Goods,Freight Rake,1366,50,68300,97228.91,26.71,723.98,5167.77,0.0106,1.36,REAL: uploaded Indian Railways dataset (train: Maharashtra Sampark Kranti Express)
Mumbai,Delhi,Air,General Goods,Belly Cargo (Domestic),1210.9,50,60545.2,773638.74,6.42,95661.37,682830.82,1.58,14.0,Haversine x1.05 (ICAO GCD-consistent methodology)
Mumbai,Delhi,Road,Automobile Parts,12-16t,1499.2,5,7496.1,47281.14,38.66,374.8,2675.35,0.05,3.1,Haversine x1.30 circuity factor (Ballou et al. 2002 / Wang & Wu 2018)
Mumbai,Delhi,Rail,Automobile Parts,Freight Rake,1366,5,6830,18489.49,27.89,72.4,516.78,0.0106,1.36,REAL: uploaded Indian Railways dataset (train: Maharashtra Sampark Kranti Express)
Mumbai,Delhi,Air,Automobile Parts,Belly Cargo (Domestic),1210.9,5,6054.5,141567.34,6.69,9566.14,68283.08,1.58,14.0,Haversine x1.05 (ICAO GCD-consistent methodology)
Mumbai,Delhi,Road,Automobile Parts,12-16t,1499.2,10,14992.1,89152.76,38.71,749.61,5350.69,0.05,3.1,Haversine x1.30 circuity factor (Ballou et al. 2002 / Wang & Wu 2018)
Mumbai,Delhi,Rail,Automobile Parts,Freight Rake,1366,10,13660,33104.22,27.3,144.8,1033.55,0.0106,1.36,REAL: uploaded Indian Railways dataset (train: Maharashtra Sampark Kranti Express)
Mumbai,Delhi,Air,Automobile Parts,Belly Cargo (Domestic),1210.9,10,12109.0,289415.02,6.46,19132.27,136566.16,1.58,14.0,Haversine x1.05 (ICAO GCD-consistent methodology)
Mumbai,Delhi,Road,Automobile Parts,25-40t,1499.2,20,29984.3,120422.0,41.27,1199.37,8561.11,0.04,2.19,Haversine x1.30 circuity factor (Ballou et al. 2002 / Wang & Wu 2018)
Mumbai,Delhi,Rail,Automobile Parts,Freight Rake,1366,20,27320,72910.12,26.28,289.59,2067.11,0.0106,1.36,REAL: uploaded Indian Railways dataset (train: Maharashtra Sampark Kranti Express)
Mumbai,Delhi,Air,Automobile Parts,Belly Cargo (Domestic),1210.9,20,24218.1,627660.56,6.26,38264.55,273132.33,1.58,14.0,Haversine x1.05 (ICAO GCD-consistent methodology)
Mumbai,Delhi,Road,Automobile Parts,>40t,1499.2,50,74960.7,328944.2,40.76,2998.43,21402.77,0.04,2.19,Haversine x1.30 circuity factor (Ballou et al. 2002 / Wang & Wu 2018)
Mumbai,Delhi,Rail,Automobile Parts,Freight Rake,1366,50,68300,166390.96,27.29,723.98,5167.77,0.0106,1.36,REAL: uploaded Indian Railways dataset (train: Maharashtra Sampark Kranti Express)
Mumbai,Delhi,Air,Automobile Parts,Belly Cargo (Domestic),1210.9,50,60545.2,1603161.62,6.24,95661.37,682830.82,1.58,14.0,Haversine x1.05 (ICAO GCD-consistent methodology)
Mumbai,Pune,Road,Coal,12-16t,156.2,5,781.0,1841.96,4.94,39.05,278.74,0.05,3.71,Haversine x1.30 circuity factor (Ballou et al. 2002 / Wang & Wu 2018)
Mumbai,Pune,Rail,Coal,Freight Rake,192,5,960,823.74,10.03,10.18,72.64,0.0106,1.36,REAL: uploaded Indian Railways dataset (train: Deccan Express)
Mumbai,Pune,Air,Coal,Belly Cargo (Domestic),126.2,5,630.8,4801.25,5.05,996.66,7114.18,1.58,14.0,Haversine x1.05 (ICAO GCD-consistent methodology)
Mumbai,Pune,Road,Coal,12-16t,156.2,10,1562.0,3163.77,5.24,78.1,557.47,0.05,3.71,Haversine x1.30 circuity factor (Ballou et al. 2002 / Wang & Wu 2018)
Mumbai,Pune,Rail,Coal,Freight Rake,192,10,1920,1672.73,10.33,20.35,145.27,0.0106,1.36,REAL: uploaded Indian Railways dataset (train: Deccan Express)
Mumbai,Pune,Air,Coal,Belly Cargo (Domestic),126.2,10,1261.6,10257.39,4.88,1993.33,14228.37,1.58,14.0,Haversine x1.05 (ICAO GCD-consistent methodology)
Mumbai,Pune,Road,Coal,25-40t,156.2,20,3124.0,4830.26,5.26,124.96,891.95,0.04,2.38,Haversine x1.30 circuity factor (Ballou et al. 2002 / Wang & Wu 2018)
Mumbai,Pune,Rail,Coal,Freight Rake,192,20,3840,2945.21,9.99,40.7,290.55,0.0106,1.36,REAL: uploaded Indian Railways dataset (train: Deccan Express)
Mumbai,Pune,Air,Coal,Belly Cargo (Domestic),126.2,20,2523.2,19497.89,5.32,3986.65,28456.73,1.58,14.0,Haversine x1.05 (ICAO GCD-consistent methodology)
Mumbai,Pune,Road,Coal,>40t,156.2,50,7809.9,11823.79,4.61,312.4,2229.88,0.04,2.38,Haversine x1.30 circuity factor (Ballou et al. 2002 / Wang & Wu 2018)
Mumbai,Pune,Rail,Coal,Freight Rake,192,50,9600,7854.64,10.05,101.76,726.36,0.0106,1.36,REAL: uploaded Indian Railways dataset (train: Deccan Express)
Mumbai,Pune,Air,Coal,Belly Cargo (Domestic),126.2,50,6308.0,50834.02,5.39,9966.63,71141.83,1.58,14.0,Haversine x1.05 (ICAO GCD-consistent methodology)
Mumbai,Pune,Road,Cement,12-16t,156.2,5,781.0,1708.91,4.68,39.05,278.74,0.05,3.71,Haversine x1.30 circuity factor (Ballou et al. 2002 / Wang & Wu 2018)
Mumbai,Pune,Rail,Cement,Freight Rake,192,5,960,786.97,10.23,10.18,72.64,0.0106,1.36,REAL: uploaded Indian Railways dataset (train: Deccan Express)
Mumbai,Pune,Air,Cement,Belly Cargo (Domestic),126.2,5,630.8,4973.71,5.04,996.66,7114.18,1.58,14.0,Haversine x1.05 (ICAO GCD-consistent methodology)
Mumbai,Pune,Road,Cement,12-16t,156.2,10,1562.0,3814.92,5.02,78.1,557.47,0.05,3.71,Haversine x1.30 circuity factor (Ballou et al. 2002 / Wang & Wu 2018)
Mumbai,Pune,Rail,Cement,Freight Rake,192,10,1920,1548.62,10.02,20.35,145.27,0.0106,1.36,REAL: uploaded Indian Railways dataset (train: Deccan Express)
Mumbai,Pune,Air,Cement,Belly Cargo (Domestic),126.2,10,1261.6,9777.83,4.99,1993.33,14228.37,1.58,14.0,Haversine x1.05 (ICAO GCD-consistent methodology)
Mumbai,Pune,Road,Cement,25-40t,156.2,20,3124.0,4309.36,4.97,124.96,891.95,0.04,2.38,Haversine x1.30 circuity factor (Ballou et al. 2002 / Wang & Wu 2018)
Mumbai,Pune,Rail,Cement,Freight Rake,192,20,3840,2993.14,9.72,40.7,290.55,0.0106,1.36,REAL: uploaded Indian Railways dataset (train: Deccan Express)
Mumbai,Pune,Air,Cement,Belly Cargo (Domestic),126.2,20,2523.2,19344.02,5.24,3986.65,28456.73,1.58,14.0,Haversine x1.05 (ICAO GCD-consistent methodology)
Mumbai,Pune,Road,Cement,>40t,156.2,50,7809.9,10530.36,5.22,312.4,2229.88,0.04,2.38,Haversine x1.30 circuity factor (Ballou et al. 2002 / Wang & Wu 2018)
Mumbai,Pune,Rail,Cement,Freight Rake,192,50,9600,8270.55,9.57,101.76,726.36,0.0106,1.36,REAL: uploaded Indian Railways dataset (train: Deccan Express)
Mumbai,Pune,Air,Cement,Belly Cargo (Domestic),126.2,50,6308.0,50127.0,5.26,9966.63,71141.83,1.58,14.0,Haversine x1.05 (ICAO GCD-consistent methodology)
Mumbai,Pune,Road,Containerized Goods,12-16t,156.2,5,781.0,3507.73,4.62,39.05,278.74,0.05,3.71,Haversine x1.30 circuity factor (Ballou et al. 2002 / Wang & Wu 2018)
Mumbai,Pune,Rail,Containerized Goods,Freight Rake,192,5,960,1793.21,10.07,10.18,72.64,0.0106,1.36,REAL: uploaded Indian Railways dataset (train: Deccan Express)
Mumbai,Pune,Air,Containerized Goods,Belly Cargo (Domestic),126.2,5,630.8,11277.28,5.33,996.66,7114.18,1.58,14.0,Haversine x1.05 (ICAO GCD-consistent methodology)
Mumbai,Pune,Road,Containerized Goods,12-16t,156.2,10,1562.0,7898.31,4.66,78.1,557.47,0.05,3.71,Haversine x1.30 circuity factor (Ballou et al. 2002 / Wang & Wu 2018)
Mumbai,Pune,Rail,Containerized Goods,Freight Rake,192,10,1920,3136.56,9.93,20.35,145.27,0.0106,1.36,REAL: uploaded Indian Railways dataset (train: Deccan Express)
Mumbai,Pune,Air,Containerized Goods,Belly Cargo (Domestic),126.2,10,1261.6,22331.88,5.14,1993.33,14228.37,1.58,14.0,Haversine x1.05 (ICAO GCD-consistent methodology)
Mumbai,Pune,Road,Containerized Goods,25-40t,156.2,20,3124.0,9983.95,5.04,124.96,891.95,0.04,2.38,Haversine x1.30 circuity factor (Ballou et al. 2002 / Wang & Wu 2018)
Mumbai,Pune,Rail,Containerized Goods,Freight Rake,192,20,3840,7225.02,9.6,40.7,290.55,0.0106,1.36,REAL: uploaded Indian Railways dataset (train: Deccan Express)
Mumbai,Pune,Air,Containerized Goods,Belly Cargo (Domestic),126.2,20,2523.2,44473.65,5.06,3986.65,28456.73,1.58,14.0,Haversine x1.05 (ICAO GCD-consistent methodology)
Mumbai,Pune,Road,Containerized Goods,>40t,156.2,50,7809.9,25592.79,4.71,312.4,2229.88,0.04,2.38,Haversine x1.30 circuity factor (Ballou et al. 2002 / Wang & Wu 2018)
Mumbai,Pune,Rail,Containerized Goods,Freight Rake,192,50,9600,15932.97,9.95,101.76,726.36,0.0106,1.36,REAL: uploaded Indian Railways dataset (train: Deccan Express)
Mumbai,Pune,Air,Containerized Goods,Belly Cargo (Domestic),126.2,50,6308.0,111620.93,5.02,9966.63,71141.83,1.58,14.0,Haversine x1.05 (ICAO GCD-consistent methodology)
Mumbai,Pune,Road,General Goods,12-16t,156.2,5,781.0,2752.49,5.24,39.05,278.74,0.05,3.71,Haversine x1.30 circuity factor (Ballou et al. 2002 / Wang & Wu 2018)
Mumbai,Pune,Rail,General Goods,Freight Rake,192,5,960,1293.72,10.36,10.18,72.64,0.0106,1.36,REAL: uploaded Indian Railways dataset (train: Deccan Express)
Mumbai,Pune,Air,General Goods,Belly Cargo (Domestic),126.2,5,630.8,8920.08,4.88,996.66,7114.18,1.58,14.0,Haversine x1.05 (ICAO GCD-consistent methodology)
Mumbai,Pune,Road,General Goods,12-16t,156.2,10,1562.0,6373.61,5.17,78.1,557.47,0.05,3.71,Haversine x1.30 circuity factor (Ballou et al. 2002 / Wang & Wu 2018)
Mumbai,Pune,Rail,General Goods,Freight Rake,192,10,1920,2807.14,10.43,20.35,145.27,0.0106,1.36,REAL: uploaded Indian Railways dataset (train: Deccan Express)
Mumbai,Pune,Air,General Goods,Belly Cargo (Domestic),126.2,10,1261.6,18894.15,4.95,1993.33,14228.37,1.58,14.0,Haversine x1.05 (ICAO GCD-consistent methodology)
Mumbai,Pune,Road,General Goods,25-40t,156.2,20,3124.0,7413.67,4.68,124.96,891.95,0.04,2.38,Haversine x1.30 circuity factor (Ballou et al. 2002 / Wang & Wu 2018)
Mumbai,Pune,Rail,General Goods,Freight Rake,192,20,3840,5139.71,9.56,40.7,290.55,0.0106,1.36,REAL: uploaded Indian Railways dataset (train: Deccan Express)
Mumbai,Pune,Air,General Goods,Belly Cargo (Domestic),126.2,20,2523.2,34469.73,5.46,3986.65,28456.73,1.58,14.0,Haversine x1.05 (ICAO GCD-consistent methodology)
Mumbai,Pune,Road,General Goods,>40t,156.2,50,7809.9,17714.7,5.13,312.4,2229.88,0.04,2.38,Haversine x1.30 circuity factor (Ballou et al. 2002 / Wang & Wu 2018)
Mumbai,Pune,Rail,General Goods,Freight Rake,192,50,9600,12962.01,9.92,101.76,726.36,0.0106,1.36,REAL: uploaded Indian Railways dataset (train: Deccan Express)
Mumbai,Pune,Air,General Goods,Belly Cargo (Domestic),126.2,50,6308.0,96389.26,5.46,9966.63,71141.83,1.58,14.0,Haversine x1.05 (ICAO GCD-consistent methodology)
Mumbai,Pune,Road,Automobile Parts,12-16t,156.2,5,781.0,5423.04,5.08,39.05,278.74,0.05,3.71,Haversine x1.30 circuity factor (Ballou et al. 2002 / Wang & Wu 2018)
Mumbai,Pune,Rail,Automobile Parts,Freight Rake,192,5,960,2283.19,9.8,10.18,72.64,0.0106,1.36,REAL: uploaded Indian Railways dataset (train: Deccan Express)
Mumbai,Pune,Air,Automobile Parts,Belly Cargo (Domestic),126.2,5,630.8,17878.9,5.21,996.66,7114.18,1.58,14.0,Haversine x1.05 (ICAO GCD-consistent methodology)
Mumbai,Pune,Road,Automobile Parts,12-16t,156.2,10,1562.0,10816.97,5.1,78.1,557.47,0.05,3.71,Haversine x1.30 circuity factor (Ballou et al. 2002 / Wang & Wu 2018)
Mumbai,Pune,Rail,Automobile Parts,Freight Rake,192,10,1920,4490.87,10.08,20.35,145.27,0.0106,1.36,REAL: uploaded Indian Railways dataset (train: Deccan Express)
Mumbai,Pune,Air,Automobile Parts,Belly Cargo (Domestic),126.2,10,1261.6,32711.72,5.38,1993.33,14228.37,1.58,14.0,Haversine x1.05 (ICAO GCD-consistent methodology)
Mumbai,Pune,Road,Automobile Parts,25-40t,156.2,20,3124.0,12819.33,5.27,124.96,891.95,0.04,2.38,Haversine x1.30 circuity factor (Ballou et al. 2002 / Wang & Wu 2018)
Mumbai,Pune,Rail,Automobile Parts,Freight Rake,192,20,3840,9017.24,9.69,40.7,290.55,0.0106,1.36,REAL: uploaded Indian Railways dataset (train: Deccan Express)
Mumbai,Pune,Air,Automobile Parts,Belly Cargo (Domestic),126.2,20,2523.2,66628.96,5.27,3986.65,28456.73,1.58,14.0,Haversine x1.05 (ICAO GCD-consistent methodology)
Mumbai,Pune,Road,Automobile Parts,>40t,156.2,50,7809.9,32583.48,4.61,312.4,2229.88,0.04,2.38,Haversine x1.30 circuity factor (Ballou et al. 2002 / Wang & Wu 2018)
Mumbai,Pune,Rail,Automobile Parts,Freight Rake,192,50,9600,25675.77,9.75,101.76,726.36,0.0106,1.36,REAL: uploaded Indian Railways dataset (train: Deccan Express)
Mumbai,Pune,Air,Automobile Parts,Belly Cargo (Domestic),126.2,50,6308.0,166555.53,5.23,9966.63,71141.83,1.58,14.0,Haversine x1.05 (ICAO GCD-consistent methodology)
Mumbai,Ahmedabad,Road,Coal,12-16t,572.0,5,2859.9,6304.98,15.5,142.99,1020.69,0.05,3.71,Haversine x1.30 circuity factor (Ballou et al. 2002 / Wang & Wu 2018)
Mumbai,Ahmedabad,Rail,Coal,Freight Rake,481,5,2405,1982.76,15.83,25.49,181.97,0.0106,1.36,REAL: uploaded Indian Railways dataset (train: Lokshakti Express)
Mumbai,Ahmedabad,Air,Coal,Belly Cargo (Domestic),462.0,5,2309.9,18377.15,5.72,3649.63,26051.08,1.58,14.0,Haversine x1.05 (ICAO GCD-consistent methodology)
Mumbai,Ahmedabad,Road,Coal,12-16t,572.0,10,5719.7,12147.16,15.04,285.99,2041.37,0.05,3.71,Haversine x1.30 circuity factor (Ballou et al. 2002 / Wang & Wu 2018)
Mumbai,Ahmedabad,Rail,Coal,Freight Rake,481,10,4810,4059.67,14.86,50.99,363.94,0.0106,1.36,REAL: uploaded Indian Railways dataset (train: Lokshakti Express)
Mumbai,Ahmedabad,Air,Coal,Belly Cargo (Domestic),462.0,10,4619.8,37628.72,5.75,7299.27,52102.16,1.58,14.0,Haversine x1.05 (ICAO GCD-consistent methodology)
Mumbai,Ahmedabad,Road,Coal,25-40t,572.0,20,11439.5,15038.61,15.2,457.58,3266.2,0.04,2.38,Haversine x1.30 circuity factor (Ballou et al. 2002 / Wang & Wu 2018)
Mumbai,Ahmedabad,Rail,Coal,Freight Rake,481,20,9620,8532.48,15.92,101.97,727.88,0.0106,1.36,REAL: uploaded Indian Railways dataset (train: Lokshakti Express)
Mumbai,Ahmedabad,Air,Coal,Belly Cargo (Domestic),462.0,20,9239.6,71461.64,5.39,14598.53,104204.31,1.58,14.0,Haversine x1.05 (ICAO GCD-consistent methodology)
Mumbai,Ahmedabad,Road,Coal,>40t,572.0,50,28598.7,39180.61,16.36,1143.95,8165.5,0.04,2.38,Haversine x1.30 circuity factor (Ballou et al. 2002 / Wang & Wu 2018)
Mumbai,Ahmedabad,Rail,Coal,Freight Rake,481,50,24050,20959.51,15.74,254.93,1819.69,0.0106,1.36,REAL: uploaded Indian Railways dataset (train: Lokshakti Express)
Mumbai,Ahmedabad,Air,Coal,Belly Cargo (Domestic),462.0,50,23098.9,190227.73,5.35,36496.33,260510.78,1.58,14.0,Haversine x1.05 (ICAO GCD-consistent methodology)
Mumbai,Ahmedabad,Road,Cement,12-16t,572.0,5,2859.9,6779.68,15.8,142.99,1020.69,0.05,3.71,Haversine x1.30 circuity factor (Ballou et al. 2002 / Wang & Wu 2018)
Mumbai,Ahmedabad,Rail,Cement,Freight Rake,481,5,2405,1994.22,15.91,25.49,181.97,0.0106,1.36,REAL: uploaded Indian Railways dataset (train: Lokshakti Express)
Mumbai,Ahmedabad,Air,Cement,Belly Cargo (Domestic),462.0,5,2309.9,19967.3,5.25,3649.63,26051.08,1.58,14.0,Haversine x1.05 (ICAO GCD-consistent methodology)
Mumbai,Ahmedabad,Road,Cement,12-16t,572.0,10,5719.7,13517.05,14.81,285.99,2041.37,0.05,3.71,Haversine x1.30 circuity factor (Ballou et al. 2002 / Wang & Wu 2018)
Mumbai,Ahmedabad,Rail,Cement,Freight Rake,481,10,4810,4020.85,15.83,50.99,363.94,0.0106,1.36,REAL: uploaded Indian Railways dataset (train: Lokshakti Express)
Mumbai,Ahmedabad,Air,Cement,Belly Cargo (Domestic),462.0,10,4619.8,35907.92,5.32,7299.27,52102.16,1.58,14.0,Haversine x1.05 (ICAO GCD-consistent methodology)
Mumbai,Ahmedabad,Road,Cement,25-40t,572.0,20,11439.5,15026.63,15.43,457.58,3266.2,0.04,2.38,Haversine x1.30 circuity factor (Ballou et al. 2002 / Wang & Wu 2018)
Mumbai,Ahmedabad,Rail,Cement,Freight Rake,481,20,9620,7551.39,15.33,101.97,727.88,0.0106,1.36,REAL: uploaded Indian Railways dataset (train: Lokshakti Express)
Mumbai,Ahmedabad,Air,Cement,Belly Cargo (Domestic),462.0,20,9239.6,80855.34,5.38,14598.53,104204.31,1.58,14.0,Haversine x1.05 (ICAO GCD-consistent methodology)
Mumbai,Ahmedabad,Road,Cement,>40t,572.0,50,28598.7,41865.46,14.72,1143.95,8165.5,0.04,2.38,Haversine x1.30 circuity factor (Ballou et al. 2002 / Wang & Wu 2018)
Mumbai,Ahmedabad,Rail,Cement,Freight Rake,481,50,24050,19556.14,15.78,254.93,1819.69,0.0106,1.36,REAL: uploaded Indian Railways dataset (train: Lokshakti Express)
Mumbai,Ahmedabad,Air,Cement,Belly Cargo (Domestic),462.0,50,23098.9,207116.31,5.3,36496.33,260510.78,1.58,14.0,Haversine x1.05 (ICAO GCD-consistent methodology)
Mumbai,Ahmedabad,Road,Containerized Goods,12-16t,572.0,5,2859.9,13415.15,14.75,142.99,1020.69,0.05,3.71,Haversine x1.30 circuity factor (Ballou et al. 2002 / Wang & Wu 2018)
Mumbai,Ahmedabad,Rail,Containerized Goods,Freight Rake,481,5,2405,3866.11,15.58,25.49,181.97,0.0106,1.36,REAL: uploaded Indian Railways dataset (train: Lokshakti Express)
Mumbai,Ahmedabad,Air,Containerized Goods,Belly Cargo (Domestic),462.0,5,2309.9,42661.32,5.42,3649.63,26051.08,1.58,14.0,Haversine x1.05 (ICAO GCD-consistent methodology)
Mumbai,Ahmedabad,Road,Containerized Goods,12-16t,572.0,10,5719.7,28561.32,15.43,285.99,2041.37,0.05,3.71,Haversine x1.30 circuity factor (Ballou et al. 2002 / Wang & Wu 2018)
Mumbai,Ahmedabad,Rail,Containerized Goods,Freight Rake,481,10,4810,8302.23,14.42,50.99,363.94,0.0106,1.36,REAL: uploaded Indian Railways dataset (train: Lokshakti Express)
Mumbai,Ahmedabad,Air,Containerized Goods,Belly Cargo (Domestic),462.0,10,4619.8,75990.51,5.83,7299.27,52102.16,1.58,14.0,Haversine x1.05 (ICAO GCD-consistent methodology)
Mumbai,Ahmedabad,Road,Containerized Goods,25-40t,572.0,20,11439.5,37782.24,15.41,457.58,3266.2,0.04,2.38,Haversine x1.30 circuity factor (Ballou et al. 2002 / Wang & Wu 2018)
Mumbai,Ahmedabad,Rail,Containerized Goods,Freight Rake,481,20,9620,17698.16,15.29,101.97,727.88,0.0106,1.36,REAL: uploaded Indian Railways dataset (train: Lokshakti Express)
Mumbai,Ahmedabad,Air,Containerized Goods,Belly Cargo (Domestic),462.0,20,9239.6,154400.96,5.33,14598.53,104204.31,1.58,14.0,Haversine x1.05 (ICAO GCD-consistent methodology)
Mumbai,Ahmedabad,Road,Containerized Goods,>40t,572.0,50,28598.7,84043.84,16.28,1143.95,8165.5,0.04,2.38,Haversine x1.30 circuity factor (Ballou et al. 2002 / Wang & Wu 2018)
Mumbai,Ahmedabad,Rail,Containerized Goods,Freight Rake,481,50,24050,43986.88,15.71,254.93,1819.69,0.0106,1.36,REAL: uploaded Indian Railways dataset (train: Lokshakti Express)
Mumbai,Ahmedabad,Air,Containerized Goods,Belly Cargo (Domestic),462.0,50,23098.9,448355.38,5.38,36496.33,260510.78,1.58,14.0,Haversine x1.05 (ICAO GCD-consistent methodology)
Mumbai,Ahmedabad,Road,General Goods,12-16t,572.0,5,2859.9,10078.61,14.33,142.99,1020.69,0.05,3.71,Haversine x1.30 circuity factor (Ballou et al. 2002 / Wang & Wu 2018)
Mumbai,Ahmedabad,Rail,General Goods,Freight Rake,481,5,2405,3417.39,15.75,25.49,181.97,0.0106,1.36,REAL: uploaded Indian Railways dataset (train: Lokshakti Express)
Mumbai,Ahmedabad,Air,General Goods,Belly Cargo (Domestic),462.0,5,2309.9,31732.99,5.66,3649.63,26051.08,1.58,14.0,Haversine x1.05 (ICAO GCD-consistent methodology)
Mumbai,Ahmedabad,Road,General Goods,12-16t,572.0,10,5719.7,19754.14,16.35,285.99,2041.37,0.05,3.71,Haversine x1.30 circuity factor (Ballou et al. 2002 / Wang & Wu 2018)
Mumbai,Ahmedabad,Rail,General Goods,Freight Rake,481,10,4810,6923.22,15.89,50.99,363.94,0.0106,1.36,REAL: uploaded Indian Railways dataset (train: Lokshakti Express)
Mumbai,Ahmedabad,Air,General Goods,Belly Cargo (Domestic),462.0,10,4619.8,68696.99,5.83,7299.27,52102.16,1.58,14.0,Haversine x1.05 (ICAO GCD-consistent methodology)
Mumbai,Ahmedabad,Road,General Goods,25-40t,572.0,20,11439.5,24638.32,15.88,457.58,3266.2,0.04,2.38,Haversine x1.30 circuity factor (Ballou et al. 2002 / Wang & Wu 2018)
Mumbai,Ahmedabad,Rail,General Goods,Freight Rake,481,20,9620,12731.91,15.82,101.97,727.88,0.0106,1.36,REAL: uploaded Indian Railways dataset (train: Lokshakti Express)
Mumbai,Ahmedabad,Air,General Goods,Belly Cargo (Domestic),462.0,20,9239.6,137173.14,5.82,14598.53,104204.31,1.58,14.0,Haversine x1.05 (ICAO GCD-consistent methodology)
Mumbai,Ahmedabad,Road,General Goods,>40t,572.0,50,28598.7,72295.1,14.73,1143.95,8165.5,0.04,2.38,Haversine x1.30 circuity factor (Ballou et al. 2002 / Wang & Wu 2018)
Mumbai,Ahmedabad,Rail,General Goods,Freight Rake,481,50,24050,34211.91,14.57,254.93,1819.69,0.0106,1.36,REAL: uploaded Indian Railways dataset (train: Lokshakti Express)
Mumbai,Ahmedabad,Air,General Goods,Belly Cargo (Domestic),462.0,50,23098.9,347455.81,5.82,36496.33,260510.78,1.58,14.0,Haversine x1.05 (ICAO GCD-consistent methodology)
Mumbai,Ahmedabad,Road,Automobile Parts,12-16t,572.0,5,2859.9,18549.08,16.07,142.99,1020.69,0.05,3.71,Haversine x1.30 circuity factor (Ballou et al. 2002 / Wang & Wu 2018)
Mumbai,Ahmedabad,Rail,Automobile Parts,Freight Rake,481,5,2405,6015.8,14.87,25.49,181.97,0.0106,1.36,REAL: uploaded Indian Railways dataset (train: Lokshakti Express)
Mumbai,Ahmedabad,Air,Automobile Parts,Belly Cargo (Domestic),462.0,5,2309.9,63394.39,5.4,3649.63,26051.08,1.58,14.0,Haversine x1.05 (ICAO GCD-consistent methodology)
Mumbai,Ahmedabad,Road,Automobile Parts,12-16t,572.0,10,5719.7,35536.68,14.55,285.99,2041.37,0.05,3.71,Haversine x1.30 circuity factor (Ballou et al. 2002 / Wang & Wu 2018)
Mumbai,Ahmedabad,Rail,Automobile Parts,Freight Rake,481,10,4810,11775.78,15.72,50.99,363.94,0.0106,1.36,REAL: uploaded Indian Railways dataset (train: Lokshakti Express)
Mumbai,Ahmedabad,Air,Automobile Parts,Belly Cargo (Domestic),462.0,10,4619.8,130896.12,5.43,7299.27,52102.16,1.58,14.0,Haversine x1.05 (ICAO GCD-consistent methodology)
Mumbai,Ahmedabad,Road,Automobile Parts,25-40t,572.0,20,11439.5,51821.24,15.05,457.58,3266.2,0.04,2.38,Haversine x1.30 circuity factor (Ballou et al. 2002 / Wang & Wu 2018)
Mumbai,Ahmedabad,Rail,Automobile Parts,Freight Rake,481,20,9620,26081.32,15.22,101.97,727.88,0.0106,1.36,REAL: uploaded Indian Railways dataset (train: Lokshakti Express)
Mumbai,Ahmedabad,Air,Automobile Parts,Belly Cargo (Domestic),462.0,20,9239.6,260468.07,5.32,14598.53,104204.31,1.58,14.0,Haversine x1.05 (ICAO GCD-consistent methodology)
Mumbai,Ahmedabad,Road,Automobile Parts,>40t,572.0,50,28598.7,137841.07,14.51,1143.95,8165.5,0.04,2.38,Haversine x1.30 circuity factor (Ballou et al. 2002 / Wang & Wu 2018)
Mumbai,Ahmedabad,Rail,Automobile Parts,Freight Rake,481,50,24050,65022.99,14.81,254.93,1819.69,0.0106,1.36,REAL: uploaded Indian Railways dataset (train: Lokshakti Express)
Mumbai,Ahmedabad,Air,Automobile Parts,Belly Cargo (Domestic),462.0,50,23098.9,551705.0,5.53,36496.33,260510.78,1.58,14.0,Haversine x1.05 (ICAO GCD-consistent methodology)
Mumbai,Chennai,Road,Coal,12-16t,1343.0,5,6715.1,12469.53,33.54,335.76,2396.63,0.05,2.94,Haversine x1.30 circuity factor (Ballou et al. 2002 / Wang & Wu 2018)
Mumbai,Chennai,Rail,Coal,Freight Rake,1283,5,6415,5359.09,35.21,68.0,485.38,0.0106,1.36,REAL: uploaded Indian Railways dataset (train: Mumbai CST-Chennai Mail)
Mumbai,Chennai,Air,Coal,Belly Cargo (Domestic),1084.8,5,5423.8,44810.31,6.41,8569.55,61169.46,1.58,14.0,Haversine x1.05 (ICAO GCD-consistent methodology)
Mumbai,Chennai,Road,Coal,12-16t,1343.0,10,13430.3,22679.03,35.73,671.51,4793.27,0.05,2.94,Haversine x1.30 circuity factor (Ballou et al. 2002 / Wang & Wu 2018)
Mumbai,Chennai,Rail,Coal,Freight Rake,1283,10,12830,9698.8,36.66,136.0,970.75,0.0106,1.36,REAL: uploaded Indian Railways dataset (train: Mumbai CST-Chennai Mail)
Mumbai,Chennai,Air,Coal,Belly Cargo (Domestic),1084.8,10,10847.5,92432.17,6.52,17139.1,122338.93,1.58,14.0,Haversine x1.05 (ICAO GCD-consistent methodology)
Mumbai,Chennai,Road,Coal,25-40t,1343.0,20,26860.6,34017.7,35.52,1074.42,7669.23,0.04,2.0,Haversine x1.30 circuity factor (Ballou et al. 2002 / Wang & Wu 2018)
Mumbai,Chennai,Rail,Coal,Freight Rake,1283,20,25660,20620.24,33.65,272.0,1941.51,0.0106,1.36,REAL: uploaded Indian Railways dataset (train: Mumbai CST-Chennai Mail)
Mumbai,Chennai,Air,Coal,Belly Cargo (Domestic),1084.8,20,21695.1,189479.5,6.23,34278.21,244677.85,1.58,14.0,Haversine x1.05 (ICAO GCD-consistent methodology)
Mumbai,Chennai,Road,Coal,>40t,1343.0,50,67151.4,78099.9,36.5,2686.06,19173.07,0.04,2.0,Haversine x1.30 circuity factor (Ballou et al. 2002 / Wang & Wu 2018)
Mumbai,Chennai,Rail,Coal,Freight Rake,1283,50,64150,54548.18,34.46,679.99,4853.77,0.0106,1.36,REAL: uploaded Indian Railways dataset (train: Mumbai CST-Chennai Mail)
Mumbai,Chennai,Air,Coal,Belly Cargo (Domestic),1084.8,50,54237.7,441140.06,6.29,85695.52,611694.63,1.58,14.0,Haversine x1.05 (ICAO GCD-consistent methodology)
Mumbai,Chennai,Road,Cement,12-16t,1343.0,5,6715.1,11594.93,33.45,335.76,2396.63,0.05,2.94,Haversine x1.30 circuity factor (Ballou et al. 2002 / Wang & Wu 2018)
Mumbai,Chennai,Rail,Cement,Freight Rake,1283,5,6415,4914.27,34.89,68.0,485.38,0.0106,1.36,REAL: uploaded Indian Railways dataset (train: Mumbai CST-Chennai Mail)
Mumbai,Chennai,Air,Cement,Belly Cargo (Domestic),1084.8,5,5423.8,49489.59,6.49,8569.55,61169.46,1.58,14.0,Haversine x1.05 (ICAO GCD-consistent methodology)
Mumbai,Chennai,Road,Cement,12-16t,1343.0,10,13430.3,25556.92,35.21,671.51,4793.27,0.05,2.94,Haversine x1.30 circuity factor (Ballou et al. 2002 / Wang & Wu 2018)
Mumbai,Chennai,Rail,Cement,Freight Rake,1283,10,12830,10118.96,35.34,136.0,970.75,0.0106,1.36,REAL: uploaded Indian Railways dataset (train: Mumbai CST-Chennai Mail)
Mumbai,Chennai,Air,Cement,Belly Cargo (Domestic),1084.8,10,10847.5,81878.07,6.19,17139.1,122338.93,1.58,14.0,Haversine x1.05 (ICAO GCD-consistent methodology)
Mumbai,Chennai,Road,Cement,25-40t,1343.0,20,26860.6,31727.73,35.02,1074.42,7669.23,0.04,2.0,Haversine x1.30 circuity factor (Ballou et al. 2002 / Wang & Wu 2018)
Mumbai,Chennai,Rail,Cement,Freight Rake,1283,20,25660,21421.09,35.04,272.0,1941.51,0.0106,1.36,REAL: uploaded Indian Railways dataset (train: Mumbai CST-Chennai Mail)
Mumbai,Chennai,Air,Cement,Belly Cargo (Domestic),1084.8,20,21695.1,179830.22,6.14,34278.21,244677.85,1.58,14.0,Haversine x1.05 (ICAO GCD-consistent methodology)
Mumbai,Chennai,Road,Cement,>40t,1343.0,50,67151.4,80015.96,36.8,2686.06,19173.07,0.04,2.0,Haversine x1.30 circuity factor (Ballou et al. 2002 / Wang & Wu 2018)
Mumbai,Chennai,Rail,Cement,Freight Rake,1283,50,64150,54734.36,34.01,679.99,4853.77,0.0106,1.36,REAL: uploaded Indian Railways dataset (train: Mumbai CST-Chennai Mail)
Mumbai,Chennai,Air,Cement,Belly Cargo (Domestic),1084.8,50,54237.7,417067.04,6.37,85695.52,611694.63,1.58,14.0,Haversine x1.05 (ICAO GCD-consistent methodology)
Mumbai,Chennai,Road,Containerized Goods,12-16t,1343.0,5,6715.1,26023.38,33.66,335.76,2396.63,0.05,2.94,Haversine x1.30 circuity factor (Ballou et al. 2002 / Wang & Wu 2018)
Mumbai,Chennai,Rail,Containerized Goods,Freight Rake,1283,5,6415,11772.85,36.05,68.0,485.38,0.0106,1.36,REAL: uploaded Indian Railways dataset (train: Mumbai CST-Chennai Mail)
Mumbai,Chennai,Air,Containerized Goods,Belly Cargo (Domestic),1084.8,5,5423.8,100867.07,6.15,8569.55,61169.46,1.58,14.0,Haversine x1.05 (ICAO GCD-consistent methodology)
Mumbai,Chennai,Road,Containerized Goods,12-16t,1343.0,10,13430.3,47648.02,31.94,671.51,4793.27,0.05,2.94,Haversine x1.30 circuity factor (Ballou et al. 2002 / Wang & Wu 2018)
Mumbai,Chennai,Rail,Containerized Goods,Freight Rake,1283,10,12830,21489.6,35.08,136.0,970.75,0.0106,1.36,REAL: uploaded Indian Railways dataset (train: Mumbai CST-Chennai Mail)
Mumbai,Chennai,Air,Containerized Goods,Belly Cargo (Domestic),1084.8,10,10847.5,208634.72,6.03,17139.1,122338.93,1.58,14.0,Haversine x1.05 (ICAO GCD-consistent methodology)
Mumbai,Chennai,Road,Containerized Goods,25-40t,1343.0,20,26860.6,67797.59,35.29,1074.42,7669.23,0.04,2.0,Haversine x1.30 circuity factor (Ballou et al. 2002 / Wang & Wu 2018)
Mumbai,Chennai,Rail,Containerized Goods,Freight Rake,1283,20,25660,42617.81,35.86,272.0,1941.51,0.0106,1.36,REAL: uploaded Indian Railways dataset (train: Mumbai CST-Chennai Mail)
Mumbai,Chennai,Air,Containerized Goods,Belly Cargo (Domestic),1084.8,20,21695.1,389551.99,6.16,34278.21,244677.85,1.58,14.0,Haversine x1.05 (ICAO GCD-consistent methodology)
Mumbai,Chennai,Road,Containerized Goods,>40t,1343.0,50,67151.4,177827.08,31.84,2686.06,19173.07,0.04,2.0,Haversine x1.30 circuity factor (Ballou et al. 2002 / Wang & Wu 2018)
Mumbai,Chennai,Rail,Containerized Goods,Freight Rake,1283,50,64150,116519.43,36.12,679.99,4853.77,0.0106,1.36,REAL: uploaded Indian Railways dataset (train: Mumbai CST-Chennai Mail)
Mumbai,Chennai,Air,Containerized Goods,Belly Cargo (Domestic),1084.8,50,54237.7,898262.77,6.3,85695.52,611694.63,1.58,14.0,Haversine x1.05 (ICAO GCD-consistent methodology)
Mumbai,Chennai,Road,General Goods,12-16t,1343.0,5,6715.1,18462.75,37.11,335.76,2396.63,0.05,2.94,Haversine x1.30 circuity factor (Ballou et al. 2002 / Wang & Wu 2018)
Mumbai,Chennai,Rail,General Goods,Freight Rake,1283,5,6415,8749.47,33.58,68.0,485.38,0.0106,1.36,REAL: uploaded Indian Railways dataset (train: Mumbai CST-Chennai Mail)
Mumbai,Chennai,Air,General Goods,Belly Cargo (Domestic),1084.8,5,5423.8,72123.93,6.62,8569.55,61169.46,1.58,14.0,Haversine x1.05 (ICAO GCD-consistent methodology)
Mumbai,Chennai,Road,General Goods,12-16t,1343.0,10,13430.3,39141.2,36.24,671.51,4793.27,0.05,2.94,Haversine x1.30 circuity factor (Ballou et al. 2002 / Wang & Wu 2018)
Mumbai,Chennai,Rail,General Goods,Freight Rake,1283,10,12830,17916.64,36.88,136.0,970.75,0.0106,1.36,REAL: uploaded Indian Railways dataset (train: Mumbai CST-Chennai Mail)
Mumbai,Chennai,Air,General Goods,Belly Cargo (Domestic),1084.8,10,10847.5,154764.66,6.7,17139.1,122338.93,1.58,14.0,Haversine x1.05 (ICAO GCD-consistent methodology)
Mumbai,Chennai,Road,General Goods,25-40t,1343.0,20,26860.6,57926.69,35.2,1074.42,7669.23,0.04,2.0,Haversine x1.30 circuity factor (Ballou et al. 2002 / Wang & Wu 2018)
Mumbai,Chennai,Rail,General Goods,Freight Rake,1283,20,25660,36121.94,35.18,272.0,1941.51,0.0106,1.36,REAL: uploaded Indian Railways dataset (train: Mumbai CST-Chennai Mail)
Mumbai,Chennai,Air,General Goods,Belly Cargo (Domestic),1084.8,20,21695.1,323811.78,6.39,34278.21,244677.85,1.58,14.0,Haversine x1.05 (ICAO GCD-consistent methodology)
Mumbai,Chennai,Road,General Goods,>40t,1343.0,50,67151.4,144972.04,35.92,2686.06,19173.07,0.04,2.0,Haversine x1.30 circuity factor (Ballou et al. 2002 / Wang & Wu 2018)
Mumbai,Chennai,Rail,General Goods,Freight Rake,1283,50,64150,86890.48,34.32,679.99,4853.77,0.0106,1.36,REAL: uploaded Indian Railways dataset (train: Mumbai CST-Chennai Mail)
Mumbai,Chennai,Air,General Goods,Belly Cargo (Domestic),1084.8,50,54237.7,720941.85,6.46,85695.52,611694.63,1.58,14.0,Haversine x1.05 (ICAO GCD-consistent methodology)
Mumbai,Chennai,Road,Automobile Parts,12-16t,1343.0,5,6715.1,38486.14,34.69,335.76,2396.63,0.05,2.94,Haversine x1.30 circuity factor (Ballou et al. 2002 / Wang & Wu 2018)
Mumbai,Chennai,Rail,Automobile Parts,Freight Rake,1283,5,6415,16476.36,34.37,68.0,485.38,0.0106,1.36,REAL: uploaded Indian Railways dataset (train: Mumbai CST-Chennai Mail)
Mumbai,Chennai,Air,Automobile Parts,Belly Cargo (Domestic),1084.8,5,5423.8,128674.43,6.19,8569.55,61169.46,1.58,14.0,Haversine x1.05 (ICAO GCD-consistent methodology)
Mumbai,Chennai,Road,Automobile Parts,12-16t,1343.0,10,13430.3,69749.86,33.58,671.51,4793.27,0.05,2.94,Haversine x1.30 circuity factor (Ballou et al. 2002 / Wang & Wu 2018)
Mumbai,Chennai,Rail,Automobile Parts,Freight Rake,1283,10,12830,32505.22,33.89,136.0,970.75,0.0106,1.36,REAL: uploaded Indian Railways dataset (train: Mumbai CST-Chennai Mail)
Mumbai,Chennai,Air,Automobile Parts,Belly Cargo (Domestic),1084.8,10,10847.5,265994.36,6.5,17139.1,122338.93,1.58,14.0,Haversine x1.05 (ICAO GCD-consistent methodology)
Mumbai,Chennai,Road,Automobile Parts,25-40t,1343.0,20,26860.6,103542.97,32.16,1074.42,7669.23,0.04,2.0,Haversine x1.30 circuity factor (Ballou et al. 2002 / Wang & Wu 2018)
Mumbai,Chennai,Rail,Automobile Parts,Freight Rake,1283,20,25660,63640.47,35.32,272.0,1941.51,0.0106,1.36,REAL: uploaded Indian Railways dataset (train: Mumbai CST-Chennai Mail)
Mumbai,Chennai,Air,Automobile Parts,Belly Cargo (Domestic),1084.8,20,21695.1,552735.57,6.13,34278.21,244677.85,1.58,14.0,Haversine x1.05 (ICAO GCD-consistent methodology)
Mumbai,Chennai,Road,Automobile Parts,>40t,1343.0,50,67151.4,244624.12,36.82,2686.06,19173.07,0.04,2.0,Haversine x1.30 circuity factor (Ballou et al. 2002 / Wang & Wu 2018)
Mumbai,Chennai,Rail,Automobile Parts,Freight Rake,1283,50,64150,163661.1,35.85,679.99,4853.77,0.0106,1.36,REAL: uploaded Indian Railways dataset (train: Mumbai CST-Chennai Mail)
Mumbai,Chennai,Air,Automobile Parts,Belly Cargo (Domestic),1084.8,50,54237.7,1505793.48,6.56,85695.52,611694.63,1.58,14.0,Haversine x1.05 (ICAO GCD-consistent methodology)
Mumbai,Bengaluru,Road,Coal,12-16t,1098.9,5,5494.6,9523.61,26.22,274.73,1961.01,0.05,2.94,Haversine x1.30 circuity factor (Ballou et al. 2002 / Wang & Wu 2018)
Mumbai,Bengaluru,Rail,Coal,Freight Rake,1153,5,5765,4623.28,31.53,61.11,436.2,0.0106,1.36,REAL: uploaded Indian Railways dataset (train: Udyan Express)
Mumbai,Bengaluru,Air,Coal,Belly Cargo (Domestic),887.6,5,4437.9,40179.84,6.44,7011.92,50051.06,1.58,14.0,Haversine x1.05 (ICAO GCD-consistent methodology)
Mumbai,Bengaluru,Road,Coal,12-16t,1098.9,10,10989.1,19198.03,29.6,549.46,3922.02,0.05,2.94,Haversine x1.30 circuity factor (Ballou et al. 2002 / Wang & Wu 2018)
Mumbai,Bengaluru,Rail,Coal,Freight Rake,1153,10,11530,9541.11,31.07,122.22,872.39,0.0106,1.36,REAL: uploaded Indian Railways dataset (train: Udyan Express)
Mumbai,Bengaluru,Air,Coal,Belly Cargo (Domestic),887.6,10,8875.8,70859.18,5.9,14023.83,100102.11,1.58,14.0,Haversine x1.05 (ICAO GCD-consistent methodology)
Mumbai,Bengaluru,Road,Coal,25-40t,1098.9,20,21978.3,26209.05,26.33,879.13,6275.24,0.04,2.0,Haversine x1.30 circuity factor (Ballou et al. 2002 / Wang & Wu 2018)
Mumbai,Bengaluru,Rail,Coal,Freight Rake,1153,20,23060,18445.75,31.3,244.44,1744.78,0.0106,1.36,REAL: uploaded Indian Railways dataset (train: Udyan Express)
Mumbai,Bengaluru,Air,Coal,Belly Cargo (Domestic),887.6,20,17751.7,147235.69,5.86,28047.66,200204.23,1.58,14.0,Haversine x1.05 (ICAO GCD-consistent methodology)
Mumbai,Bengaluru,Road,Coal,>40t,1098.9,50,54945.7,65941.51,26.78,2197.83,15688.09,0.04,2.0,Haversine x1.30 circuity factor (Ballou et al. 2002 / Wang & Wu 2018)
Mumbai,Bengaluru,Rail,Coal,Freight Rake,1153,50,57650,48282.35,29.3,611.09,4361.96,0.0106,1.36,REAL: uploaded Indian Railways dataset (train: Udyan Express)
Mumbai,Bengaluru,Air,Coal,Belly Cargo (Domestic),887.6,50,44379.2,367316.43,6.16,70119.16,500510.56,1.58,14.0,Haversine x1.05 (ICAO GCD-consistent methodology)
Mumbai,Bengaluru,Road,Cement,12-16t,1098.9,5,5494.6,8761.09,29.12,274.73,1961.01,0.05,2.94,Haversine x1.30 circuity factor (Ballou et al. 2002 / Wang & Wu 2018)
Mumbai,Bengaluru,Rail,Cement,Freight Rake,1153,5,5765,4422.66,30.63,61.11,436.2,0.0106,1.36,REAL: uploaded Indian Railways dataset (train: Udyan Express)
Mumbai,Bengaluru,Air,Cement,Belly Cargo (Domestic),887.6,5,4437.9,33869.05,6.02,7011.92,50051.06,1.58,14.0,Haversine x1.05 (ICAO GCD-consistent methodology)
Mumbai,Bengaluru,Road,Cement,12-16t,1098.9,10,10989.1,18236.51,27.68,549.46,3922.02,0.05,2.94,Haversine x1.30 circuity factor (Ballou et al. 2002 / Wang & Wu 2018)
Mumbai,Bengaluru,Rail,Cement,Freight Rake,1153,10,11530,9785.39,30.38,122.22,872.39,0.0106,1.36,REAL: uploaded Indian Railways dataset (train: Udyan Express)
Mumbai,Bengaluru,Air,Cement,Belly Cargo (Domestic),887.6,10,8875.8,78184.38,6.35,14023.83,100102.11,1.58,14.0,Haversine x1.05 (ICAO GCD-consistent methodology)
Mumbai,Bengaluru,Road,Cement,25-40t,1098.9,20,21978.3,25025.44,26.57,879.13,6275.24,0.04,2.0,Haversine x1.30 circuity factor (Ballou et al. 2002 / Wang & Wu 2018)
Mumbai,Bengaluru,Rail,Cement,Freight Rake,1153,20,23060,17341.01,30.87,244.44,1744.78,0.0106,1.36,REAL: uploaded Indian Railways dataset (train: Udyan Express)
Mumbai,Bengaluru,Air,Cement,Belly Cargo (Domestic),887.6,20,17751.7,163749.46,6.0,28047.66,200204.23,1.58,14.0,Haversine x1.05 (ICAO GCD-consistent methodology)
Mumbai,Bengaluru,Road,Cement,>40t,1098.9,50,54945.7,67801.59,29.75,2197.83,15688.09,0.04,2.0,Haversine x1.30 circuity factor (Ballou et al. 2002 / Wang & Wu 2018)
Mumbai,Bengaluru,Rail,Cement,Freight Rake,1153,50,57650,48104.32,31.53,611.09,4361.96,0.0106,1.36,REAL: uploaded Indian Railways dataset (train: Udyan Express)
Mumbai,Bengaluru,Air,Cement,Belly Cargo (Domestic),887.6,50,44379.2,405629.97,5.89,70119.16,500510.56,1.58,14.0,Haversine x1.05 (ICAO GCD-consistent methodology)
Mumbai,Bengaluru,Road,Containerized Goods,12-16t,1098.9,5,5494.6,18752.15,26.89,274.73,1961.01,0.05,2.94,Haversine x1.30 circuity factor (Ballou et al. 2002 / Wang & Wu 2018)
Mumbai,Bengaluru,Rail,Containerized Goods,Freight Rake,1153,5,5765,9465.02,31.27,61.11,436.2,0.0106,1.36,REAL: uploaded Indian Railways dataset (train: Udyan Express)
Mumbai,Bengaluru,Air,Containerized Goods,Belly Cargo (Domestic),887.6,5,4437.9,80796.73,5.9,7011.92,50051.06,1.58,14.0,Haversine x1.05 (ICAO GCD-consistent methodology)
Mumbai,Bengaluru,Road,Containerized Goods,12-16t,1098.9,10,10989.1,43138.46,29.69,549.46,3922.02,0.05,2.94,Haversine x1.30 circuity factor (Ballou et al. 2002 / Wang & Wu 2018)
Mumbai,Bengaluru,Rail,Containerized Goods,Freight Rake,1153,10,11530,19063.94,31.08,122.22,872.39,0.0106,1.36,REAL: uploaded Indian Railways dataset (train: Udyan Express)
Mumbai,Bengaluru,Air,Containerized Goods,Belly Cargo (Domestic),887.6,10,8875.8,167463.57,5.83,14023.83,100102.11,1.58,14.0,Haversine x1.05 (ICAO GCD-consistent methodology)
Mumbai,Bengaluru,Road,Containerized Goods,25-40t,1098.9,20,21978.3,60044.5,30.59,879.13,6275.24,0.04,2.0,Haversine x1.30 circuity factor (Ballou et al. 2002 / Wang & Wu 2018)
Mumbai,Bengaluru,Rail,Containerized Goods,Freight Rake,1153,20,23060,37743.3,29.29,244.44,1744.78,0.0106,1.36,REAL: uploaded Indian Railways dataset (train: Udyan Express)
Mumbai,Bengaluru,Air,Containerized Goods,Belly Cargo (Domestic),887.6,20,17751.7,307103.26,6.24,28047.66,200204.23,1.58,14.0,Haversine x1.05 (ICAO GCD-consistent methodology)
Mumbai,Bengaluru,Road,Containerized Goods,>40t,1098.9,50,54945.7,154030.23,28.0,2197.83,15688.09,0.04,2.0,Haversine x1.30 circuity factor (Ballou et al. 2002 / Wang & Wu 2018)
Mumbai,Bengaluru,Rail,Containerized Goods,Freight Rake,1153,50,57650,104134.05,29.45,611.09,4361.96,0.0106,1.36,REAL: uploaded Indian Railways dataset (train: Udyan Express)
Mumbai,Bengaluru,Air,Containerized Goods,Belly Cargo (Domestic),887.6,50,44379.2,828173.71,6.2,70119.16,500510.56,1.58,14.0,Haversine x1.05 (ICAO GCD-consistent methodology)
Mumbai,Bengaluru,Road,General Goods,12-16t,1098.9,5,5494.6,14867.85,29.71,274.73,1961.01,0.05,2.94,Haversine x1.30 circuity factor (Ballou et al. 2002 / Wang & Wu 2018)
Mumbai,Bengaluru,Rail,General Goods,Freight Rake,1153,5,5765,8279.83,31.06,61.11,436.2,0.0106,1.36,REAL: uploaded Indian Railways dataset (train: Udyan Express)
Mumbai,Bengaluru,Air,General Goods,Belly Cargo (Domestic),887.6,5,4437.9,57422.06,6.46,7011.92,50051.06,1.58,14.0,Haversine x1.05 (ICAO GCD-consistent methodology)
Mumbai,Bengaluru,Road,General Goods,12-16t,1098.9,10,10989.1,34134.35,27.78,549.46,3922.02,0.05,2.94,Haversine x1.30 circuity factor (Ballou et al. 2002 / Wang & Wu 2018)
Mumbai,Bengaluru,Rail,General Goods,Freight Rake,1153,10,11530,15501.11,30.35,122.22,872.39,0.0106,1.36,REAL: uploaded Indian Railways dataset (train: Udyan Express)
Mumbai,Bengaluru,Air,General Goods,Belly Cargo (Domestic),887.6,10,8875.8,124409.94,5.99,14023.83,100102.11,1.58,14.0,Haversine x1.05 (ICAO GCD-consistent methodology)
Mumbai,Bengaluru,Road,General Goods,25-40t,1098.9,20,21978.3,47029.78,29.94,879.13,6275.24,0.04,2.0,Haversine x1.30 circuity factor (Ballou et al. 2002 / Wang & Wu 2018)
Mumbai,Bengaluru,Rail,General Goods,Freight Rake,1153,20,23060,29382.25,32.17,244.44,1744.78,0.0106,1.36,REAL: uploaded Indian Railways dataset (train: Udyan Express)
Mumbai,Bengaluru,Air,General Goods,Belly Cargo (Domestic),887.6,20,17751.7,255262.83,6.35,28047.66,200204.23,1.58,14.0,Haversine x1.05 (ICAO GCD-consistent methodology)
Mumbai,Bengaluru,Road,General Goods,>40t,1098.9,50,54945.7,114447.68,28.18,2197.83,15688.09,0.04,2.0,Haversine x1.30 circuity factor (Ballou et al. 2002 / Wang & Wu 2018)
Mumbai,Bengaluru,Rail,General Goods,Freight Rake,1153,50,57650,81336.88,32.18,611.09,4361.96,0.0106,1.36,REAL: uploaded Indian Railways dataset (train: Udyan Express)
Mumbai,Bengaluru,Air,General Goods,Belly Cargo (Domestic),887.6,50,44379.2,592739.04,6.34,70119.16,500510.56,1.58,14.0,Haversine x1.05 (ICAO GCD-consistent methodology)
Mumbai,Bengaluru,Road,Automobile Parts,12-16t,1098.9,5,5494.6,30129.4,28.4,274.73,1961.01,0.05,2.94,Haversine x1.30 circuity factor (Ballou et al. 2002 / Wang & Wu 2018)
Mumbai,Bengaluru,Rail,Automobile Parts,Freight Rake,1153,5,5765,14362.98,31.46,61.11,436.2,0.0106,1.36,REAL: uploaded Indian Railways dataset (train: Udyan Express)
Mumbai,Bengaluru,Air,Automobile Parts,Belly Cargo (Domestic),887.6,5,4437.9,109677.2,6.37,7011.92,50051.06,1.58,14.0,Haversine x1.05 (ICAO GCD-consistent methodology)
Mumbai,Bengaluru,Road,Automobile Parts,12-16t,1098.9,10,10989.1,63757.93,26.59,549.46,3922.02,0.05,2.94,Haversine x1.30 circuity factor (Ballou et al. 2002 / Wang & Wu 2018)
Mumbai,Bengaluru,Rail,Automobile Parts,Freight Rake,1153,10,11530,30797.47,29.96,122.22,872.39,0.0106,1.36,REAL: uploaded Indian Railways dataset (train: Udyan Express)
Mumbai,Bengaluru,Air,Automobile Parts,Belly Cargo (Domestic),887.6,10,8875.8,228385.13,6.19,14023.83,100102.11,1.58,14.0,Haversine x1.05 (ICAO GCD-consistent methodology)
Mumbai,Bengaluru,Road,Automobile Parts,25-40t,1098.9,20,21978.3,79394.41,26.33,879.13,6275.24,0.04,2.0,Haversine x1.30 circuity factor (Ballou et al. 2002 / Wang & Wu 2018)
Mumbai,Bengaluru,Rail,Automobile Parts,Freight Rake,1153,20,23060,61309.99,29.77,244.44,1744.78,0.0106,1.36,REAL: uploaded Indian Railways dataset (train: Udyan Express)
Mumbai,Bengaluru,Air,Automobile Parts,Belly Cargo (Domestic),887.6,20,17751.7,433531.23,6.33,28047.66,200204.23,1.58,14.0,Haversine x1.05 (ICAO GCD-consistent methodology)
Mumbai,Bengaluru,Road,Automobile Parts,>40t,1098.9,50,54945.7,196913.66,30.21,2197.83,15688.09,0.04,2.0,Haversine x1.30 circuity factor (Ballou et al. 2002 / Wang & Wu 2018)
Mumbai,Bengaluru,Rail,Automobile Parts,Freight Rake,1153,50,57650,149797.32,30.06,611.09,4361.96,0.0106,1.36,REAL: uploaded Indian Railways dataset (train: Udyan Express)
Mumbai,Bengaluru,Air,Automobile Parts,Belly Cargo (Domestic),887.6,50,44379.2,1037373.53,6.44,70119.16,500510.56,1.58,14.0,Haversine x1.05 (ICAO GCD-consistent methodology)
Mumbai,Hyderabad,Road,Coal,12-16t,807.9,5,4039.5,6578.7,21.94,201.98,1441.7,0.05,2.94,Haversine x1.30 circuity factor (Ballou et al. 2002 / Wang & Wu 2018)
Mumbai,Hyderabad,Rail,Coal,Freight Rake,790,5,3950,3238.76,20.86,41.87,298.87,0.0106,1.36,REAL: uploaded Indian Railways dataset (train: Hussain Sagar Express)
Mumbai,Hyderabad,Air,Coal,Belly Cargo (Domestic),652.5,5,3262.7,28640.97,5.92,5155.03,36796.64,1.58,14.0,Haversine x1.05 (ICAO GCD-consistent methodology)
Mumbai,Hyderabad,Road,Coal,12-16t,807.9,10,8079.0,14320.06,22.19,403.95,2883.4,0.05,2.94,Haversine x1.30 circuity factor (Ballou et al. 2002 / Wang & Wu 2018)
Mumbai,Hyderabad,Rail,Coal,Freight Rake,790,10,7900,6066.84,19.77,83.74,597.74,0.0106,1.36,REAL: uploaded Indian Railways dataset (train: Hussain Sagar Express)
Mumbai,Hyderabad,Air,Coal,Belly Cargo (Domestic),652.5,10,6525.4,57294.95,5.68,10310.07,73593.27,1.58,14.0,Haversine x1.05 (ICAO GCD-consistent methodology)
Mumbai,Hyderabad,Road,Coal,25-40t,807.9,20,16158.0,19837.28,21.11,646.32,4613.44,0.04,2.0,Haversine x1.30 circuity factor (Ballou et al. 2002 / Wang & Wu 2018)
Mumbai,Hyderabad,Rail,Coal,Freight Rake,790,20,15800,13042.96,20.18,167.48,1195.47,0.0106,1.36,REAL: uploaded Indian Railways dataset (train: Hussain Sagar Express)
Mumbai,Hyderabad,Air,Coal,Belly Cargo (Domestic),652.5,20,13050.7,115785.02,5.7,20620.14,147186.54,1.58,14.0,Haversine x1.05 (ICAO GCD-consistent methodology)
Mumbai,Hyderabad,Road,Coal,>40t,807.9,50,40395.1,50777.02,20.42,1615.8,11533.6,0.04,2.0,Haversine x1.30 circuity factor (Ballou et al. 2002 / Wang & Wu 2018)
Mumbai,Hyderabad,Rail,Coal,Freight Rake,790,50,39500,31156.29,19.56,418.7,2988.68,0.0106,1.36,REAL: uploaded Indian Railways dataset (train: Hussain Sagar Express)
Mumbai,Hyderabad,Air,Coal,Belly Cargo (Domestic),652.5,50,32626.8,258929.5,5.55,51550.34,367966.35,1.58,14.0,Haversine x1.05 (ICAO GCD-consistent methodology)
Mumbai,Hyderabad,Road,Cement,12-16t,807.9,5,4039.5,7164.84,22.09,201.98,1441.7,0.05,2.94,Haversine x1.30 circuity factor (Ballou et al. 2002 / Wang & Wu 2018)
Mumbai,Hyderabad,Rail,Cement,Freight Rake,790,5,3950,3055.73,19.76,41.87,298.87,0.0106,1.36,REAL: uploaded Indian Railways dataset (train: Hussain Sagar Express)
Mumbai,Hyderabad,Air,Cement,Belly Cargo (Domestic),652.5,5,3262.7,27274.37,5.97,5155.03,36796.64,1.58,14.0,Haversine x1.05 (ICAO GCD-consistent methodology)
Mumbai,Hyderabad,Road,Cement,12-16t,807.9,10,8079.0,15583.83,21.28,403.95,2883.4,0.05,2.94,Haversine x1.30 circuity factor (Ballou et al. 2002 / Wang & Wu 2018)
Mumbai,Hyderabad,Rail,Cement,Freight Rake,790,10,7900,6212.21,19.52,83.74,597.74,0.0106,1.36,REAL: uploaded Indian Railways dataset (train: Hussain Sagar Express)
Mumbai,Hyderabad,Air,Cement,Belly Cargo (Domestic),652.5,10,6525.4,51373.99,5.63,10310.07,73593.27,1.58,14.0,Haversine x1.05 (ICAO GCD-consistent methodology)
Mumbai,Hyderabad,Road,Cement,25-40t,807.9,20,16158.0,18116.29,19.55,646.32,4613.44,0.04,2.0,Haversine x1.30 circuity factor (Ballou et al. 2002 / Wang & Wu 2018)
Mumbai,Hyderabad,Rail,Cement,Freight Rake,790,20,15800,12941.61,19.87,167.48,1195.47,0.0106,1.36,REAL: uploaded Indian Railways dataset (train: Hussain Sagar Express)
Mumbai,Hyderabad,Air,Cement,Belly Cargo (Domestic),652.5,20,13050.7,119825.02,5.85,20620.14,147186.54,1.58,14.0,Haversine x1.05 (ICAO GCD-consistent methodology)
Mumbai,Hyderabad,Road,Cement,>40t,807.9,50,40395.1,50304.05,19.93,1615.8,11533.6,0.04,2.0,Haversine x1.30 circuity factor (Ballou et al. 2002 / Wang & Wu 2018)
Mumbai,Hyderabad,Rail,Cement,Freight Rake,790,50,39500,34075.31,20.31,418.7,2988.68,0.0106,1.36,REAL: uploaded Indian Railways dataset (train: Hussain Sagar Express)
Mumbai,Hyderabad,Air,Cement,Belly Cargo (Domestic),652.5,50,32626.8,294004.19,5.87,51550.34,367966.35,1.58,14.0,Haversine x1.05 (ICAO GCD-consistent methodology)
Mumbai,Hyderabad,Road,Containerized Goods,12-16t,807.9,5,4039.5,15155.65,21.0,201.98,1441.7,0.05,2.94,Haversine x1.30 circuity factor (Ballou et al. 2002 / Wang & Wu 2018)
Mumbai,Hyderabad,Rail,Containerized Goods,Freight Rake,790,5,3950,6549.3,19.42,41.87,298.87,0.0106,1.36,REAL: uploaded Indian Railways dataset (train: Hussain Sagar Express)
Mumbai,Hyderabad,Air,Containerized Goods,Belly Cargo (Domestic),652.5,5,3262.7,63823.61,5.8,5155.03,36796.64,1.58,14.0,Haversine x1.05 (ICAO GCD-consistent methodology)
Mumbai,Hyderabad,Road,Containerized Goods,12-16t,807.9,10,8079.0,32462.74,20.86,403.95,2883.4,0.05,2.94,Haversine x1.30 circuity factor (Ballou et al. 2002 / Wang & Wu 2018)
Mumbai,Hyderabad,Rail,Containerized Goods,Freight Rake,790,10,7900,12855.19,20.6,83.74,597.74,0.0106,1.36,REAL: uploaded Indian Railways dataset (train: Hussain Sagar Express)
Mumbai,Hyderabad,Air,Containerized Goods,Belly Cargo (Domestic),652.5,10,6525.4,106827.55,5.57,10310.07,73593.27,1.58,14.0,Haversine x1.05 (ICAO GCD-consistent methodology)
Mumbai,Hyderabad,Road,Containerized Goods,25-40t,807.9,20,16158.0,42015.32,20.53,646.32,4613.44,0.04,2.0,Haversine x1.30 circuity factor (Ballou et al. 2002 / Wang & Wu 2018)
Mumbai,Hyderabad,Rail,Containerized Goods,Freight Rake,790,20,15800,29770.99,19.56,167.48,1195.47,0.0106,1.36,REAL: uploaded Indian Railways dataset (train: Hussain Sagar Express)
Mumbai,Hyderabad,Air,Containerized Goods,Belly Cargo (Domestic),652.5,20,13050.7,247007.41,5.89,20620.14,147186.54,1.58,14.0,Haversine x1.05 (ICAO GCD-consistent methodology)
Mumbai,Hyderabad,Road,Containerized Goods,>40t,807.9,50,40395.1,109766.55,20.27,1615.8,11533.6,0.04,2.0,Haversine x1.30 circuity factor (Ballou et al. 2002 / Wang & Wu 2018)
Mumbai,Hyderabad,Rail,Containerized Goods,Freight Rake,790,50,39500,69225.6,20.23,418.7,2988.68,0.0106,1.36,REAL: uploaded Indian Railways dataset (train: Hussain Sagar Express)
Mumbai,Hyderabad,Air,Containerized Goods,Belly Cargo (Domestic),652.5,50,32626.8,579780.53,6.07,51550.34,367966.35,1.58,14.0,Haversine x1.05 (ICAO GCD-consistent methodology)
Mumbai,Hyderabad,Road,General Goods,12-16t,807.9,5,4039.5,13040.09,20.54,201.98,1441.7,0.05,2.94,Haversine x1.30 circuity factor (Ballou et al. 2002 / Wang & Wu 2018)
Mumbai,Hyderabad,Rail,General Goods,Freight Rake,790,5,3950,5476.03,20.56,41.87,298.87,0.0106,1.36,REAL: uploaded Indian Railways dataset (train: Hussain Sagar Express)
Mumbai,Hyderabad,Air,General Goods,Belly Cargo (Domestic),652.5,5,3262.7,47870.86,6.13,5155.03,36796.64,1.58,14.0,Haversine x1.05 (ICAO GCD-consistent methodology)
Mumbai,Hyderabad,Road,General Goods,12-16t,807.9,10,8079.0,22364.17,20.22,403.95,2883.4,0.05,2.94,Haversine x1.30 circuity factor (Ballou et al. 2002 / Wang & Wu 2018)
Mumbai,Hyderabad,Rail,General Goods,Freight Rake,790,10,7900,11019.78,19.64,83.74,597.74,0.0106,1.36,REAL: uploaded Indian Railways dataset (train: Hussain Sagar Express)
Mumbai,Hyderabad,Air,General Goods,Belly Cargo (Domestic),652.5,10,6525.4,85395.28,5.52,10310.07,73593.27,1.58,14.0,Haversine x1.05 (ICAO GCD-consistent methodology)
Mumbai,Hyderabad,Road,General Goods,25-40t,807.9,20,16158.0,29101.76,21.03,646.32,4613.44,0.04,2.0,Haversine x1.30 circuity factor (Ballou et al. 2002 / Wang & Wu 2018)
Mumbai,Hyderabad,Rail,General Goods,Freight Rake,790,20,15800,21810.53,19.91,167.48,1195.47,0.0106,1.36,REAL: uploaded Indian Railways dataset (train: Hussain Sagar Express)
Mumbai,Hyderabad,Air,General Goods,Belly Cargo (Domestic),652.5,20,13050.7,172897.68,5.96,20620.14,147186.54,1.58,14.0,Haversine x1.05 (ICAO GCD-consistent methodology)
Mumbai,Hyderabad,Road,General Goods,>40t,807.9,50,40395.1,84070.05,21.04,1615.8,11533.6,0.04,2.0,Haversine x1.30 circuity factor (Ballou et al. 2002 / Wang & Wu 2018)
Mumbai,Hyderabad,Rail,General Goods,Freight Rake,790,50,39500,55330.61,21.2,418.7,2988.68,0.0106,1.36,REAL: uploaded Indian Railways dataset (train: Hussain Sagar Express)
Mumbai,Hyderabad,Air,General Goods,Belly Cargo (Domestic),652.5,50,32626.8,483069.74,5.9,51550.34,367966.35,1.58,14.0,Haversine x1.05 (ICAO GCD-consistent methodology)
Mumbai,Hyderabad,Road,Automobile Parts,12-16t,807.9,5,4039.5,22691.41,22.67,201.98,1441.7,0.05,2.94,Haversine x1.30 circuity factor (Ballou et al. 2002 / Wang & Wu 2018)
Mumbai,Hyderabad,Rail,Automobile Parts,Freight Rake,790,5,3950,9824.47,20.42,41.87,298.87,0.0106,1.36,REAL: uploaded Indian Railways dataset (train: Hussain Sagar Express)
Mumbai,Hyderabad,Air,Automobile Parts,Belly Cargo (Domestic),652.5,5,3262.7,87045.56,6.1,5155.03,36796.64,1.58,14.0,Haversine x1.05 (ICAO GCD-consistent methodology)
Mumbai,Hyderabad,Road,Automobile Parts,12-16t,807.9,10,8079.0,46837.63,19.74,403.95,2883.4,0.05,2.94,Haversine x1.30 circuity factor (Ballou et al. 2002 / Wang & Wu 2018)
Mumbai,Hyderabad,Rail,Automobile Parts,Freight Rake,790,10,7900,18824.13,19.94,83.74,597.74,0.0106,1.36,REAL: uploaded Indian Railways dataset (train: Hussain Sagar Express)
Mumbai,Hyderabad,Air,Automobile Parts,Belly Cargo (Domestic),652.5,10,6525.4,177517.84,5.86,10310.07,73593.27,1.58,14.0,Haversine x1.05 (ICAO GCD-consistent methodology)
Mumbai,Hyderabad,Road,Automobile Parts,25-40t,807.9,20,16158.0,57288.1,19.92,646.32,4613.44,0.04,2.0,Haversine x1.30 circuity factor (Ballou et al. 2002 / Wang & Wu 2018)
Mumbai,Hyderabad,Rail,Automobile Parts,Freight Rake,790,20,15800,40975.01,20.74,167.48,1195.47,0.0106,1.36,REAL: uploaded Indian Railways dataset (train: Hussain Sagar Express)
Mumbai,Hyderabad,Air,Automobile Parts,Belly Cargo (Domestic),652.5,20,13050.7,368138.65,5.82,20620.14,147186.54,1.58,14.0,Haversine x1.05 (ICAO GCD-consistent methodology)
Mumbai,Hyderabad,Road,Automobile Parts,>40t,807.9,50,40395.1,149357.03,19.77,1615.8,11533.6,0.04,2.0,Haversine x1.30 circuity factor (Ballou et al. 2002 / Wang & Wu 2018)
Mumbai,Hyderabad,Rail,Automobile Parts,Freight Rake,790,50,39500,92115.04,20.2,418.7,2988.68,0.0106,1.36,REAL: uploaded Indian Railways dataset (train: Hussain Sagar Express)
Mumbai,Hyderabad,Air,Automobile Parts,Belly Cargo (Domestic),652.5,50,32626.8,815445.79,5.64,51550.34,367966.35,1.58,14.0,Haversine x1.05 (ICAO GCD-consistent methodology)
Delhi,Pune,Road,Coal,12-16t,1533.3,5,7666.6,13181.71,42.24,383.33,2736.22,0.05,3.1,Haversine x1.30 circuity factor (Ballou et al. 2002 / Wang & Wu 2018)
Delhi,Pune,Rail,Coal,Freight Rake,1508,5,7540,6526.59,26.2,79.92,570.5,0.0106,1.36,REAL: uploaded Indian Railways dataset (train: Hazrat Nizamuddin-Pune AC Duronto Express)
Delhi,Pune,Air,Coal,Belly Cargo (Domestic),1238.5,5,6192.3,57082.75,6.94,9783.81,69836.81,1.58,14.0,Haversine x1.05 (ICAO GCD-consistent methodology)
Delhi,Pune,Road,Coal,12-16t,1533.3,10,15333.3,29699.26,37.88,766.66,5472.44,0.05,3.1,Haversine x1.30 circuity factor (Ballou et al. 2002 / Wang & Wu 2018)
Delhi,Pune,Rail,Coal,Freight Rake,1508,10,15080,11476.07,26.67,159.85,1141.0,0.0106,1.36,REAL: uploaded Indian Railways dataset (train: Hazrat Nizamuddin-Pune AC Duronto Express)
Delhi,Pune,Air,Coal,Belly Cargo (Domestic),1238.5,10,12384.6,104106.03,6.67,19567.61,139673.63,1.58,14.0,Haversine x1.05 (ICAO GCD-consistent methodology)
Delhi,Pune,Road,Coal,25-40t,1533.3,20,30666.5,43940.03,37.33,1226.66,8755.91,0.04,2.19,Haversine x1.30 circuity factor (Ballou et al. 2002 / Wang & Wu 2018)
Delhi,Pune,Rail,Coal,Freight Rake,1508,20,30160,25112.87,26.35,319.7,2281.99,0.0106,1.36,REAL: uploaded Indian Railways dataset (train: Hazrat Nizamuddin-Pune AC Duronto Express)
Delhi,Pune,Air,Coal,Belly Cargo (Domestic),1238.5,20,24769.1,209101.17,6.23,39135.23,279347.25,1.58,14.0,Haversine x1.05 (ICAO GCD-consistent methodology)
Delhi,Pune,Road,Coal,>40t,1533.3,50,76666.4,98327.5,38.28,3066.65,21889.78,0.04,2.19,Haversine x1.30 circuity factor (Ballou et al. 2002 / Wang & Wu 2018)
Delhi,Pune,Rail,Coal,Freight Rake,1508,50,75400,63622.57,26.93,799.24,5704.98,0.0106,1.36,REAL: uploaded Indian Railways dataset (train: Hazrat Nizamuddin-Pune AC Duronto Express)
Delhi,Pune,Air,Coal,Belly Cargo (Domestic),1238.5,50,61922.8,505795.81,6.7,97838.07,698368.13,1.58,14.0,Haversine x1.05 (ICAO GCD-consistent methodology)
Delhi,Pune,Road,Cement,12-16t,1533.3,5,7666.6,13633.18,42.13,383.33,2736.22,0.05,3.1,Haversine x1.30 circuity factor (Ballou et al. 2002 / Wang & Wu 2018)
Delhi,Pune,Rail,Cement,Freight Rake,1508,5,7540,6450.55,26.13,79.92,570.5,0.0106,1.36,REAL: uploaded Indian Railways dataset (train: Hazrat Nizamuddin-Pune AC Duronto Express)
Delhi,Pune,Air,Cement,Belly Cargo (Domestic),1238.5,5,6192.3,51459.32,6.4,9783.81,69836.81,1.58,14.0,Haversine x1.05 (ICAO GCD-consistent methodology)
Delhi,Pune,Road,Cement,12-16t,1533.3,10,15333.3,27465.99,42.29,766.66,5472.44,0.05,3.1,Haversine x1.30 circuity factor (Ballou et al. 2002 / Wang & Wu 2018)
Delhi,Pune,Rail,Cement,Freight Rake,1508,10,15080,12096.42,26.04,159.85,1141.0,0.0106,1.36,REAL: uploaded Indian Railways dataset (train: Hazrat Nizamuddin-Pune AC Duronto Express)
Delhi,Pune,Air,Cement,Belly Cargo (Domestic),1238.5,10,12384.6,113995.88,6.67,19567.61,139673.63,1.58,14.0,Haversine x1.05 (ICAO GCD-consistent methodology)
Delhi,Pune,Road,Cement,25-40t,1533.3,20,30666.5,40571.37,38.79,1226.66,8755.91,0.04,2.19,Haversine x1.30 circuity factor (Ballou et al. 2002 / Wang & Wu 2018)
Delhi,Pune,Rail,Cement,Freight Rake,1508,20,30160,23341.39,25.64,319.7,2281.99,0.0106,1.36,REAL: uploaded Indian Railways dataset (train: Hazrat Nizamuddin-Pune AC Duronto Express)
Delhi,Pune,Air,Cement,Belly Cargo (Domestic),1238.5,20,24769.1,218367.3,6.65,39135.23,279347.25,1.58,14.0,Haversine x1.05 (ICAO GCD-consistent methodology)
Delhi,Pune,Road,Cement,>40t,1533.3,50,76666.4,105801.23,37.47,3066.65,21889.78,0.04,2.19,Haversine x1.30 circuity factor (Ballou et al. 2002 / Wang & Wu 2018)
Delhi,Pune,Rail,Cement,Freight Rake,1508,50,75400,61907.58,27.11,799.24,5704.98,0.0106,1.36,REAL: uploaded Indian Railways dataset (train: Hazrat Nizamuddin-Pune AC Duronto Express)
Delhi,Pune,Air,Cement,Belly Cargo (Domestic),1238.5,50,61922.8,512857.76,6.7,97838.07,698368.13,1.58,14.0,Haversine x1.05 (ICAO GCD-consistent methodology)
Delhi,Pune,Road,Containerized Goods,12-16t,1533.3,5,7666.6,28205.74,42.31,383.33,2736.22,0.05,3.1,Haversine x1.30 circuity factor (Ballou et al. 2002 / Wang & Wu 2018)
Delhi,Pune,Rail,Containerized Goods,Freight Rake,1508,5,7540,13396.01,25.32,79.92,570.5,0.0106,1.36,REAL: uploaded Indian Railways dataset (train: Hazrat Nizamuddin-Pune AC Duronto Express)
Delhi,Pune,Air,Containerized Goods,Belly Cargo (Domestic),1238.5,5,6192.3,103707.12,6.59,9783.81,69836.81,1.58,14.0,Haversine x1.05 (ICAO GCD-consistent methodology)
Delhi,Pune,Road,Containerized Goods,12-16t,1533.3,10,15333.3,61670.36,36.77,766.66,5472.44,0.05,3.1,Haversine x1.30 circuity factor (Ballou et al. 2002 / Wang & Wu 2018)
Delhi,Pune,Rail,Containerized Goods,Freight Rake,1508,10,15080,28407.34,27.07,159.85,1141.0,0.0106,1.36,REAL: uploaded Indian Railways dataset (train: Hazrat Nizamuddin-Pune AC Duronto Express)
Delhi,Pune,Air,Containerized Goods,Belly Cargo (Domestic),1238.5,10,12384.6,220908.42,6.25,19567.61,139673.63,1.58,14.0,Haversine x1.05 (ICAO GCD-consistent methodology)
Delhi,Pune,Road,Containerized Goods,25-40t,1533.3,20,30666.5,91961.44,39.32,1226.66,8755.91,0.04,2.19,Haversine x1.30 circuity factor (Ballou et al. 2002 / Wang & Wu 2018)
Delhi,Pune,Rail,Containerized Goods,Freight Rake,1508,20,30160,54491.84,26.02,319.7,2281.99,0.0106,1.36,REAL: uploaded Indian Railways dataset (train: Hazrat Nizamuddin-Pune AC Duronto Express)
Delhi,Pune,Air,Containerized Goods,Belly Cargo (Domestic),1238.5,20,24769.1,425073.39,6.81,39135.23,279347.25,1.58,14.0,Haversine x1.05 (ICAO GCD-consistent methodology)
Delhi,Pune,Road,Containerized Goods,>40t,1533.3,50,76666.4,236289.22,37.72,3066.65,21889.78,0.04,2.19,Haversine x1.30 circuity factor (Ballou et al. 2002 / Wang & Wu 2018)
Delhi,Pune,Rail,Containerized Goods,Freight Rake,1508,50,75400,132746.48,25.7,799.24,5704.98,0.0106,1.36,REAL: uploaded Indian Railways dataset (train: Hazrat Nizamuddin-Pune AC Duronto Express)
Delhi,Pune,Air,Containerized Goods,Belly Cargo (Domestic),1238.5,50,61922.8,1207043.12,6.55,97838.07,698368.13,1.58,14.0,Haversine x1.05 (ICAO GCD-consistent methodology)
Delhi,Pune,Road,General Goods,12-16t,1533.3,5,7666.6,25569.63,41.62,383.33,2736.22,0.05,3.1,Haversine x1.30 circuity factor (Ballou et al. 2002 / Wang & Wu 2018)
Delhi,Pune,Rail,General Goods,Freight Rake,1508,5,7540,9887.29,26.75,79.92,570.5,0.0106,1.36,REAL: uploaded Indian Railways dataset (train: Hazrat Nizamuddin-Pune AC Duronto Express)
Delhi,Pune,Air,General Goods,Belly Cargo (Domestic),1238.5,5,6192.3,85217.2,6.89,9783.81,69836.81,1.58,14.0,Haversine x1.05 (ICAO GCD-consistent methodology)
Delhi,Pune,Road,General Goods,12-16t,1533.3,10,15333.3,47606.7,41.35,766.66,5472.44,0.05,3.1,Haversine x1.30 circuity factor (Ballou et al. 2002 / Wang & Wu 2018)
Delhi,Pune,Rail,General Goods,Freight Rake,1508,10,15080,19796.21,25.48,159.85,1141.0,0.0106,1.36,REAL: uploaded Indian Railways dataset (train: Hazrat Nizamuddin-Pune AC Duronto Express)
Delhi,Pune,Air,General Goods,Belly Cargo (Domestic),1238.5,10,12384.6,176398.64,6.94,19567.61,139673.63,1.58,14.0,Haversine x1.05 (ICAO GCD-consistent methodology)
Delhi,Pune,Road,General Goods,25-40t,1533.3,20,30666.5,67020.58,37.12,1226.66,8755.91,0.04,2.19,Haversine x1.30 circuity factor (Ballou et al. 2002 / Wang & Wu 2018)
Delhi,Pune,Rail,General Goods,Freight Rake,1508,20,30160,41270.8,25.6,319.7,2281.99,0.0106,1.36,REAL: uploaded Indian Railways dataset (train: Hazrat Nizamuddin-Pune AC Duronto Express)
Delhi,Pune,Air,General Goods,Belly Cargo (Domestic),1238.5,20,24769.1,350368.49,6.58,39135.23,279347.25,1.58,14.0,Haversine x1.05 (ICAO GCD-consistent methodology)
Delhi,Pune,Road,General Goods,>40t,1533.3,50,76666.4,166399.8,38.21,3066.65,21889.78,0.04,2.19,Haversine x1.30 circuity factor (Ballou et al. 2002 / Wang & Wu 2018)
Delhi,Pune,Rail,General Goods,Freight Rake,1508,50,75400,97435.71,26.51,799.24,5704.98,0.0106,1.36,REAL: uploaded Indian Railways dataset (train: Hazrat Nizamuddin-Pune AC Duronto Express)
Delhi,Pune,Air,General Goods,Belly Cargo (Domestic),1238.5,50,61922.8,879368.14,6.34,97838.07,698368.13,1.58,14.0,Haversine x1.05 (ICAO GCD-consistent methodology)
Delhi,Pune,Road,Automobile Parts,12-16t,1533.3,5,7666.6,46416.27,36.46,383.33,2736.22,0.05,3.1,Haversine x1.30 circuity factor (Ballou et al. 2002 / Wang & Wu 2018)
Delhi,Pune,Rail,Automobile Parts,Freight Rake,1508,5,7540,19724.05,26.53,79.92,570.5,0.0106,1.36,REAL: uploaded Indian Railways dataset (train: Hazrat Nizamuddin-Pune AC Duronto Express)
Delhi,Pune,Air,Automobile Parts,Belly Cargo (Domestic),1238.5,5,6192.3,170460.97,6.46,9783.81,69836.81,1.58,14.0,Haversine x1.05 (ICAO GCD-consistent methodology)
Delhi,Pune,Road,Automobile Parts,12-16t,1533.3,10,15333.3,90864.24,41.35,766.66,5472.44,0.05,3.1,Haversine x1.30 circuity factor (Ballou et al. 2002 / Wang & Wu 2018)
Delhi,Pune,Rail,Automobile Parts,Freight Rake,1508,10,15080,40882.22,25.99,159.85,1141.0,0.0106,1.36,REAL: uploaded Indian Railways dataset (train: Hazrat Nizamuddin-Pune AC Duronto Express)
Delhi,Pune,Air,Automobile Parts,Belly Cargo (Domestic),1238.5,10,12384.6,291216.43,6.55,19567.61,139673.63,1.58,14.0,Haversine x1.05 (ICAO GCD-consistent methodology)
Delhi,Pune,Road,Automobile Parts,25-40t,1533.3,20,30666.5,126554.77,41.66,1226.66,8755.91,0.04,2.19,Haversine x1.30 circuity factor (Ballou et al. 2002 / Wang & Wu 2018)
Delhi,Pune,Rail,Automobile Parts,Freight Rake,1508,20,30160,80469.16,25.84,319.7,2281.99,0.0106,1.36,REAL: uploaded Indian Railways dataset (train: Hazrat Nizamuddin-Pune AC Duronto Express)
Delhi,Pune,Air,Automobile Parts,Belly Cargo (Domestic),1238.5,20,24769.1,645198.69,6.51,39135.23,279347.25,1.58,14.0,Haversine x1.05 (ICAO GCD-consistent methodology)
Delhi,Pune,Road,Automobile Parts,>40t,1533.3,50,76666.4,324607.94,38.77,3066.65,21889.78,0.04,2.19,Haversine x1.30 circuity factor (Ballou et al. 2002 / Wang & Wu 2018)
Delhi,Pune,Rail,Automobile Parts,Freight Rake,1508,50,75400,194509.56,25.1,799.24,5704.98,0.0106,1.36,REAL: uploaded Indian Railways dataset (train: Hazrat Nizamuddin-Pune AC Duronto Express)
Delhi,Pune,Air,Automobile Parts,Belly Cargo (Domestic),1238.5,50,61922.8,1594876.66,6.92,97838.07,698368.13,1.58,14.0,Haversine x1.05 (ICAO GCD-consistent methodology)
Delhi,Ahmedabad,Road,Coal,12-16t,1010.6,5,5053.2,9156.03,27.08,252.66,1803.47,0.05,3.1,Haversine x1.30 circuity factor (Ballou et al. 2002 / Wang & Wu 2018)
Delhi,Ahmedabad,Rail,Coal,Freight Rake,933,5,4665,3923.89,23.12,49.45,352.97,0.0106,1.36,REAL: uploaded Indian Railways dataset (train: Ashram SF Express)
Delhi,Ahmedabad,Air,Coal,Belly Cargo (Domestic),816.3,5,4081.4,36944.28,6.28,6448.6,46030.12,1.58,14.0,Haversine x1.05 (ICAO GCD-consistent methodology)
Delhi,Ahmedabad,Road,Coal,12-16t,1010.6,10,10106.3,18468.93,25.5,505.32,3606.94,0.05,3.1,Haversine x1.30 circuity factor (Ballou et al. 2002 / Wang & Wu 2018)
Delhi,Ahmedabad,Rail,Coal,Freight Rake,933,10,9330,7932.24,22.91,98.9,705.93,0.0106,1.36,REAL: uploaded Indian Railways dataset (train: Ashram SF Express)
Delhi,Ahmedabad,Air,Coal,Belly Cargo (Domestic),816.3,10,8162.8,74165.24,5.69,12897.2,92060.24,1.58,14.0,Haversine x1.05 (ICAO GCD-consistent methodology)
Delhi,Ahmedabad,Road,Coal,25-40t,1010.6,20,20212.6,24428.66,26.82,808.5,5771.11,0.04,2.19,Haversine x1.30 circuity factor (Ballou et al. 2002 / Wang & Wu 2018)
Delhi,Ahmedabad,Rail,Coal,Freight Rake,933,20,18660,16360.4,23.44,197.8,1411.87,0.0106,1.36,REAL: uploaded Indian Railways dataset (train: Ashram SF Express)
Delhi,Ahmedabad,Air,Coal,Belly Cargo (Domestic),816.3,20,16325.6,144862.23,5.97,25794.41,184120.48,1.58,14.0,Haversine x1.05 (ICAO GCD-consistent methodology)
Delhi,Ahmedabad,Road,Coal,>40t,1010.6,50,50531.5,61473.0,26.83,2021.26,14427.76,0.04,2.19,Haversine x1.30 circuity factor (Ballou et al. 2002 / Wang & Wu 2018)
Delhi,Ahmedabad,Rail,Coal,Freight Rake,933,50,46650,40604.54,22.21,494.49,3529.67,0.0106,1.36,REAL: uploaded Indian Railways dataset (train: Ashram SF Express)
Delhi,Ahmedabad,Air,Coal,Belly Cargo (Domestic),816.3,50,40813.9,358513.47,6.31,64486.02,460301.19,1.58,14.0,Haversine x1.05 (ICAO GCD-consistent methodology)
Delhi,Ahmedabad,Road,Cement,12-16t,1010.6,5,5053.2,8531.19,27.51,252.66,1803.47,0.05,3.1,Haversine x1.30 circuity factor (Ballou et al. 2002 / Wang & Wu 2018)
Delhi,Ahmedabad,Rail,Cement,Freight Rake,933,5,4665,3674.65,22.05,49.45,352.97,0.0106,1.36,REAL: uploaded Indian Railways dataset (train: Ashram SF Express)
Delhi,Ahmedabad,Air,Cement,Belly Cargo (Domestic),816.3,5,4081.4,31800.38,6.04,6448.6,46030.12,1.58,14.0,Haversine x1.05 (ICAO GCD-consistent methodology)
Delhi,Ahmedabad,Road,Cement,12-16t,1010.6,10,10106.3,19013.85,27.5,505.32,3606.94,0.05,3.1,Haversine x1.30 circuity factor (Ballou et al. 2002 / Wang & Wu 2018)
Delhi,Ahmedabad,Rail,Cement,Freight Rake,933,10,9330,7199.26,21.39,98.9,705.93,0.0106,1.36,REAL: uploaded Indian Railways dataset (train: Ashram SF Express)
Delhi,Ahmedabad,Air,Cement,Belly Cargo (Domestic),816.3,10,8162.8,73530.16,6.11,12897.2,92060.24,1.58,14.0,Haversine x1.05 (ICAO GCD-consistent methodology)
Delhi,Ahmedabad,Road,Cement,25-40t,1010.6,20,20212.6,25140.73,28.0,808.5,5771.11,0.04,2.19,Haversine x1.30 circuity factor (Ballou et al. 2002 / Wang & Wu 2018)
Delhi,Ahmedabad,Rail,Cement,Freight Rake,933,20,18660,14333.18,22.25,197.8,1411.87,0.0106,1.36,REAL: uploaded Indian Railways dataset (train: Ashram SF Express)
Delhi,Ahmedabad,Air,Cement,Belly Cargo (Domestic),816.3,20,16325.6,130169.85,5.84,25794.41,184120.48,1.58,14.0,Haversine x1.05 (ICAO GCD-consistent methodology)
Delhi,Ahmedabad,Road,Cement,>40t,1010.6,50,50531.5,59783.59,27.55,2021.26,14427.76,0.04,2.19,Haversine x1.30 circuity factor (Ballou et al. 2002 / Wang & Wu 2018)
Delhi,Ahmedabad,Rail,Cement,Freight Rake,933,50,46650,40442.5,22.73,494.49,3529.67,0.0106,1.36,REAL: uploaded Indian Railways dataset (train: Ashram SF Express)
Delhi,Ahmedabad,Air,Cement,Belly Cargo (Domestic),816.3,50,40813.9,318853.02,5.98,64486.02,460301.19,1.58,14.0,Haversine x1.05 (ICAO GCD-consistent methodology)
Delhi,Ahmedabad,Road,Containerized Goods,12-16t,1010.6,5,5053.2,19492.33,26.63,252.66,1803.47,0.05,3.1,Haversine x1.30 circuity factor (Ballou et al. 2002 / Wang & Wu 2018)
Delhi,Ahmedabad,Rail,Containerized Goods,Freight Rake,933,5,4665,8327.3,22.16,49.45,352.97,0.0106,1.36,REAL: uploaded Indian Railways dataset (train: Ashram SF Express)
Delhi,Ahmedabad,Air,Containerized Goods,Belly Cargo (Domestic),816.3,5,4081.4,69700.21,6.27,6448.6,46030.12,1.58,14.0,Haversine x1.05 (ICAO GCD-consistent methodology)
Delhi,Ahmedabad,Road,Containerized Goods,12-16t,1010.6,10,10106.3,37807.22,25.78,505.32,3606.94,0.05,3.1,Haversine x1.30 circuity factor (Ballou et al. 2002 / Wang & Wu 2018)
Delhi,Ahmedabad,Rail,Containerized Goods,Freight Rake,933,10,9330,16248.65,21.75,98.9,705.93,0.0106,1.36,REAL: uploaded Indian Railways dataset (train: Ashram SF Express)
Delhi,Ahmedabad,Air,Containerized Goods,Belly Cargo (Domestic),816.3,10,8162.8,148844.96,6.07,12897.2,92060.24,1.58,14.0,Haversine x1.05 (ICAO GCD-consistent methodology)
Delhi,Ahmedabad,Road,Containerized Goods,25-40t,1010.6,20,20212.6,62437.7,25.41,808.5,5771.11,0.04,2.19,Haversine x1.30 circuity factor (Ballou et al. 2002 / Wang & Wu 2018)
Delhi,Ahmedabad,Rail,Containerized Goods,Freight Rake,933,20,18660,35076.64,22.69,197.8,1411.87,0.0106,1.36,REAL: uploaded Indian Railways dataset (train: Ashram SF Express)
Delhi,Ahmedabad,Air,Containerized Goods,Belly Cargo (Domestic),816.3,20,16325.6,280231.93,6.07,25794.41,184120.48,1.58,14.0,Haversine x1.05 (ICAO GCD-consistent methodology)
Delhi,Ahmedabad,Road,Containerized Goods,>40t,1010.6,50,50531.5,147372.81,27.29,2021.26,14427.76,0.04,2.19,Haversine x1.30 circuity factor (Ballou et al. 2002 / Wang & Wu 2018)
Delhi,Ahmedabad,Rail,Containerized Goods,Freight Rake,933,50,46650,75584.37,22.57,494.49,3529.67,0.0106,1.36,REAL: uploaded Indian Railways dataset (train: Ashram SF Express)
Delhi,Ahmedabad,Air,Containerized Goods,Belly Cargo (Domestic),816.3,50,40813.9,733191.07,6.31,64486.02,460301.19,1.58,14.0,Haversine x1.05 (ICAO GCD-consistent methodology)
Delhi,Ahmedabad,Road,General Goods,12-16t,1010.6,5,5053.2,14994.93,27.52,252.66,1803.47,0.05,3.1,Haversine x1.30 circuity factor (Ballou et al. 2002 / Wang & Wu 2018)
Delhi,Ahmedabad,Rail,General Goods,Freight Rake,933,5,4665,6453.08,22.0,49.45,352.97,0.0106,1.36,REAL: uploaded Indian Railways dataset (train: Ashram SF Express)
Delhi,Ahmedabad,Air,General Goods,Belly Cargo (Domestic),816.3,5,4081.4,58700.76,6.11,6448.6,46030.12,1.58,14.0,Haversine x1.05 (ICAO GCD-consistent methodology)
Delhi,Ahmedabad,Road,General Goods,12-16t,1010.6,10,10106.3,32443.41,27.19,505.32,3606.94,0.05,3.1,Haversine x1.30 circuity factor (Ballou et al. 2002 / Wang & Wu 2018)
Delhi,Ahmedabad,Rail,General Goods,Freight Rake,933,10,9330,13011.97,23.09,98.9,705.93,0.0106,1.36,REAL: uploaded Indian Railways dataset (train: Ashram SF Express)
Delhi,Ahmedabad,Air,General Goods,Belly Cargo (Domestic),816.3,10,8162.8,117210.23,6.31,12897.2,92060.24,1.58,14.0,Haversine x1.05 (ICAO GCD-consistent methodology)
Delhi,Ahmedabad,Road,General Goods,25-40t,1010.6,20,20212.6,45561.2,25.46,808.5,5771.11,0.04,2.19,Haversine x1.30 circuity factor (Ballou et al. 2002 / Wang & Wu 2018)
Delhi,Ahmedabad,Rail,General Goods,Freight Rake,933,20,18660,25137.32,22.51,197.8,1411.87,0.0106,1.36,REAL: uploaded Indian Railways dataset (train: Ashram SF Express)
Delhi,Ahmedabad,Air,General Goods,Belly Cargo (Domestic),816.3,20,16325.6,239179.57,5.72,25794.41,184120.48,1.58,14.0,Haversine x1.05 (ICAO GCD-consistent methodology)
Delhi,Ahmedabad,Road,General Goods,>40t,1010.6,50,50531.5,106129.29,27.31,2021.26,14427.76,0.04,2.19,Haversine x1.30 circuity factor (Ballou et al. 2002 / Wang & Wu 2018)
Delhi,Ahmedabad,Rail,General Goods,Freight Rake,933,50,46650,60151.41,21.51,494.49,3529.67,0.0106,1.36,REAL: uploaded Indian Railways dataset (train: Ashram SF Express)
Delhi,Ahmedabad,Air,General Goods,Belly Cargo (Domestic),816.3,50,40813.9,575898.57,6.36,64486.02,460301.19,1.58,14.0,Haversine x1.05 (ICAO GCD-consistent methodology)
Delhi,Ahmedabad,Road,Automobile Parts,12-16t,1010.6,5,5053.2,29174.42,28.0,252.66,1803.47,0.05,3.1,Haversine x1.30 circuity factor (Ballou et al. 2002 / Wang & Wu 2018)
Delhi,Ahmedabad,Rail,Automobile Parts,Freight Rake,933,5,4665,12364.43,21.79,49.45,352.97,0.0106,1.36,REAL: uploaded Indian Railways dataset (train: Ashram SF Express)
Delhi,Ahmedabad,Air,Automobile Parts,Belly Cargo (Domestic),816.3,5,4081.4,112633.41,6.01,6448.6,46030.12,1.58,14.0,Haversine x1.05 (ICAO GCD-consistent methodology)
Delhi,Ahmedabad,Road,Automobile Parts,12-16t,1010.6,10,10106.3,61545.72,27.3,505.32,3606.94,0.05,3.1,Haversine x1.30 circuity factor (Ballou et al. 2002 / Wang & Wu 2018)
Delhi,Ahmedabad,Rail,Automobile Parts,Freight Rake,933,10,9330,22880.87,21.47,98.9,705.93,0.0106,1.36,REAL: uploaded Indian Railways dataset (train: Ashram SF Express)
Delhi,Ahmedabad,Air,Automobile Parts,Belly Cargo (Domestic),816.3,10,8162.8,231113.67,5.76,12897.2,92060.24,1.58,14.0,Haversine x1.05 (ICAO GCD-consistent methodology)
Delhi,Ahmedabad,Road,Automobile Parts,25-40t,1010.6,20,20212.6,89580.28,27.78,808.5,5771.11,0.04,2.19,Haversine x1.30 circuity factor (Ballou et al. 2002 / Wang & Wu 2018)
Delhi,Ahmedabad,Rail,Automobile Parts,Freight Rake,933,20,18660,48659.11,23.41,197.8,1411.87,0.0106,1.36,REAL: uploaded Indian Railways dataset (train: Ashram SF Express)
Delhi,Ahmedabad,Air,Automobile Parts,Belly Cargo (Domestic),816.3,20,16325.6,462597.64,6.24,25794.41,184120.48,1.58,14.0,Haversine x1.05 (ICAO GCD-consistent methodology)
Delhi,Ahmedabad,Road,Automobile Parts,>40t,1010.6,50,50531.5,199340.29,27.49,2021.26,14427.76,0.04,2.19,Haversine x1.30 circuity factor (Ballou et al. 2002 / Wang & Wu 2018)
Delhi,Ahmedabad,Rail,Automobile Parts,Freight Rake,933,50,46650,108301.58,22.42,494.49,3529.67,0.0106,1.36,REAL: uploaded Indian Railways dataset (train: Ashram SF Express)
Delhi,Ahmedabad,Air,Automobile Parts,Belly Cargo (Domestic),816.3,50,40813.9,1048088.17,6.15,64486.02,460301.19,1.58,14.0,Haversine x1.05 (ICAO GCD-consistent methodology)
Delhi,Chennai,Road,Coal,12-16t,2297.9,5,11489.7,16727.07,59.24,574.49,4100.69,0.05,2.33,Haversine x1.30 circuity factor (Ballou et al. 2002 / Wang & Wu 2018)
Delhi,Chennai,Rail,Coal,Freight Rake,2176,5,10880,9398.31,35.85,115.33,823.21,0.0106,1.36,REAL: uploaded Indian Railways dataset (train: Hazrat Nizamuddin-Chennai Duronto)
Delhi,Chennai,Air,Coal,Belly Cargo (Domestic),1856.0,5,9280.2,72326.26,7.09,14662.67,104662.13,1.58,14.0,Haversine x1.05 (ICAO GCD-consistent methodology)
Delhi,Chennai,Road,Coal,12-16t,2297.9,10,22979.5,29267.38,62.04,1148.97,8201.37,0.05,2.33,Haversine x1.30 circuity factor (Ballou et al. 2002 / Wang & Wu 2018)
Delhi,Chennai,Rail,Coal,Freight Rake,2176,10,21760,18050.15,35.76,230.66,1646.42,0.0106,1.36,REAL: uploaded Indian Railways dataset (train: Hazrat Nizamuddin-Chennai Duronto)
Delhi,Chennai,Air,Coal,Belly Cargo (Domestic),1856.0,10,18560.3,148200.16,6.94,29325.34,209324.25,1.58,14.0,Haversine x1.05 (ICAO GCD-consistent methodology)
Delhi,Chennai,Road,Coal,25-40t,2297.9,20,45958.9,53498.52,62.28,1838.36,13122.2,0.04,1.81,Haversine x1.30 circuity factor (Ballou et al. 2002 / Wang & Wu 2018)
Delhi,Chennai,Rail,Coal,Freight Rake,2176,20,43520,34617.63,34.02,461.31,3292.85,0.0106,1.36,REAL: uploaded Indian Railways dataset (train: Hazrat Nizamuddin-Chennai Duronto)
Delhi,Chennai,Air,Coal,Belly Cargo (Domestic),1856.0,20,37120.7,291278.21,7.71,58650.67,418648.51,1.58,14.0,Haversine x1.05 (ICAO GCD-consistent methodology)
Delhi,Chennai,Road,Coal,>40t,2297.9,50,114897.3,120695.6,58.38,4595.89,32805.49,0.04,1.81,Haversine x1.30 circuity factor (Ballou et al. 2002 / Wang & Wu 2018)
Delhi,Chennai,Rail,Coal,Freight Rake,2176,50,108800,83612.67,35.66,1153.28,8232.11,0.0106,1.36,REAL: uploaded Indian Railways dataset (train: Hazrat Nizamuddin-Chennai Duronto)
Delhi,Chennai,Air,Coal,Belly Cargo (Domestic),1856.0,50,92801.7,727550.01,7.28,146626.68,1046621.27,1.58,14.0,Haversine x1.05 (ICAO GCD-consistent methodology)
Delhi,Chennai,Road,Cement,12-16t,2297.9,5,11489.7,16582.66,60.72,574.49,4100.69,0.05,2.33,Haversine x1.30 circuity factor (Ballou et al. 2002 / Wang & Wu 2018)
Delhi,Chennai,Rail,Cement,Freight Rake,2176,5,10880,9495.73,34.06,115.33,823.21,0.0106,1.36,REAL: uploaded Indian Railways dataset (train: Hazrat Nizamuddin-Chennai Duronto)
Delhi,Chennai,Air,Cement,Belly Cargo (Domestic),1856.0,5,9280.2,81594.35,7.02,14662.67,104662.13,1.58,14.0,Haversine x1.05 (ICAO GCD-consistent methodology)
Delhi,Chennai,Road,Cement,12-16t,2297.9,10,22979.5,31525.79,54.7,1148.97,8201.37,0.05,2.33,Haversine x1.30 circuity factor (Ballou et al. 2002 / Wang & Wu 2018)
Delhi,Chennai,Rail,Cement,Freight Rake,2176,10,21760,17696.35,34.02,230.66,1646.42,0.0106,1.36,REAL: uploaded Indian Railways dataset (train: Hazrat Nizamuddin-Chennai Duronto)
Delhi,Chennai,Air,Cement,Belly Cargo (Domestic),1856.0,10,18560.3,169702.6,6.91,29325.34,209324.25,1.58,14.0,Haversine x1.05 (ICAO GCD-consistent methodology)
Delhi,Chennai,Road,Cement,25-40t,2297.9,20,45958.9,48537.97,57.92,1838.36,13122.2,0.04,1.81,Haversine x1.30 circuity factor (Ballou et al. 2002 / Wang & Wu 2018)
Delhi,Chennai,Rail,Cement,Freight Rake,2176,20,43520,38008.91,35.55,461.31,3292.85,0.0106,1.36,REAL: uploaded Indian Railways dataset (train: Hazrat Nizamuddin-Chennai Duronto)
Delhi,Chennai,Air,Cement,Belly Cargo (Domestic),1856.0,20,37120.7,286350.32,7.48,58650.67,418648.51,1.58,14.0,Haversine x1.05 (ICAO GCD-consistent methodology)
Delhi,Chennai,Road,Cement,>40t,2297.9,50,114897.3,125678.38,62.92,4595.89,32805.49,0.04,1.81,Haversine x1.30 circuity factor (Ballou et al. 2002 / Wang & Wu 2018)
Delhi,Chennai,Rail,Cement,Freight Rake,2176,50,108800,86628.65,33.98,1153.28,8232.11,0.0106,1.36,REAL: uploaded Indian Railways dataset (train: Hazrat Nizamuddin-Chennai Duronto)
Delhi,Chennai,Air,Cement,Belly Cargo (Domestic),1856.0,50,92801.7,729954.68,6.99,146626.68,1046621.27,1.58,14.0,Haversine x1.05 (ICAO GCD-consistent methodology)
Delhi,Chennai,Road,Containerized Goods,12-16t,2297.9,5,11489.7,36766.73,58.03,574.49,4100.69,0.05,2.33,Haversine x1.30 circuity factor (Ballou et al. 2002 / Wang & Wu 2018)
Delhi,Chennai,Rail,Containerized Goods,Freight Rake,2176,5,10880,19493.88,34.82,115.33,823.21,0.0106,1.36,REAL: uploaded Indian Railways dataset (train: Hazrat Nizamuddin-Chennai Duronto)
Delhi,Chennai,Air,Containerized Goods,Belly Cargo (Domestic),1856.0,5,9280.2,170061.52,6.9,14662.67,104662.13,1.58,14.0,Haversine x1.05 (ICAO GCD-consistent methodology)
Delhi,Chennai,Road,Containerized Goods,12-16t,2297.9,10,22979.5,72691.45,56.05,1148.97,8201.37,0.05,2.33,Haversine x1.30 circuity factor (Ballou et al. 2002 / Wang & Wu 2018)
Delhi,Chennai,Rail,Containerized Goods,Freight Rake,2176,10,21760,35723.91,34.56,230.66,1646.42,0.0106,1.36,REAL: uploaded Indian Railways dataset (train: Hazrat Nizamuddin-Chennai Duronto)
Delhi,Chennai,Air,Containerized Goods,Belly Cargo (Domestic),1856.0,10,18560.3,304854.83,7.55,29325.34,209324.25,1.58,14.0,Haversine x1.05 (ICAO GCD-consistent methodology)
Delhi,Chennai,Road,Containerized Goods,25-40t,2297.9,20,45958.9,100554.68,55.79,1838.36,13122.2,0.04,1.81,Haversine x1.30 circuity factor (Ballou et al. 2002 / Wang & Wu 2018)
Delhi,Chennai,Rail,Containerized Goods,Freight Rake,2176,20,43520,80491.65,33.74,461.31,3292.85,0.0106,1.36,REAL: uploaded Indian Railways dataset (train: Hazrat Nizamuddin-Chennai Duronto)
Delhi,Chennai,Air,Containerized Goods,Belly Cargo (Domestic),1856.0,20,37120.7,620245.23,7.67,58650.67,418648.51,1.58,14.0,Haversine x1.05 (ICAO GCD-consistent methodology)
Delhi,Chennai,Road,Containerized Goods,>40t,2297.9,50,114897.3,240474.85,61.8,4595.89,32805.49,0.04,1.81,Haversine x1.30 circuity factor (Ballou et al. 2002 / Wang & Wu 2018)
Delhi,Chennai,Rail,Containerized Goods,Freight Rake,2176,50,108800,179189.94,33.06,1153.28,8232.11,0.0106,1.36,REAL: uploaded Indian Railways dataset (train: Hazrat Nizamuddin-Chennai Duronto)
Delhi,Chennai,Air,Containerized Goods,Belly Cargo (Domestic),1856.0,50,92801.7,1585011.44,7.03,146626.68,1046621.27,1.58,14.0,Haversine x1.05 (ICAO GCD-consistent methodology)
Delhi,Chennai,Road,General Goods,12-16t,2297.9,5,11489.7,27633.42,54.01,574.49,4100.69,0.05,2.33,Haversine x1.30 circuity factor (Ballou et al. 2002 / Wang & Wu 2018)
Delhi,Chennai,Rail,General Goods,Freight Rake,2176,5,10880,13648.24,35.33,115.33,823.21,0.0106,1.36,REAL: uploaded Indian Railways dataset (train: Hazrat Nizamuddin-Chennai Duronto)
Delhi,Chennai,Air,General Goods,Belly Cargo (Domestic),1856.0,5,9280.2,123112.67,7.17,14662.67,104662.13,1.58,14.0,Haversine x1.05 (ICAO GCD-consistent methodology)
Delhi,Chennai,Road,General Goods,12-16t,2297.9,10,22979.5,50053.85,54.26,1148.97,8201.37,0.05,2.33,Haversine x1.30 circuity factor (Ballou et al. 2002 / Wang & Wu 2018)
Delhi,Chennai,Rail,General Goods,Freight Rake,2176,10,21760,30738.13,34.42,230.66,1646.42,0.0106,1.36,REAL: uploaded Indian Railways dataset (train: Hazrat Nizamuddin-Chennai Duronto)
Delhi,Chennai,Air,General Goods,Belly Cargo (Domestic),1856.0,10,18560.3,272611.72,7.3,29325.34,209324.25,1.58,14.0,Haversine x1.05 (ICAO GCD-consistent methodology)
Delhi,Chennai,Road,General Goods,25-40t,2297.9,20,45958.9,87811.08,58.57,1838.36,13122.2,0.04,1.81,Haversine x1.30 circuity factor (Ballou et al. 2002 / Wang & Wu 2018)
Delhi,Chennai,Rail,General Goods,Freight Rake,2176,20,43520,55484.96,34.35,461.31,3292.85,0.0106,1.36,REAL: uploaded Indian Railways dataset (train: Hazrat Nizamuddin-Chennai Duronto)
Delhi,Chennai,Air,General Goods,Belly Cargo (Domestic),1856.0,20,37120.7,565985.08,6.92,58650.67,418648.51,1.58,14.0,Haversine x1.05 (ICAO GCD-consistent methodology)
Delhi,Chennai,Road,General Goods,>40t,2297.9,50,114897.3,219744.4,61.88,4595.89,32805.49,0.04,1.81,Haversine x1.30 circuity factor (Ballou et al. 2002 / Wang & Wu 2018)
Delhi,Chennai,Rail,General Goods,Freight Rake,2176,50,108800,148475.85,34.19,1153.28,8232.11,0.0106,1.36,REAL: uploaded Indian Railways dataset (train: Hazrat Nizamuddin-Chennai Duronto)
Delhi,Chennai,Air,General Goods,Belly Cargo (Domestic),1856.0,50,92801.7,1419798.56,6.93,146626.68,1046621.27,1.58,14.0,Haversine x1.05 (ICAO GCD-consistent methodology)
Delhi,Chennai,Road,Automobile Parts,12-16t,2297.9,5,11489.7,49344.97,57.53,574.49,4100.69,0.05,2.33,Haversine x1.30 circuity factor (Ballou et al. 2002 / Wang & Wu 2018)
Delhi,Chennai,Rail,Automobile Parts,Freight Rake,2176,5,10880,28204.4,34.3,115.33,823.21,0.0106,1.36,REAL: uploaded Indian Railways dataset (train: Hazrat Nizamuddin-Chennai Duronto)
Delhi,Chennai,Air,Automobile Parts,Belly Cargo (Domestic),1856.0,5,9280.2,260191.81,6.95,14662.67,104662.13,1.58,14.0,Haversine x1.05 (ICAO GCD-consistent methodology)
Delhi,Chennai,Road,Automobile Parts,12-16t,2297.9,10,22979.5,90797.26,59.46,1148.97,8201.37,0.05,2.33,Haversine x1.30 circuity factor (Ballou et al. 2002 / Wang & Wu 2018)
Delhi,Chennai,Rail,Automobile Parts,Freight Rake,2176,10,21760,50971.2,33.56,230.66,1646.42,0.0106,1.36,REAL: uploaded Indian Railways dataset (train: Hazrat Nizamuddin-Chennai Duronto)
Delhi,Chennai,Air,Automobile Parts,Belly Cargo (Domestic),1856.0,10,18560.3,493773.9,7.36,29325.34,209324.25,1.58,14.0,Haversine x1.05 (ICAO GCD-consistent methodology)
Delhi,Chennai,Road,Automobile Parts,25-40t,2297.9,20,45958.9,148593.21,63.07,1838.36,13122.2,0.04,1.81,Haversine x1.30 circuity factor (Ballou et al. 2002 / Wang & Wu 2018)
Delhi,Chennai,Rail,Automobile Parts,Freight Rake,2176,20,43520,110091.13,34.17,461.31,3292.85,0.0106,1.36,REAL: uploaded Indian Railways dataset (train: Hazrat Nizamuddin-Chennai Duronto)
Delhi,Chennai,Air,Automobile Parts,Belly Cargo (Domestic),1856.0,20,37120.7,982228.25,6.97,58650.67,418648.51,1.58,14.0,Haversine x1.05 (ICAO GCD-consistent methodology)
Delhi,Chennai,Road,Automobile Parts,>40t,2297.9,50,114897.3,400476.38,61.75,4595.89,32805.49,0.04,1.81,Haversine x1.30 circuity factor (Ballou et al. 2002 / Wang & Wu 2018)
Delhi,Chennai,Rail,Automobile Parts,Freight Rake,2176,50,108800,280502.27,35.26,1153.28,8232.11,0.0106,1.36,REAL: uploaded Indian Railways dataset (train: Hazrat Nizamuddin-Chennai Duronto)
Delhi,Chennai,Air,Automobile Parts,Belly Cargo (Domestic),1856.0,50,92801.7,2511081.19,7.07,146626.68,1046621.27,1.58,14.0,Haversine x1.05 (ICAO GCD-consistent methodology)
Delhi,Bengaluru,Road,Coal,12-16t,2275.1,5,11375.7,15854.2,55.36,568.79,4060.0,0.05,2.33,Haversine x1.30 circuity factor (Ballou et al. 2002 / Wang & Wu 2018)
Delhi,Bengaluru,Rail,Coal,Freight Rake,2294,5,11470,9179.11,39.32,121.58,867.85,0.0106,1.36,REAL: uploaded Indian Railways dataset (train: Bangalore-Hazrat Nizammudin Rajdhani Express)
Delhi,Bengaluru,Air,Coal,Belly Cargo (Domestic),1837.6,5,9188.1,76389.16,6.94,14517.2,103623.79,1.58,14.0,Haversine x1.05 (ICAO GCD-consistent methodology)
Delhi,Bengaluru,Road,Coal,12-16t,2275.1,10,22751.5,31549.65,59.41,1137.57,8120.01,0.05,2.33,Haversine x1.30 circuity factor (Ballou et al. 2002 / Wang & Wu 2018)
Delhi,Bengaluru,Rail,Coal,Freight Rake,2294,10,22940,18464.85,38.13,243.16,1735.7,0.0106,1.36,REAL: uploaded Indian Railways dataset (train: Bangalore-Hazrat Nizammudin Rajdhani Express)
Delhi,Bengaluru,Air,Coal,Belly Cargo (Domestic),1837.6,10,18376.2,168534.65,6.92,29034.4,207247.58,1.58,14.0,Haversine x1.05 (ICAO GCD-consistent methodology)
Delhi,Bengaluru,Road,Coal,25-40t,2275.1,20,45503.0,53046.53,54.11,1820.12,12992.01,0.04,1.81,Haversine x1.30 circuity factor (Ballou et al. 2002 / Wang & Wu 2018)
Delhi,Bengaluru,Rail,Coal,Freight Rake,2294,20,45880,35254.94,40.44,486.33,3471.41,0.0106,1.36,REAL: uploaded Indian Railways dataset (train: Bangalore-Hazrat Nizammudin Rajdhani Express)
Delhi,Bengaluru,Air,Coal,Belly Cargo (Domestic),1837.6,20,36752.4,330156.61,7.35,58068.81,414495.15,1.58,14.0,Haversine x1.05 (ICAO GCD-consistent methodology)
Delhi,Bengaluru,Road,Coal,>40t,2275.1,50,113757.5,126514.84,58.45,4550.3,32480.03,0.04,1.81,Haversine x1.30 circuity factor (Ballou et al. 2002 / Wang & Wu 2018)
Delhi,Bengaluru,Rail,Coal,Freight Rake,2294,50,114700,91651.07,38.01,1215.82,8678.52,0.0106,1.36,REAL: uploaded Indian Railways dataset (train: Bangalore-Hazrat Nizammudin Rajdhani Express)
Delhi,Bengaluru,Air,Coal,Belly Cargo (Domestic),1837.6,50,91881.0,754196.67,7.44,145172.02,1036237.88,1.58,14.0,Haversine x1.05 (ICAO GCD-consistent methodology)
Delhi,Bengaluru,Road,Cement,12-16t,2275.1,5,11375.7,16671.53,61.29,568.79,4060.0,0.05,2.33,Haversine x1.30 circuity factor (Ballou et al. 2002 / Wang & Wu 2018)
Delhi,Bengaluru,Rail,Cement,Freight Rake,2294,5,11470,9674.41,41.35,121.58,867.85,0.0106,1.36,REAL: uploaded Indian Railways dataset (train: Bangalore-Hazrat Nizammudin Rajdhani Express)
Delhi,Bengaluru,Air,Cement,Belly Cargo (Domestic),1837.6,5,9188.1,78598.78,7.17,14517.2,103623.79,1.58,14.0,Haversine x1.05 (ICAO GCD-consistent methodology)
Delhi,Bengaluru,Road,Cement,12-16t,2275.1,10,22751.5,32248.41,55.22,1137.57,8120.01,0.05,2.33,Haversine x1.30 circuity factor (Ballou et al. 2002 / Wang & Wu 2018)
Delhi,Bengaluru,Rail,Cement,Freight Rake,2294,10,22940,19156.49,38.41,243.16,1735.7,0.0106,1.36,REAL: uploaded Indian Railways dataset (train: Bangalore-Hazrat Nizammudin Rajdhani Express)
Delhi,Bengaluru,Air,Cement,Belly Cargo (Domestic),1837.6,10,18376.2,142027.92,7.6,29034.4,207247.58,1.58,14.0,Haversine x1.05 (ICAO GCD-consistent methodology)
Delhi,Bengaluru,Road,Cement,25-40t,2275.1,20,45503.0,48027.13,60.31,1820.12,12992.01,0.04,1.81,Haversine x1.30 circuity factor (Ballou et al. 2002 / Wang & Wu 2018)
Delhi,Bengaluru,Rail,Cement,Freight Rake,2294,20,45880,37818.81,40.71,486.33,3471.41,0.0106,1.36,REAL: uploaded Indian Railways dataset (train: Bangalore-Hazrat Nizammudin Rajdhani Express)
Delhi,Bengaluru,Air,Cement,Belly Cargo (Domestic),1837.6,20,36752.4,329481.47,7.71,58068.81,414495.15,1.58,14.0,Haversine x1.05 (ICAO GCD-consistent methodology)
Delhi,Bengaluru,Road,Cement,>40t,2275.1,50,113757.5,131189.32,58.93,4550.3,32480.03,0.04,1.81,Haversine x1.30 circuity factor (Ballou et al. 2002 / Wang & Wu 2018)
Delhi,Bengaluru,Rail,Cement,Freight Rake,2294,50,114700,95572.6,37.63,1215.82,8678.52,0.0106,1.36,REAL: uploaded Indian Railways dataset (train: Bangalore-Hazrat Nizammudin Rajdhani Express)
Delhi,Bengaluru,Air,Cement,Belly Cargo (Domestic),1837.6,50,91881.0,836637.39,7.59,145172.02,1036237.88,1.58,14.0,Haversine x1.05 (ICAO GCD-consistent methodology)
Delhi,Bengaluru,Road,Containerized Goods,12-16t,2275.1,5,11375.7,32450.15,54.92,568.79,4060.0,0.05,2.33,Haversine x1.30 circuity factor (Ballou et al. 2002 / Wang & Wu 2018)
Delhi,Bengaluru,Rail,Containerized Goods,Freight Rake,2294,5,11470,20678.96,38.75,121.58,867.85,0.0106,1.36,REAL: uploaded Indian Railways dataset (train: Bangalore-Hazrat Nizammudin Rajdhani Express)
Delhi,Bengaluru,Air,Containerized Goods,Belly Cargo (Domestic),1837.6,5,9188.1,159874.25,6.86,14517.2,103623.79,1.58,14.0,Haversine x1.05 (ICAO GCD-consistent methodology)
Delhi,Bengaluru,Road,Containerized Goods,12-16t,2275.1,10,22751.5,73101.12,58.49,1137.57,8120.01,0.05,2.33,Haversine x1.30 circuity factor (Ballou et al. 2002 / Wang & Wu 2018)
Delhi,Bengaluru,Rail,Containerized Goods,Freight Rake,2294,10,22940,39422.83,38.09,243.16,1735.7,0.0106,1.36,REAL: uploaded Indian Railways dataset (train: Bangalore-Hazrat Nizammudin Rajdhani Express)
Delhi,Bengaluru,Air,Containerized Goods,Belly Cargo (Domestic),1837.6,10,18376.2,339128.82,6.89,29034.4,207247.58,1.58,14.0,Haversine x1.05 (ICAO GCD-consistent methodology)
Delhi,Bengaluru,Road,Containerized Goods,25-40t,2275.1,20,45503.0,110956.06,55.24,1820.12,12992.01,0.04,1.81,Haversine x1.30 circuity factor (Ballou et al. 2002 / Wang & Wu 2018)
Delhi,Bengaluru,Rail,Containerized Goods,Freight Rake,2294,20,45880,79089.84,38.87,486.33,3471.41,0.0106,1.36,REAL: uploaded Indian Railways dataset (train: Bangalore-Hazrat Nizammudin Rajdhani Express)
Delhi,Bengaluru,Air,Containerized Goods,Belly Cargo (Domestic),1837.6,20,36752.4,643491.14,7.49,58068.81,414495.15,1.58,14.0,Haversine x1.05 (ICAO GCD-consistent methodology)
Delhi,Bengaluru,Road,Containerized Goods,>40t,2275.1,50,113757.5,279014.67,58.5,4550.3,32480.03,0.04,1.81,Haversine x1.30 circuity factor (Ballou et al. 2002 / Wang & Wu 2018)
Delhi,Bengaluru,Rail,Containerized Goods,Freight Rake,2294,50,114700,186992.85,37.73,1215.82,8678.52,0.0106,1.36,REAL: uploaded Indian Railways dataset (train: Bangalore-Hazrat Nizammudin Rajdhani Express)
Delhi,Bengaluru,Air,Containerized Goods,Belly Cargo (Domestic),1837.6,50,91881.0,1538485.29,7.4,145172.02,1036237.88,1.58,14.0,Haversine x1.05 (ICAO GCD-consistent methodology)
Delhi,Bengaluru,Road,General Goods,12-16t,2275.1,5,11375.7,27427.71,55.77,568.79,4060.0,0.05,2.33,Haversine x1.30 circuity factor (Ballou et al. 2002 / Wang & Wu 2018)
Delhi,Bengaluru,Rail,General Goods,Freight Rake,2294,5,11470,16003.38,39.44,121.58,867.85,0.0106,1.36,REAL: uploaded Indian Railways dataset (train: Bangalore-Hazrat Nizammudin Rajdhani Express)
Delhi,Bengaluru,Air,General Goods,Belly Cargo (Domestic),1837.6,5,9188.1,127142.42,7.1,14517.2,103623.79,1.58,14.0,Haversine x1.05 (ICAO GCD-consistent methodology)
Delhi,Bengaluru,Road,General Goods,12-16t,2275.1,10,22751.5,55713.93,54.3,1137.57,8120.01,0.05,2.33,Haversine x1.30 circuity factor (Ballou et al. 2002 / Wang & Wu 2018)
Delhi,Bengaluru,Rail,General Goods,Freight Rake,2294,10,22940,30848.55,38.64,243.16,1735.7,0.0106,1.36,REAL: uploaded Indian Railways dataset (train: Bangalore-Hazrat Nizammudin Rajdhani Express)
Delhi,Bengaluru,Air,General Goods,Belly Cargo (Domestic),1837.6,10,18376.2,266450.59,7.29,29034.4,207247.58,1.58,14.0,Haversine x1.05 (ICAO GCD-consistent methodology)
Delhi,Bengaluru,Road,General Goods,25-40t,2275.1,20,45503.0,85113.42,53.67,1820.12,12992.01,0.04,1.81,Haversine x1.30 circuity factor (Ballou et al. 2002 / Wang & Wu 2018)
Delhi,Bengaluru,Rail,General Goods,Freight Rake,2294,20,45880,61351.16,39.89,486.33,3471.41,0.0106,1.36,REAL: uploaded Indian Railways dataset (train: Bangalore-Hazrat Nizammudin Rajdhani Express)
Delhi,Bengaluru,Air,General Goods,Belly Cargo (Domestic),1837.6,20,36752.4,463871.42,7.12,58068.81,414495.15,1.58,14.0,Haversine x1.05 (ICAO GCD-consistent methodology)
Delhi,Bengaluru,Road,General Goods,>40t,2275.1,50,113757.5,194009.56,54.52,4550.3,32480.03,0.04,1.81,Haversine x1.30 circuity factor (Ballou et al. 2002 / Wang & Wu 2018)
Delhi,Bengaluru,Rail,General Goods,Freight Rake,2294,50,114700,149890.08,38.82,1215.82,8678.52,0.0106,1.36,REAL: uploaded Indian Railways dataset (train: Bangalore-Hazrat Nizammudin Rajdhani Express)
Delhi,Bengaluru,Air,General Goods,Belly Cargo (Domestic),1837.6,50,91881.0,1159689.56,7.51,145172.02,1036237.88,1.58,14.0,Haversine x1.05 (ICAO GCD-consistent methodology)
Delhi,Bengaluru,Road,Automobile Parts,12-16t,2275.1,5,11375.7,45879.47,56.77,568.79,4060.0,0.05,2.33,Haversine x1.30 circuity factor (Ballou et al. 2002 / Wang & Wu 2018)
Delhi,Bengaluru,Rail,Automobile Parts,Freight Rake,2294,5,11470,29815.05,39.5,121.58,867.85,0.0106,1.36,REAL: uploaded Indian Railways dataset (train: Bangalore-Hazrat Nizammudin Rajdhani Express)
Delhi,Bengaluru,Air,Automobile Parts,Belly Cargo (Domestic),1837.6,5,9188.1,253974.85,7.57,14517.2,103623.79,1.58,14.0,Haversine x1.05 (ICAO GCD-consistent methodology)
Delhi,Bengaluru,Road,Automobile Parts,12-16t,2275.1,10,22751.5,89725.44,61.23,1137.57,8120.01,0.05,2.33,Haversine x1.30 circuity factor (Ballou et al. 2002 / Wang & Wu 2018)
Delhi,Bengaluru,Rail,Automobile Parts,Freight Rake,2294,10,22940,53519.24,37.6,243.16,1735.7,0.0106,1.36,REAL: uploaded Indian Railways dataset (train: Bangalore-Hazrat Nizammudin Rajdhani Express)
Delhi,Bengaluru,Air,Automobile Parts,Belly Cargo (Domestic),1837.6,10,18376.2,516312.57,7.61,29034.4,207247.58,1.58,14.0,Haversine x1.05 (ICAO GCD-consistent methodology)
Delhi,Bengaluru,Road,Automobile Parts,25-40t,2275.1,20,45503.0,154758.98,58.56,1820.12,12992.01,0.04,1.81,Haversine x1.30 circuity factor (Ballou et al. 2002 / Wang & Wu 2018)
Delhi,Bengaluru,Rail,Automobile Parts,Freight Rake,2294,20,45880,119367.9,39.17,486.33,3471.41,0.0106,1.36,REAL: uploaded Indian Railways dataset (train: Bangalore-Hazrat Nizammudin Rajdhani Express)
Delhi,Bengaluru,Air,Automobile Parts,Belly Cargo (Domestic),1837.6,20,36752.4,879100.03,6.88,58068.81,414495.15,1.58,14.0,Haversine x1.05 (ICAO GCD-consistent methodology)
Delhi,Bengaluru,Road,Automobile Parts,>40t,2275.1,50,113757.5,367765.79,60.67,4550.3,32480.03,0.04,1.81,Haversine x1.30 circuity factor (Ballou et al. 2002 / Wang & Wu 2018)
Delhi,Bengaluru,Rail,Automobile Parts,Freight Rake,2294,50,114700,294198.41,40.81,1215.82,8678.52,0.0106,1.36,REAL: uploaded Indian Railways dataset (train: Bangalore-Hazrat Nizammudin Rajdhani Express)
Delhi,Bengaluru,Air,Automobile Parts,Belly Cargo (Domestic),1837.6,50,91881.0,2580899.65,6.94,145172.02,1036237.88,1.58,14.0,Haversine x1.05 (ICAO GCD-consistent methodology)
Delhi,Hyderabad,Road,Coal,12-16t,1646.5,5,8232.4,12383.91,40.43,411.62,2938.16,0.05,2.33,Haversine x1.30 circuity factor (Ballou et al. 2002 / Wang & Wu 2018)
Delhi,Hyderabad,Rail,Coal,Freight Rake,1670,5,8350,6956.56,36.25,88.51,631.78,0.0106,1.36,REAL: uploaded Indian Railways dataset (train: Dakshin SF Express)
Delhi,Hyderabad,Air,Coal,Belly Cargo (Domestic),1329.9,5,6649.3,55054.23,6.51,10505.87,74990.91,1.58,14.0,Haversine x1.05 (ICAO GCD-consistent methodology)
Delhi,Hyderabad,Road,Coal,12-16t,1646.5,10,16464.9,22427.64,41.04,823.24,5876.32,0.05,2.33,Haversine x1.30 circuity factor (Ballou et al. 2002 / Wang & Wu 2018)
Delhi,Hyderabad,Rail,Coal,Freight Rake,1670,10,16700,12989.64,36.2,177.02,1263.57,0.0106,1.36,REAL: uploaded Indian Railways dataset (train: Dakshin SF Express)
Delhi,Hyderabad,Air,Coal,Belly Cargo (Domestic),1329.9,10,13298.6,103771.97,6.67,21011.74,149981.82,1.58,14.0,Haversine x1.05 (ICAO GCD-consistent methodology)
Delhi,Hyderabad,Road,Coal,25-40t,1646.5,20,32929.8,38922.83,41.15,1317.19,9402.12,0.04,1.81,Haversine x1.30 circuity factor (Ballou et al. 2002 / Wang & Wu 2018)
Delhi,Hyderabad,Rail,Coal,Freight Rake,1670,20,33400,28434.24,37.32,354.04,2527.14,0.0106,1.36,REAL: uploaded Indian Railways dataset (train: Dakshin SF Express)
Delhi,Hyderabad,Air,Coal,Belly Cargo (Domestic),1329.9,20,26597.1,239076.15,6.45,42023.49,299963.64,1.58,14.0,Haversine x1.05 (ICAO GCD-consistent methodology)
Delhi,Hyderabad,Road,Coal,>40t,1646.5,50,82324.5,83636.39,40.12,3292.98,23505.29,0.04,1.81,Haversine x1.30 circuity factor (Ballou et al. 2002 / Wang & Wu 2018)
Delhi,Hyderabad,Rail,Coal,Freight Rake,1670,50,83500,69714.01,37.11,885.1,6317.84,0.0106,1.36,REAL: uploaded Indian Railways dataset (train: Dakshin SF Express)
Delhi,Hyderabad,Air,Coal,Belly Cargo (Domestic),1329.9,50,66492.9,579751.01,6.4,105058.71,749909.1,1.58,14.0,Haversine x1.05 (ICAO GCD-consistent methodology)
Delhi,Hyderabad,Road,Cement,12-16t,1646.5,5,8232.4,12116.77,42.12,411.62,2938.16,0.05,2.33,Haversine x1.30 circuity factor (Ballou et al. 2002 / Wang & Wu 2018)
Delhi,Hyderabad,Rail,Cement,Freight Rake,1670,5,8350,7079.17,37.11,88.51,631.78,0.0106,1.36,REAL: uploaded Indian Railways dataset (train: Dakshin SF Express)
Delhi,Hyderabad,Air,Cement,Belly Cargo (Domestic),1329.9,5,6649.3,55191.09,7.0,10505.87,74990.91,1.58,14.0,Haversine x1.05 (ICAO GCD-consistent methodology)
Delhi,Hyderabad,Road,Cement,12-16t,1646.5,10,16464.9,23275.96,43.07,823.24,5876.32,0.05,2.33,Haversine x1.30 circuity factor (Ballou et al. 2002 / Wang & Wu 2018)
Delhi,Hyderabad,Rail,Cement,Freight Rake,1670,10,16700,13875.54,37.48,177.02,1263.57,0.0106,1.36,REAL: uploaded Indian Railways dataset (train: Dakshin SF Express)
Delhi,Hyderabad,Air,Cement,Belly Cargo (Domestic),1329.9,10,13298.6,114359.32,6.38,21011.74,149981.82,1.58,14.0,Haversine x1.05 (ICAO GCD-consistent methodology)
Delhi,Hyderabad,Road,Cement,25-40t,1646.5,20,32929.8,32619.53,41.77,1317.19,9402.12,0.04,1.81,Haversine x1.30 circuity factor (Ballou et al. 2002 / Wang & Wu 2018)
Delhi,Hyderabad,Rail,Cement,Freight Rake,1670,20,33400,26350.57,35.35,354.04,2527.14,0.0106,1.36,REAL: uploaded Indian Railways dataset (train: Dakshin SF Express)
Delhi,Hyderabad,Air,Cement,Belly Cargo (Domestic),1329.9,20,26597.1,203245.04,6.67,42023.49,299963.64,1.58,14.0,Haversine x1.05 (ICAO GCD-consistent methodology)
Delhi,Hyderabad,Road,Cement,>40t,1646.5,50,82324.5,85870.96,41.84,3292.98,23505.29,0.04,1.81,Haversine x1.30 circuity factor (Ballou et al. 2002 / Wang & Wu 2018)
Delhi,Hyderabad,Rail,Cement,Freight Rake,1670,50,83500,63199.81,37.37,885.1,6317.84,0.0106,1.36,REAL: uploaded Indian Railways dataset (train: Dakshin SF Express)
Delhi,Hyderabad,Air,Cement,Belly Cargo (Domestic),1329.9,50,66492.9,510405.37,6.95,105058.71,749909.1,1.58,14.0,Haversine x1.05 (ICAO GCD-consistent methodology)
Delhi,Hyderabad,Road,Containerized Goods,12-16t,1646.5,5,8232.4,26379.3,42.94,411.62,2938.16,0.05,2.33,Haversine x1.30 circuity factor (Ballou et al. 2002 / Wang & Wu 2018)
Delhi,Hyderabad,Rail,Containerized Goods,Freight Rake,1670,5,8350,14597.59,36.03,88.51,631.78,0.0106,1.36,REAL: uploaded Indian Railways dataset (train: Dakshin SF Express)
Delhi,Hyderabad,Air,Containerized Goods,Belly Cargo (Domestic),1329.9,5,6649.3,120826.02,6.9,10505.87,74990.91,1.58,14.0,Haversine x1.05 (ICAO GCD-consistent methodology)
Delhi,Hyderabad,Road,Containerized Goods,12-16t,1646.5,10,16464.9,53158.41,41.82,823.24,5876.32,0.05,2.33,Haversine x1.30 circuity factor (Ballou et al. 2002 / Wang & Wu 2018)
Delhi,Hyderabad,Rail,Containerized Goods,Freight Rake,1670,10,16700,30607.79,36.72,177.02,1263.57,0.0106,1.36,REAL: uploaded Indian Railways dataset (train: Dakshin SF Express)
Delhi,Hyderabad,Air,Containerized Goods,Belly Cargo (Domestic),1329.9,10,13298.6,230522.13,6.64,21011.74,149981.82,1.58,14.0,Haversine x1.05 (ICAO GCD-consistent methodology)
Delhi,Hyderabad,Road,Containerized Goods,25-40t,1646.5,20,32929.8,71186.23,39.21,1317.19,9402.12,0.04,1.81,Haversine x1.30 circuity factor (Ballou et al. 2002 / Wang & Wu 2018)
Delhi,Hyderabad,Rail,Containerized Goods,Freight Rake,1670,20,33400,54624.33,37.61,354.04,2527.14,0.0106,1.36,REAL: uploaded Indian Railways dataset (train: Dakshin SF Express)
Delhi,Hyderabad,Air,Containerized Goods,Belly Cargo (Domestic),1329.9,20,26597.1,463139.44,6.83,42023.49,299963.64,1.58,14.0,Haversine x1.05 (ICAO GCD-consistent methodology)
Delhi,Hyderabad,Road,Containerized Goods,>40t,1646.5,50,82324.5,191499.47,39.95,3292.98,23505.29,0.04,1.81,Haversine x1.30 circuity factor (Ballou et al. 2002 / Wang & Wu 2018)
Delhi,Hyderabad,Rail,Containerized Goods,Freight Rake,1670,50,83500,139925.96,35.94,885.1,6317.84,0.0106,1.36,REAL: uploaded Indian Railways dataset (train: Dakshin SF Express)
Delhi,Hyderabad,Air,Containerized Goods,Belly Cargo (Domestic),1329.9,50,66492.9,1180794.06,6.68,105058.71,749909.1,1.58,14.0,Haversine x1.05 (ICAO GCD-consistent methodology)
Delhi,Hyderabad,Road,General Goods,12-16t,1646.5,5,8232.4,17872.45,41.3,411.62,2938.16,0.05,2.33,Haversine x1.30 circuity factor (Ballou et al. 2002 / Wang & Wu 2018)
Delhi,Hyderabad,Rail,General Goods,Freight Rake,1670,5,8350,10961.53,35.84,88.51,631.78,0.0106,1.36,REAL: uploaded Indian Railways dataset (train: Dakshin SF Express)
Delhi,Hyderabad,Air,General Goods,Belly Cargo (Domestic),1329.9,5,6649.3,90080.72,6.74,10505.87,74990.91,1.58,14.0,Haversine x1.05 (ICAO GCD-consistent methodology)
Delhi,Hyderabad,Road,General Goods,12-16t,1646.5,10,16464.9,40582.35,43.16,823.24,5876.32,0.05,2.33,Haversine x1.30 circuity factor (Ballou et al. 2002 / Wang & Wu 2018)
Delhi,Hyderabad,Rail,General Goods,Freight Rake,1670,10,16700,21134.56,34.7,177.02,1263.57,0.0106,1.36,REAL: uploaded Indian Railways dataset (train: Dakshin SF Express)
Delhi,Hyderabad,Air,General Goods,Belly Cargo (Domestic),1329.9,10,13298.6,192822.13,6.49,21011.74,149981.82,1.58,14.0,Haversine x1.05 (ICAO GCD-consistent methodology)
Delhi,Hyderabad,Road,General Goods,25-40t,1646.5,20,32929.8,62269.97,43.22,1317.19,9402.12,0.04,1.81,Haversine x1.30 circuity factor (Ballou et al. 2002 / Wang & Wu 2018)
Delhi,Hyderabad,Rail,General Goods,Freight Rake,1670,20,33400,48377.23,37.52,354.04,2527.14,0.0106,1.36,REAL: uploaded Indian Railways dataset (train: Dakshin SF Express)
Delhi,Hyderabad,Air,General Goods,Belly Cargo (Domestic),1329.9,20,26597.1,359950.14,6.73,42023.49,299963.64,1.58,14.0,Haversine x1.05 (ICAO GCD-consistent methodology)
Delhi,Hyderabad,Road,General Goods,>40t,1646.5,50,82324.5,138321.37,41.15,3292.98,23505.29,0.04,1.81,Haversine x1.30 circuity factor (Ballou et al. 2002 / Wang & Wu 2018)
Delhi,Hyderabad,Rail,General Goods,Freight Rake,1670,50,83500,122057.86,36.88,885.1,6317.84,0.0106,1.36,REAL: uploaded Indian Railways dataset (train: Dakshin SF Express)
Delhi,Hyderabad,Air,General Goods,Belly Cargo (Domestic),1329.9,50,66492.9,910784.73,6.74,105058.71,749909.1,1.58,14.0,Haversine x1.05 (ICAO GCD-consistent methodology)
Delhi,Hyderabad,Road,Automobile Parts,12-16t,1646.5,5,8232.4,38615.42,40.88,411.62,2938.16,0.05,2.33,Haversine x1.30 circuity factor (Ballou et al. 2002 / Wang & Wu 2018)
Delhi,Hyderabad,Rail,Automobile Parts,Freight Rake,1670,5,8350,20605.2,37.22,88.51,631.78,0.0106,1.36,REAL: uploaded Indian Railways dataset (train: Dakshin SF Express)
Delhi,Hyderabad,Air,Automobile Parts,Belly Cargo (Domestic),1329.9,5,6649.3,183102.54,6.8,10505.87,74990.91,1.58,14.0,Haversine x1.05 (ICAO GCD-consistent methodology)
Delhi,Hyderabad,Road,Automobile Parts,12-16t,1646.5,10,16464.9,75682.2,43.77,823.24,5876.32,0.05,2.33,Haversine x1.30 circuity factor (Ballou et al. 2002 / Wang & Wu 2018)
Delhi,Hyderabad,Rail,Automobile Parts,Freight Rake,1670,10,16700,43287.08,36.26,177.02,1263.57,0.0106,1.36,REAL: uploaded Indian Railways dataset (train: Dakshin SF Express)
Delhi,Hyderabad,Air,Automobile Parts,Belly Cargo (Domestic),1329.9,10,13298.6,354683.77,6.6,21011.74,149981.82,1.58,14.0,Haversine x1.05 (ICAO GCD-consistent methodology)
Delhi,Hyderabad,Road,Automobile Parts,25-40t,1646.5,20,32929.8,107276.26,41.24,1317.19,9402.12,0.04,1.81,Haversine x1.30 circuity factor (Ballou et al. 2002 / Wang & Wu 2018)
Delhi,Hyderabad,Rail,Automobile Parts,Freight Rake,1670,20,33400,79778.47,35.13,354.04,2527.14,0.0106,1.36,REAL: uploaded Indian Railways dataset (train: Dakshin SF Express)
Delhi,Hyderabad,Air,Automobile Parts,Belly Cargo (Domestic),1329.9,20,26597.1,750948.38,6.65,42023.49,299963.64,1.58,14.0,Haversine x1.05 (ICAO GCD-consistent methodology)
Delhi,Hyderabad,Road,Automobile Parts,>40t,1646.5,50,82324.5,260727.99,39.72,3292.98,23505.29,0.04,1.81,Haversine x1.30 circuity factor (Ballou et al. 2002 / Wang & Wu 2018)
Delhi,Hyderabad,Rail,Automobile Parts,Freight Rake,1670,50,83500,195978.81,37.41,885.1,6317.84,0.0106,1.36,REAL: uploaded Indian Railways dataset (train: Dakshin SF Express)
Delhi,Hyderabad,Air,Automobile Parts,Belly Cargo (Domestic),1329.9,50,66492.9,1585641.35,6.88,105058.71,749909.1,1.58,14.0,Haversine x1.05 (ICAO GCD-consistent methodology)
Pune,Ahmedabad,Road,Coal,12-16t,673.6,5,3367.8,8052.56,18.93,168.39,1201.97,0.05,3.71,Haversine x1.30 circuity factor (Ballou et al. 2002 / Wang & Wu 2018)
Pune,Ahmedabad,Rail,Coal,Freight Rake,635,5,3175,2415.18,17.62,33.66,240.23,0.0106,1.36,REAL: uploaded Indian Railways dataset (train: Ahimsa Express)
Pune,Ahmedabad,Air,Coal,Belly Cargo (Domestic),544.0,5,2720.2,24226.79,5.43,4297.86,30678.1,1.58,14.0,Haversine x1.05 (ICAO GCD-consistent methodology)
Pune,Ahmedabad,Road,Coal,12-16t,673.6,10,6735.6,14721.34,16.88,336.78,2403.95,0.05,3.71,Haversine x1.30 circuity factor (Ballou et al. 2002 / Wang & Wu 2018)
Pune,Ahmedabad,Rail,Coal,Freight Rake,635,10,6350,5492.68,18.4,67.31,480.46,0.0106,1.36,REAL: uploaded Indian Railways dataset (train: Ahimsa Express)
Pune,Ahmedabad,Air,Coal,Belly Cargo (Domestic),544.0,10,5440.3,48846.79,5.45,8595.71,61356.19,1.58,14.0,Haversine x1.05 (ICAO GCD-consistent methodology)
Pune,Ahmedabad,Road,Coal,25-40t,673.6,20,13471.3,19123.84,17.58,538.85,3846.32,0.04,2.38,Haversine x1.30 circuity factor (Ballou et al. 2002 / Wang & Wu 2018)
Pune,Ahmedabad,Rail,Coal,Freight Rake,635,20,12700,10726.67,17.45,134.62,960.92,0.0106,1.36,REAL: uploaded Indian Railways dataset (train: Ahimsa Express)
Pune,Ahmedabad,Air,Coal,Belly Cargo (Domestic),544.0,20,10880.6,90979.94,5.53,17191.42,122712.38,1.58,14.0,Haversine x1.05 (ICAO GCD-consistent methodology)
Pune,Ahmedabad,Road,Coal,>40t,673.6,50,33678.2,50819.56,17.69,1347.13,9615.8,0.04,2.38,Haversine x1.30 circuity factor (Ballou et al. 2002 / Wang & Wu 2018)
Pune,Ahmedabad,Rail,Coal,Freight Rake,635,50,31750,26222.65,17.58,336.55,2402.29,0.0106,1.36,REAL: uploaded Indian Railways dataset (train: Ahimsa Express)
Pune,Ahmedabad,Air,Coal,Belly Cargo (Domestic),544.0,50,27201.6,244214.63,5.66,42978.56,306780.95,1.58,14.0,Haversine x1.05 (ICAO GCD-consistent methodology)
Pune,Ahmedabad,Road,Cement,12-16t,673.6,5,3367.8,7985.89,17.46,168.39,1201.97,0.05,3.71,Haversine x1.30 circuity factor (Ballou et al. 2002 / Wang & Wu 2018)
Pune,Ahmedabad,Rail,Cement,Freight Rake,635,5,3175,2771.52,18.78,33.66,240.23,0.0106,1.36,REAL: uploaded Indian Railways dataset (train: Ahimsa Express)
Pune,Ahmedabad,Air,Cement,Belly Cargo (Domestic),544.0,5,2720.2,22636.45,5.53,4297.86,30678.1,1.58,14.0,Haversine x1.05 (ICAO GCD-consistent methodology)
Pune,Ahmedabad,Road,Cement,12-16t,673.6,10,6735.6,14614.9,17.92,336.78,2403.95,0.05,3.71,Haversine x1.30 circuity factor (Ballou et al. 2002 / Wang & Wu 2018)
Pune,Ahmedabad,Rail,Cement,Freight Rake,635,10,6350,5558.88,18.48,67.31,480.46,0.0106,1.36,REAL: uploaded Indian Railways dataset (train: Ahimsa Express)
Pune,Ahmedabad,Air,Cement,Belly Cargo (Domestic),544.0,10,5440.3,48371.4,5.43,8595.71,61356.19,1.58,14.0,Haversine x1.05 (ICAO GCD-consistent methodology)
Pune,Ahmedabad,Road,Cement,25-40t,673.6,20,13471.3,18244.69,18.24,538.85,3846.32,0.04,2.38,Haversine x1.30 circuity factor (Ballou et al. 2002 / Wang & Wu 2018)
Pune,Ahmedabad,Rail,Cement,Freight Rake,635,20,12700,10965.22,18.01,134.62,960.92,0.0106,1.36,REAL: uploaded Indian Railways dataset (train: Ahimsa Express)
Pune,Ahmedabad,Air,Cement,Belly Cargo (Domestic),544.0,20,10880.6,83992.76,5.92,17191.42,122712.38,1.58,14.0,Haversine x1.05 (ICAO GCD-consistent methodology)
Pune,Ahmedabad,Road,Cement,>40t,673.6,50,33678.2,51384.37,17.23,1347.13,9615.8,0.04,2.38,Haversine x1.30 circuity factor (Ballou et al. 2002 / Wang & Wu 2018)
Pune,Ahmedabad,Rail,Cement,Freight Rake,635,50,31750,26953.7,17.51,336.55,2402.29,0.0106,1.36,REAL: uploaded Indian Railways dataset (train: Ahimsa Express)
Pune,Ahmedabad,Air,Cement,Belly Cargo (Domestic),544.0,50,27201.6,246603.89,5.44,42978.56,306780.95,1.58,14.0,Haversine x1.05 (ICAO GCD-consistent methodology)
Pune,Ahmedabad,Road,Containerized Goods,12-16t,673.6,5,3367.8,15842.45,19.11,168.39,1201.97,0.05,3.71,Haversine x1.30 circuity factor (Ballou et al. 2002 / Wang & Wu 2018)
Pune,Ahmedabad,Rail,Containerized Goods,Freight Rake,635,5,3175,5297.73,17.83,33.66,240.23,0.0106,1.36,REAL: uploaded Indian Railways dataset (train: Ahimsa Express)
Pune,Ahmedabad,Air,Containerized Goods,Belly Cargo (Domestic),544.0,5,2720.2,47426.64,5.36,4297.86,30678.1,1.58,14.0,Haversine x1.05 (ICAO GCD-consistent methodology)
Pune,Ahmedabad,Road,Containerized Goods,12-16t,673.6,10,6735.6,29219.31,17.84,336.78,2403.95,0.05,3.71,Haversine x1.30 circuity factor (Ballou et al. 2002 / Wang & Wu 2018)
Pune,Ahmedabad,Rail,Containerized Goods,Freight Rake,635,10,6350,10619.85,18.8,67.31,480.46,0.0106,1.36,REAL: uploaded Indian Railways dataset (train: Ahimsa Express)
Pune,Ahmedabad,Air,Containerized Goods,Belly Cargo (Domestic),544.0,10,5440.3,95348.67,5.36,8595.71,61356.19,1.58,14.0,Haversine x1.05 (ICAO GCD-consistent methodology)
Pune,Ahmedabad,Road,Containerized Goods,25-40t,673.6,20,13471.3,44714.32,18.81,538.85,3846.32,0.04,2.38,Haversine x1.30 circuity factor (Ballou et al. 2002 / Wang & Wu 2018)
Pune,Ahmedabad,Rail,Containerized Goods,Freight Rake,635,20,12700,22709.36,18.44,134.62,960.92,0.0106,1.36,REAL: uploaded Indian Railways dataset (train: Ahimsa Express)
Pune,Ahmedabad,Air,Containerized Goods,Belly Cargo (Domestic),544.0,20,10880.6,181414.11,5.53,17191.42,122712.38,1.58,14.0,Haversine x1.05 (ICAO GCD-consistent methodology)
Pune,Ahmedabad,Road,Containerized Goods,>40t,673.6,50,33678.2,109705.54,18.4,1347.13,9615.8,0.04,2.38,Haversine x1.30 circuity factor (Ballou et al. 2002 / Wang & Wu 2018)
Pune,Ahmedabad,Rail,Containerized Goods,Freight Rake,635,50,31750,52238.89,18.28,336.55,2402.29,0.0106,1.36,REAL: uploaded Indian Railways dataset (train: Ahimsa Express)
Pune,Ahmedabad,Air,Containerized Goods,Belly Cargo (Domestic),544.0,50,27201.6,483949.78,5.34,42978.56,306780.95,1.58,14.0,Haversine x1.05 (ICAO GCD-consistent methodology)
Pune,Ahmedabad,Road,General Goods,12-16t,673.6,5,3367.8,11443.13,17.14,168.39,1201.97,0.05,3.71,Haversine x1.30 circuity factor (Ballou et al. 2002 / Wang & Wu 2018)
Pune,Ahmedabad,Rail,General Goods,Freight Rake,635,5,3175,4549.42,18.0,33.66,240.23,0.0106,1.36,REAL: uploaded Indian Railways dataset (train: Ahimsa Express)
Pune,Ahmedabad,Air,General Goods,Belly Cargo (Domestic),544.0,5,2720.2,39812.99,5.7,4297.86,30678.1,1.58,14.0,Haversine x1.05 (ICAO GCD-consistent methodology)
Pune,Ahmedabad,Road,General Goods,12-16t,673.6,10,6735.6,23045.99,17.23,336.78,2403.95,0.05,3.71,Haversine x1.30 circuity factor (Ballou et al. 2002 / Wang & Wu 2018)
Pune,Ahmedabad,Rail,General Goods,Freight Rake,635,10,6350,8361.24,17.11,67.31,480.46,0.0106,1.36,REAL: uploaded Indian Railways dataset (train: Ahimsa Express)
Pune,Ahmedabad,Air,General Goods,Belly Cargo (Domestic),544.0,10,5440.3,74943.24,5.88,8595.71,61356.19,1.58,14.0,Haversine x1.05 (ICAO GCD-consistent methodology)
Pune,Ahmedabad,Road,General Goods,25-40t,673.6,20,13471.3,31786.64,16.73,538.85,3846.32,0.04,2.38,Haversine x1.30 circuity factor (Ballou et al. 2002 / Wang & Wu 2018)
Pune,Ahmedabad,Rail,General Goods,Freight Rake,635,20,12700,18391.63,18.09,134.62,960.92,0.0106,1.36,REAL: uploaded Indian Railways dataset (train: Ahimsa Express)
Pune,Ahmedabad,Air,General Goods,Belly Cargo (Domestic),544.0,20,10880.6,137596.88,5.69,17191.42,122712.38,1.58,14.0,Haversine x1.05 (ICAO GCD-consistent methodology)
Pune,Ahmedabad,Road,General Goods,>40t,673.6,50,33678.2,76017.16,16.82,1347.13,9615.8,0.04,2.38,Haversine x1.30 circuity factor (Ballou et al. 2002 / Wang & Wu 2018)
Pune,Ahmedabad,Rail,General Goods,Freight Rake,635,50,31750,42691.13,18.12,336.55,2402.29,0.0106,1.36,REAL: uploaded Indian Railways dataset (train: Ahimsa Express)
Pune,Ahmedabad,Air,General Goods,Belly Cargo (Domestic),544.0,50,27201.6,361062.87,5.62,42978.56,306780.95,1.58,14.0,Haversine x1.05 (ICAO GCD-consistent methodology)
Pune,Ahmedabad,Road,Automobile Parts,12-16t,673.6,5,3367.8,23887.82,16.66,168.39,1201.97,0.05,3.71,Haversine x1.30 circuity factor (Ballou et al. 2002 / Wang & Wu 2018)
Pune,Ahmedabad,Rail,Automobile Parts,Freight Rake,635,5,3175,8599.62,17.14,33.66,240.23,0.0106,1.36,REAL: uploaded Indian Railways dataset (train: Ahimsa Express)
Pune,Ahmedabad,Air,Automobile Parts,Belly Cargo (Domestic),544.0,5,2720.2,70857.66,5.69,4297.86,30678.1,1.58,14.0,Haversine x1.05 (ICAO GCD-consistent methodology)
Pune,Ahmedabad,Road,Automobile Parts,12-16t,673.6,10,6735.6,50772.61,17.99,336.78,2403.95,0.05,3.71,Haversine x1.30 circuity factor (Ballou et al. 2002 / Wang & Wu 2018)
Pune,Ahmedabad,Rail,Automobile Parts,Freight Rake,635,10,6350,15705.06,17.86,67.31,480.46,0.0106,1.36,REAL: uploaded Indian Railways dataset (train: Ahimsa Express)
Pune,Ahmedabad,Air,Automobile Parts,Belly Cargo (Domestic),544.0,10,5440.3,144805.94,6.01,8595.71,61356.19,1.58,14.0,Haversine x1.05 (ICAO GCD-consistent methodology)
Pune,Ahmedabad,Road,Automobile Parts,25-40t,673.6,20,13471.3,56422.12,16.46,538.85,3846.32,0.04,2.38,Haversine x1.30 circuity factor (Ballou et al. 2002 / Wang & Wu 2018)
Pune,Ahmedabad,Rail,Automobile Parts,Freight Rake,635,20,12700,33446.33,17.64,134.62,960.92,0.0106,1.36,REAL: uploaded Indian Railways dataset (train: Ahimsa Express)
Pune,Ahmedabad,Air,Automobile Parts,Belly Cargo (Domestic),544.0,20,10880.6,295097.17,5.77,17191.42,122712.38,1.58,14.0,Haversine x1.05 (ICAO GCD-consistent methodology)
Pune,Ahmedabad,Road,Automobile Parts,>40t,673.6,50,33678.2,156421.52,18.51,1347.13,9615.8,0.04,2.38,Haversine x1.30 circuity factor (Ballou et al. 2002 / Wang & Wu 2018)
Pune,Ahmedabad,Rail,Automobile Parts,Freight Rake,635,50,31750,77784.4,17.1,336.55,2402.29,0.0106,1.36,REAL: uploaded Indian Railways dataset (train: Ahimsa Express)
Pune,Ahmedabad,Air,Automobile Parts,Belly Cargo (Domestic),544.0,50,27201.6,711389.81,5.89,42978.56,306780.95,1.58,14.0,Haversine x1.05 (ICAO GCD-consistent methodology)
Pune,Chennai,Road,Coal,12-16t,1188.7,5,5943.4,9868.18,32.09,297.17,2121.19,0.05,2.94,Haversine x1.30 circuity factor (Ballou et al. 2002 / Wang & Wu 2018)
Pune,Chennai,Rail,Coal,Freight Rake,1051.5,5,5257.6,4294.35,29.94,55.73,397.8,0.0106,1.36,ESTIMATED: Haversine x1.15 circuity (no direct train match found)
Pune,Chennai,Air,Coal,Belly Cargo (Domestic),960.1,5,4800.4,41661.8,6.43,7584.66,54139.27,1.58,14.0,Haversine x1.05 (ICAO GCD-consistent methodology)
Pune,Chennai,Road,Coal,12-16t,1188.7,10,11886.7,19263.58,32.07,594.34,4242.38,0.05,2.94,Haversine x1.30 circuity factor (Ballou et al. 2002 / Wang & Wu 2018)
Pune,Chennai,Rail,Coal,Freight Rake,1051.5,10,10515.2,8579.11,28.76,111.46,795.61,0.0106,1.36,ESTIMATED: Haversine x1.15 circuity (no direct train match found)
Pune,Chennai,Air,Coal,Belly Cargo (Domestic),960.1,10,9600.8,73777.43,5.98,15169.31,108278.54,1.58,14.0,Haversine x1.05 (ICAO GCD-consistent methodology)
Pune,Chennai,Road,Coal,25-40t,1188.7,20,23773.5,26087.22,32.85,950.94,6787.8,0.04,2.0,Haversine x1.30 circuity factor (Ballou et al. 2002 / Wang & Wu 2018)
Pune,Chennai,Rail,Coal,Freight Rake,1051.5,20,21030.4,17317.72,30.8,222.92,1591.22,0.0106,1.36,ESTIMATED: Haversine x1.15 circuity (no direct train match found)
Pune,Chennai,Air,Coal,Belly Cargo (Domestic),960.1,20,19201.7,163766.6,6.02,30338.62,216557.07,1.58,14.0,Haversine x1.05 (ICAO GCD-consistent methodology)
Pune,Chennai,Road,Coal,>40t,1188.7,50,59433.7,75432.97,29.2,2377.35,16969.51,0.04,2.0,Haversine x1.30 circuity factor (Ballou et al. 2002 / Wang & Wu 2018)
Pune,Chennai,Rail,Coal,Freight Rake,1051.5,50,52576.0,42199.68,30.19,557.31,3978.05,0.0106,1.36,ESTIMATED: Haversine x1.15 circuity (no direct train match found)
Pune,Chennai,Air,Coal,Belly Cargo (Domestic),960.1,50,48004.1,435620.25,6.08,75846.55,541392.68,1.58,14.0,Haversine x1.05 (ICAO GCD-consistent methodology)
Pune,Chennai,Road,Cement,12-16t,1188.7,5,5943.4,9680.54,30.07,297.17,2121.19,0.05,2.94,Haversine x1.30 circuity factor (Ballou et al. 2002 / Wang & Wu 2018)
Pune,Chennai,Rail,Cement,Freight Rake,1051.5,5,5257.6,4549.96,30.08,55.73,397.8,0.0106,1.36,ESTIMATED: Haversine x1.15 circuity (no direct train match found)
Pune,Chennai,Air,Cement,Belly Cargo (Domestic),960.1,5,4800.4,43433.6,6.12,7584.66,54139.27,1.58,14.0,Haversine x1.05 (ICAO GCD-consistent methodology)
Pune,Chennai,Road,Cement,12-16t,1188.7,10,11886.7,22916.58,30.7,594.34,4242.38,0.05,2.94,Haversine x1.30 circuity factor (Ballou et al. 2002 / Wang & Wu 2018)
Pune,Chennai,Rail,Cement,Freight Rake,1051.5,10,10515.2,8562.7,30.61,111.46,795.61,0.0106,1.36,ESTIMATED: Haversine x1.15 circuity (no direct train match found)
Pune,Chennai,Air,Cement,Belly Cargo (Domestic),960.1,10,9600.8,80822.94,6.42,15169.31,108278.54,1.58,14.0,Haversine x1.05 (ICAO GCD-consistent methodology)
Pune,Chennai,Road,Cement,25-40t,1188.7,20,23773.5,29774.12,28.65,950.94,6787.8,0.04,2.0,Haversine x1.30 circuity factor (Ballou et al. 2002 / Wang & Wu 2018)
Pune,Chennai,Rail,Cement,Freight Rake,1051.5,20,21030.4,17413.04,30.31,222.92,1591.22,0.0106,1.36,ESTIMATED: Haversine x1.15 circuity (no direct train match found)
Pune,Chennai,Air,Cement,Belly Cargo (Domestic),960.1,20,19201.7,162489.61,6.07,30338.62,216557.07,1.58,14.0,Haversine x1.05 (ICAO GCD-consistent methodology)
Pune,Chennai,Road,Cement,>40t,1188.7,50,59433.7,65221.63,31.51,2377.35,16969.51,0.04,2.0,Haversine x1.30 circuity factor (Ballou et al. 2002 / Wang & Wu 2018)
Pune,Chennai,Rail,Cement,Freight Rake,1051.5,50,52576.0,41504.43,29.67,557.31,3978.05,0.0106,1.36,ESTIMATED: Haversine x1.15 circuity (no direct train match found)
Pune,Chennai,Air,Cement,Belly Cargo (Domestic),960.1,50,48004.1,396614.19,6.34,75846.55,541392.68,1.58,14.0,Haversine x1.05 (ICAO GCD-consistent methodology)
Pune,Chennai,Road,Containerized Goods,12-16t,1188.7,5,5943.4,21769.85,28.47,297.17,2121.19,0.05,2.94,Haversine x1.30 circuity factor (Ballou et al. 2002 / Wang & Wu 2018)
Pune,Chennai,Rail,Containerized Goods,Freight Rake,1051.5,5,5257.6,9724.6,28.93,55.73,397.8,0.0106,1.36,ESTIMATED: Haversine x1.15 circuity (no direct train match found)
Pune,Chennai,Air,Containerized Goods,Belly Cargo (Domestic),960.1,5,4800.4,94889.56,6.03,7584.66,54139.27,1.58,14.0,Haversine x1.05 (ICAO GCD-consistent methodology)
Pune,Chennai,Road,Containerized Goods,12-16t,1188.7,10,11886.7,49179.93,32.92,594.34,4242.38,0.05,2.94,Haversine x1.30 circuity factor (Ballou et al. 2002 / Wang & Wu 2018)
Pune,Chennai,Rail,Containerized Goods,Freight Rake,1051.5,10,10515.2,17113.55,29.77,111.46,795.61,0.0106,1.36,ESTIMATED: Haversine x1.15 circuity (no direct train match found)
Pune,Chennai,Air,Containerized Goods,Belly Cargo (Domestic),960.1,10,9600.8,167866.43,6.42,15169.31,108278.54,1.58,14.0,Haversine x1.05 (ICAO GCD-consistent methodology)
Pune,Chennai,Road,Containerized Goods,25-40t,1188.7,20,23773.5,63240.92,32.94,950.94,6787.8,0.04,2.0,Haversine x1.30 circuity factor (Ballou et al. 2002 / Wang & Wu 2018)
Pune,Chennai,Rail,Containerized Goods,Freight Rake,1051.5,20,21030.4,34625.13,29.68,222.92,1591.22,0.0106,1.36,ESTIMATED: Haversine x1.15 circuity (no direct train match found)
Pune,Chennai,Air,Containerized Goods,Belly Cargo (Domestic),960.1,20,19201.7,364589.05,5.85,30338.62,216557.07,1.58,14.0,Haversine x1.05 (ICAO GCD-consistent methodology)
Pune,Chennai,Road,Containerized Goods,>40t,1188.7,50,59433.7,139415.49,32.09,2377.35,16969.51,0.04,2.0,Haversine x1.30 circuity factor (Ballou et al. 2002 / Wang & Wu 2018)
Pune,Chennai,Rail,Containerized Goods,Freight Rake,1051.5,50,52576.0,89846.67,29.02,557.31,3978.05,0.0106,1.36,ESTIMATED: Haversine x1.15 circuity (no direct train match found)
Pune,Chennai,Air,Containerized Goods,Belly Cargo (Domestic),960.1,50,48004.1,874527.92,6.28,75846.55,541392.68,1.58,14.0,Haversine x1.05 (ICAO GCD-consistent methodology)
Pune,Chennai,Road,General Goods,12-16t,1188.7,5,5943.4,18099.28,32.92,297.17,2121.19,0.05,2.94,Haversine x1.30 circuity factor (Ballou et al. 2002 / Wang & Wu 2018)
Pune,Chennai,Rail,General Goods,Freight Rake,1051.5,5,5257.6,7003.91,30.14,55.73,397.8,0.0106,1.36,ESTIMATED: Haversine x1.15 circuity (no direct train match found)
Pune,Chennai,Air,General Goods,Belly Cargo (Domestic),960.1,5,4800.4,68199.4,6.22,7584.66,54139.27,1.58,14.0,Haversine x1.05 (ICAO GCD-consistent methodology)
Pune,Chennai,Road,General Goods,12-16t,1188.7,10,11886.7,34234.34,31.45,594.34,4242.38,0.05,2.94,Haversine x1.30 circuity factor (Ballou et al. 2002 / Wang & Wu 2018)
Pune,Chennai,Rail,General Goods,Freight Rake,1051.5,10,10515.2,13727.75,28.23,111.46,795.61,0.0106,1.36,ESTIMATED: Haversine x1.15 circuity (no direct train match found)
Pune,Chennai,Air,General Goods,Belly Cargo (Domestic),960.1,10,9600.8,140747.1,6.2,15169.31,108278.54,1.58,14.0,Haversine x1.05 (ICAO GCD-consistent methodology)
Pune,Chennai,Road,General Goods,25-40t,1188.7,20,23773.5,46472.28,31.02,950.94,6787.8,0.04,2.0,Haversine x1.30 circuity factor (Ballou et al. 2002 / Wang & Wu 2018)
Pune,Chennai,Rail,General Goods,Freight Rake,1051.5,20,21030.4,27511.17,28.66,222.92,1591.22,0.0106,1.36,ESTIMATED: Haversine x1.15 circuity (no direct train match found)
Pune,Chennai,Air,General Goods,Belly Cargo (Domestic),960.1,20,19201.7,265934.61,6.57,30338.62,216557.07,1.58,14.0,Haversine x1.05 (ICAO GCD-consistent methodology)
Pune,Chennai,Road,General Goods,>40t,1188.7,50,59433.7,113769.83,32.76,2377.35,16969.51,0.04,2.0,Haversine x1.30 circuity factor (Ballou et al. 2002 / Wang & Wu 2018)
Pune,Chennai,Rail,General Goods,Freight Rake,1051.5,50,52576.0,71402.64,28.26,557.31,3978.05,0.0106,1.36,ESTIMATED: Haversine x1.15 circuity (no direct train match found)
Pune,Chennai,Air,General Goods,Belly Cargo (Domestic),960.1,50,48004.1,719482.0,6.16,75846.55,541392.68,1.58,14.0,Haversine x1.05 (ICAO GCD-consistent methodology)
Pune,Chennai,Road,Automobile Parts,12-16t,1188.7,5,5943.4,34922.4,30.45,297.17,2121.19,0.05,2.94,Haversine x1.30 circuity factor (Ballou et al. 2002 / Wang & Wu 2018)
Pune,Chennai,Rail,Automobile Parts,Freight Rake,1051.5,5,5257.6,12362.35,29.9,55.73,397.8,0.0106,1.36,ESTIMATED: Haversine x1.15 circuity (no direct train match found)
Pune,Chennai,Air,Automobile Parts,Belly Cargo (Domestic),960.1,5,4800.4,132994.37,6.07,7584.66,54139.27,1.58,14.0,Haversine x1.05 (ICAO GCD-consistent methodology)
Pune,Chennai,Road,Automobile Parts,12-16t,1188.7,10,11886.7,62713.01,28.58,594.34,4242.38,0.05,2.94,Haversine x1.30 circuity factor (Ballou et al. 2002 / Wang & Wu 2018)
Pune,Chennai,Rail,Automobile Parts,Freight Rake,1051.5,10,10515.2,26649.14,30.52,111.46,795.61,0.0106,1.36,ESTIMATED: Haversine x1.15 circuity (no direct train match found)
Pune,Chennai,Air,Automobile Parts,Belly Cargo (Domestic),960.1,10,9600.8,266279.38,6.36,15169.31,108278.54,1.58,14.0,Haversine x1.05 (ICAO GCD-consistent methodology)
Pune,Chennai,Road,Automobile Parts,25-40t,1188.7,20,23773.5,95531.15,31.39,950.94,6787.8,0.04,2.0,Haversine x1.30 circuity factor (Ballou et al. 2002 / Wang & Wu 2018)
Pune,Chennai,Rail,Automobile Parts,Freight Rake,1051.5,20,21030.4,55428.83,29.39,222.92,1591.22,0.0106,1.36,ESTIMATED: Haversine x1.15 circuity (no direct train match found)
Pune,Chennai,Air,Automobile Parts,Belly Cargo (Domestic),960.1,20,19201.7,459910.39,5.98,30338.62,216557.07,1.58,14.0,Haversine x1.05 (ICAO GCD-consistent methodology)
Pune,Chennai,Road,Automobile Parts,>40t,1188.7,50,59433.7,204132.46,32.14,2377.35,16969.51,0.04,2.0,Haversine x1.30 circuity factor (Ballou et al. 2002 / Wang & Wu 2018)
Pune,Chennai,Rail,Automobile Parts,Freight Rake,1051.5,50,52576.0,122321.03,29.53,557.31,3978.05,0.0106,1.36,ESTIMATED: Haversine x1.15 circuity (no direct train match found)
Pune,Chennai,Air,Automobile Parts,Belly Cargo (Domestic),960.1,50,48004.1,1211365.08,6.43,75846.55,541392.68,1.58,14.0,Haversine x1.05 (ICAO GCD-consistent methodology)
Pune,Bengaluru,Road,Coal,12-16t,955.8,5,4779.0,8573.97,25.34,238.95,1705.62,0.05,2.94,Haversine x1.30 circuity factor (Ballou et al. 2002 / Wang & Wu 2018)
Pune,Bengaluru,Rail,Coal,Freight Rake,845.5,5,4227.6,3242.77,24.32,44.81,319.87,0.0106,1.36,ESTIMATED: Haversine x1.15 circuity (no direct train match found)
Pune,Bengaluru,Air,Coal,Belly Cargo (Domestic),772.0,5,3859.9,35900.99,6.12,6098.71,43532.57,1.58,14.0,Haversine x1.05 (ICAO GCD-consistent methodology)
Pune,Bengaluru,Road,Coal,12-16t,955.8,10,9558.0,17059.85,25.97,477.9,3411.23,0.05,2.94,Haversine x1.30 circuity factor (Ballou et al. 2002 / Wang & Wu 2018)
Pune,Bengaluru,Rail,Coal,Freight Rake,845.5,10,8455.1,7304.68,23.73,89.62,639.74,0.0106,1.36,ESTIMATED: Haversine x1.15 circuity (no direct train match found)
Pune,Bengaluru,Air,Coal,Belly Cargo (Domestic),772.0,10,7719.9,71446.66,6.07,12197.41,87065.15,1.58,14.0,Haversine x1.05 (ICAO GCD-consistent methodology)
Pune,Bengaluru,Road,Coal,25-40t,955.8,20,19115.9,22860.97,25.61,764.64,5457.97,0.04,2.0,Haversine x1.30 circuity factor (Ballou et al. 2002 / Wang & Wu 2018)
Pune,Bengaluru,Rail,Coal,Freight Rake,845.5,20,16910.2,13545.16,25.73,179.25,1279.47,0.0106,1.36,ESTIMATED: Haversine x1.15 circuity (no direct train match found)
Pune,Bengaluru,Air,Coal,Belly Cargo (Domestic),772.0,20,15439.8,137876.81,6.07,24394.83,174130.3,1.58,14.0,Haversine x1.05 (ICAO GCD-consistent methodology)
Pune,Bengaluru,Road,Coal,>40t,955.8,50,47789.8,54057.96,26.75,1911.59,13644.93,0.04,2.0,Haversine x1.30 circuity factor (Ballou et al. 2002 / Wang & Wu 2018)
Pune,Bengaluru,Rail,Coal,Freight Rake,845.5,50,42275.5,34352.43,25.81,448.12,3198.69,0.0106,1.36,ESTIMATED: Haversine x1.15 circuity (no direct train match found)
Pune,Bengaluru,Air,Coal,Belly Cargo (Domestic),772.0,50,38599.4,297374.3,5.7,60987.07,435325.74,1.58,14.0,Haversine x1.05 (ICAO GCD-consistent methodology)
Pune,Bengaluru,Road,Cement,12-16t,955.8,5,4779.0,7832.01,23.56,238.95,1705.62,0.05,2.94,Haversine x1.30 circuity factor (Ballou et al. 2002 / Wang & Wu 2018)
Pune,Bengaluru,Rail,Cement,Freight Rake,845.5,5,4227.6,3346.22,25.31,44.81,319.87,0.0106,1.36,ESTIMATED: Haversine x1.15 circuity (no direct train match found)
Pune,Bengaluru,Air,Cement,Belly Cargo (Domestic),772.0,5,3859.9,31372.64,6.28,6098.71,43532.57,1.58,14.0,Haversine x1.05 (ICAO GCD-consistent methodology)
Pune,Bengaluru,Road,Cement,12-16t,955.8,10,9558.0,18161.61,26.27,477.9,3411.23,0.05,2.94,Haversine x1.30 circuity factor (Ballou et al. 2002 / Wang & Wu 2018)
Pune,Bengaluru,Rail,Cement,Freight Rake,845.5,10,8455.1,6613.02,25.12,89.62,639.74,0.0106,1.36,ESTIMATED: Haversine x1.15 circuity (no direct train match found)
Pune,Bengaluru,Air,Cement,Belly Cargo (Domestic),772.0,10,7719.9,65397.22,5.7,12197.41,87065.15,1.58,14.0,Haversine x1.05 (ICAO GCD-consistent methodology)
Pune,Bengaluru,Road,Cement,25-40t,955.8,20,19115.9,21997.75,25.03,764.64,5457.97,0.04,2.0,Haversine x1.30 circuity factor (Ballou et al. 2002 / Wang & Wu 2018)
Pune,Bengaluru,Rail,Cement,Freight Rake,845.5,20,16910.2,13781.41,23.97,179.25,1279.47,0.0106,1.36,ESTIMATED: Haversine x1.15 circuity (no direct train match found)
Pune,Bengaluru,Air,Cement,Belly Cargo (Domestic),772.0,20,15439.8,140913.54,5.72,24394.83,174130.3,1.58,14.0,Haversine x1.05 (ICAO GCD-consistent methodology)
Pune,Bengaluru,Road,Cement,>40t,955.8,50,47789.8,59069.68,25.77,1911.59,13644.93,0.04,2.0,Haversine x1.30 circuity factor (Ballou et al. 2002 / Wang & Wu 2018)
Pune,Bengaluru,Rail,Cement,Freight Rake,845.5,50,42275.5,35018.7,25.64,448.12,3198.69,0.0106,1.36,ESTIMATED: Haversine x1.15 circuity (no direct train match found)
Pune,Bengaluru,Air,Cement,Belly Cargo (Domestic),772.0,50,38599.4,327813.25,6.2,60987.07,435325.74,1.58,14.0,Haversine x1.05 (ICAO GCD-consistent methodology)
Pune,Bengaluru,Road,Containerized Goods,12-16t,955.8,5,4779.0,16338.77,23.08,238.95,1705.62,0.05,2.94,Haversine x1.30 circuity factor (Ballou et al. 2002 / Wang & Wu 2018)
Pune,Bengaluru,Rail,Containerized Goods,Freight Rake,845.5,5,4227.6,7549.41,24.98,44.81,319.87,0.0106,1.36,ESTIMATED: Haversine x1.15 circuity (no direct train match found)
Pune,Bengaluru,Air,Containerized Goods,Belly Cargo (Domestic),772.0,5,3859.9,71483.58,6.16,6098.71,43532.57,1.58,14.0,Haversine x1.05 (ICAO GCD-consistent methodology)
Pune,Bengaluru,Road,Containerized Goods,12-16t,955.8,10,9558.0,35478.96,25.45,477.9,3411.23,0.05,2.94,Haversine x1.30 circuity factor (Ballou et al. 2002 / Wang & Wu 2018)
Pune,Bengaluru,Rail,Containerized Goods,Freight Rake,845.5,10,8455.1,14760.02,25.1,89.62,639.74,0.0106,1.36,ESTIMATED: Haversine x1.15 circuity (no direct train match found)
Pune,Bengaluru,Air,Containerized Goods,Belly Cargo (Domestic),772.0,10,7719.9,132935.05,6.29,12197.41,87065.15,1.58,14.0,Haversine x1.05 (ICAO GCD-consistent methodology)
Pune,Bengaluru,Road,Containerized Goods,25-40t,955.8,20,19115.9,48922.19,26.11,764.64,5457.97,0.04,2.0,Haversine x1.30 circuity factor (Ballou et al. 2002 / Wang & Wu 2018)
Pune,Bengaluru,Rail,Containerized Goods,Freight Rake,845.5,20,16910.2,30403.33,24.29,179.25,1279.47,0.0106,1.36,ESTIMATED: Haversine x1.15 circuity (no direct train match found)
Pune,Bengaluru,Air,Containerized Goods,Belly Cargo (Domestic),772.0,20,15439.8,253841.37,5.65,24394.83,174130.3,1.58,14.0,Haversine x1.05 (ICAO GCD-consistent methodology)
Pune,Bengaluru,Road,Containerized Goods,>40t,955.8,50,47789.8,121241.71,24.83,1911.59,13644.93,0.04,2.0,Haversine x1.30 circuity factor (Ballou et al. 2002 / Wang & Wu 2018)
Pune,Bengaluru,Rail,Containerized Goods,Freight Rake,845.5,50,42275.5,70327.26,25.05,448.12,3198.69,0.0106,1.36,ESTIMATED: Haversine x1.15 circuity (no direct train match found)
Pune,Bengaluru,Air,Containerized Goods,Belly Cargo (Domestic),772.0,50,38599.4,667854.66,6.12,60987.07,435325.74,1.58,14.0,Haversine x1.05 (ICAO GCD-consistent methodology)
Pune,Bengaluru,Road,General Goods,12-16t,955.8,5,4779.0,14708.3,26.33,238.95,1705.62,0.05,2.94,Haversine x1.30 circuity factor (Ballou et al. 2002 / Wang & Wu 2018)
Pune,Bengaluru,Rail,General Goods,Freight Rake,845.5,5,4227.6,6186.78,23.87,44.81,319.87,0.0106,1.36,ESTIMATED: Haversine x1.15 circuity (no direct train match found)
Pune,Bengaluru,Air,General Goods,Belly Cargo (Domestic),772.0,5,3859.9,52640.0,6.01,6098.71,43532.57,1.58,14.0,Haversine x1.05 (ICAO GCD-consistent methodology)
Pune,Bengaluru,Road,General Goods,12-16t,955.8,10,9558.0,27083.79,24.76,477.9,3411.23,0.05,2.94,Haversine x1.30 circuity factor (Ballou et al. 2002 / Wang & Wu 2018)
Pune,Bengaluru,Rail,General Goods,Freight Rake,845.5,10,8455.1,11071.14,24.16,89.62,639.74,0.0106,1.36,ESTIMATED: Haversine x1.15 circuity (no direct train match found)
Pune,Bengaluru,Air,General Goods,Belly Cargo (Domestic),772.0,10,7719.9,99363.17,5.81,12197.41,87065.15,1.58,14.0,Haversine x1.05 (ICAO GCD-consistent methodology)
Pune,Bengaluru,Road,General Goods,25-40t,955.8,20,19115.9,37345.97,25.35,764.64,5457.97,0.04,2.0,Haversine x1.30 circuity factor (Ballou et al. 2002 / Wang & Wu 2018)
Pune,Bengaluru,Rail,General Goods,Freight Rake,845.5,20,16910.2,22071.62,25.69,179.25,1279.47,0.0106,1.36,ESTIMATED: Haversine x1.15 circuity (no direct train match found)
Pune,Bengaluru,Air,General Goods,Belly Cargo (Domestic),772.0,20,15439.8,201445.08,5.84,24394.83,174130.3,1.58,14.0,Haversine x1.05 (ICAO GCD-consistent methodology)
Pune,Bengaluru,Road,General Goods,>40t,955.8,50,47789.8,97064.56,24.15,1911.59,13644.93,0.04,2.0,Haversine x1.30 circuity factor (Ballou et al. 2002 / Wang & Wu 2018)
Pune,Bengaluru,Rail,General Goods,Freight Rake,845.5,50,42275.5,59915.24,24.78,448.12,3198.69,0.0106,1.36,ESTIMATED: Haversine x1.15 circuity (no direct train match found)
Pune,Bengaluru,Air,General Goods,Belly Cargo (Domestic),772.0,50,38599.4,541983.24,5.96,60987.07,435325.74,1.58,14.0,Haversine x1.05 (ICAO GCD-consistent methodology)
Pune,Bengaluru,Road,Automobile Parts,12-16t,955.8,5,4779.0,25011.04,23.0,238.95,1705.62,0.05,2.94,Haversine x1.30 circuity factor (Ballou et al. 2002 / Wang & Wu 2018)
Pune,Bengaluru,Rail,Automobile Parts,Freight Rake,845.5,5,4227.6,11400.4,24.8,44.81,319.87,0.0106,1.36,ESTIMATED: Haversine x1.15 circuity (no direct train match found)
Pune,Bengaluru,Air,Automobile Parts,Belly Cargo (Domestic),772.0,5,3859.9,109362.73,5.76,6098.71,43532.57,1.58,14.0,Haversine x1.05 (ICAO GCD-consistent methodology)
Pune,Bengaluru,Road,Automobile Parts,12-16t,955.8,10,9558.0,50483.49,23.1,477.9,3411.23,0.05,2.94,Haversine x1.30 circuity factor (Ballou et al. 2002 / Wang & Wu 2018)
Pune,Bengaluru,Rail,Automobile Parts,Freight Rake,845.5,10,8455.1,21267.17,25.74,89.62,639.74,0.0106,1.36,ESTIMATED: Haversine x1.15 circuity (no direct train match found)
Pune,Bengaluru,Air,Automobile Parts,Belly Cargo (Domestic),772.0,10,7719.9,206225.08,5.94,12197.41,87065.15,1.58,14.0,Haversine x1.05 (ICAO GCD-consistent methodology)
Pune,Bengaluru,Road,Automobile Parts,25-40t,955.8,20,19115.9,71286.36,26.28,764.64,5457.97,0.04,2.0,Haversine x1.30 circuity factor (Ballou et al. 2002 / Wang & Wu 2018)
Pune,Bengaluru,Rail,Automobile Parts,Freight Rake,845.5,20,16910.2,42098.66,25.74,179.25,1279.47,0.0106,1.36,ESTIMATED: Haversine x1.15 circuity (no direct train match found)
Pune,Bengaluru,Air,Automobile Parts,Belly Cargo (Domestic),772.0,20,15439.8,418311.56,6.15,24394.83,174130.3,1.58,14.0,Haversine x1.05 (ICAO GCD-consistent methodology)
Pune,Bengaluru,Road,Automobile Parts,>40t,955.8,50,47789.8,172174.05,24.5,1911.59,13644.93,0.04,2.0,Haversine x1.30 circuity factor (Ballou et al. 2002 / Wang & Wu 2018)
Pune,Bengaluru,Rail,Automobile Parts,Freight Rake,845.5,50,42275.5,107619.51,24.03,448.12,3198.69,0.0106,1.36,ESTIMATED: Haversine x1.15 circuity (no direct train match found)
Pune,Bengaluru,Air,Automobile Parts,Belly Cargo (Domestic),772.0,50,38599.4,1010912.64,5.66,60987.07,435325.74,1.58,14.0,Haversine x1.05 (ICAO GCD-consistent methodology)
Pune,Hyderabad,Road,Coal,12-16t,657.5,5,3287.4,5842.61,18.17,164.37,1173.27,0.05,2.94,Haversine x1.30 circuity factor (Ballou et al. 2002 / Wang & Wu 2018)
Pune,Hyderabad,Rail,Coal,Freight Rake,649,5,3245,2571.63,21.24,34.4,245.53,0.0106,1.36,REAL: uploaded Indian Railways dataset (train: Pune-Hyderabad Express)
Pune,Hyderabad,Air,Coal,Belly Cargo (Domestic),531.0,5,2655.2,23262.53,5.4,4195.23,29945.55,1.58,14.0,Haversine x1.05 (ICAO GCD-consistent methodology)
Pune,Hyderabad,Road,Coal,12-16t,657.5,10,6574.8,12784.62,17.14,328.74,2346.55,0.05,2.94,Haversine x1.30 circuity factor (Ballou et al. 2002 / Wang & Wu 2018)
Pune,Hyderabad,Rail,Coal,Freight Rake,649,10,6490,5582.69,19.92,68.79,491.05,0.0106,1.36,REAL: uploaded Indian Railways dataset (train: Pune-Hyderabad Express)
Pune,Hyderabad,Air,Coal,Belly Cargo (Domestic),531.0,10,5310.4,48847.08,5.84,8390.46,59891.11,1.58,14.0,Haversine x1.05 (ICAO GCD-consistent methodology)
Pune,Hyderabad,Road,Coal,25-40t,657.5,20,13149.6,14928.65,17.46,525.98,3754.48,0.04,2.0,Haversine x1.30 circuity factor (Ballou et al. 2002 / Wang & Wu 2018)
Pune,Hyderabad,Rail,Coal,Freight Rake,649,20,12980,10662.42,19.33,137.59,982.1,0.0106,1.36,REAL: uploaded Indian Railways dataset (train: Pune-Hyderabad Express)
Pune,Hyderabad,Air,Coal,Belly Cargo (Domestic),531.0,20,10620.8,83290.26,5.55,16780.92,119782.22,1.58,14.0,Haversine x1.05 (ICAO GCD-consistent methodology)
Pune,Hyderabad,Road,Coal,>40t,657.5,50,32874.0,39503.28,17.32,1314.96,9386.19,0.04,2.0,Haversine x1.30 circuity factor (Ballou et al. 2002 / Wang & Wu 2018)
Pune,Hyderabad,Rail,Coal,Freight Rake,649,50,32450,27108.92,20.28,343.97,2455.26,0.0106,1.36,REAL: uploaded Indian Railways dataset (train: Pune-Hyderabad Express)
Pune,Hyderabad,Air,Coal,Belly Cargo (Domestic),531.0,50,26552.1,216799.31,5.74,41952.3,299455.55,1.58,14.0,Haversine x1.05 (ICAO GCD-consistent methodology)
Pune,Hyderabad,Road,Cement,12-16t,657.5,5,3287.4,5398.54,18.81,164.37,1173.27,0.05,2.94,Haversine x1.30 circuity factor (Ballou et al. 2002 / Wang & Wu 2018)
Pune,Hyderabad,Rail,Cement,Freight Rake,649,5,3245,2744.73,19.84,34.4,245.53,0.0106,1.36,REAL: uploaded Indian Railways dataset (train: Pune-Hyderabad Express)
Pune,Hyderabad,Air,Cement,Belly Cargo (Domestic),531.0,5,2655.2,21537.9,5.89,4195.23,29945.55,1.58,14.0,Haversine x1.05 (ICAO GCD-consistent methodology)
Pune,Hyderabad,Road,Cement,12-16t,657.5,10,6574.8,11653.51,18.02,328.74,2346.55,0.05,2.94,Haversine x1.30 circuity factor (Ballou et al. 2002 / Wang & Wu 2018)
Pune,Hyderabad,Rail,Cement,Freight Rake,649,10,6490,5117.65,20.89,68.79,491.05,0.0106,1.36,REAL: uploaded Indian Railways dataset (train: Pune-Hyderabad Express)
Pune,Hyderabad,Air,Cement,Belly Cargo (Domestic),531.0,10,5310.4,43360.68,5.78,8390.46,59891.11,1.58,14.0,Haversine x1.05 (ICAO GCD-consistent methodology)
Pune,Hyderabad,Road,Cement,25-40t,657.5,20,13149.6,17265.22,17.67,525.98,3754.48,0.04,2.0,Haversine x1.30 circuity factor (Ballou et al. 2002 / Wang & Wu 2018)
Pune,Hyderabad,Rail,Cement,Freight Rake,649,20,12980,11076.09,20.71,137.59,982.1,0.0106,1.36,REAL: uploaded Indian Railways dataset (train: Pune-Hyderabad Express)
Pune,Hyderabad,Air,Cement,Belly Cargo (Domestic),531.0,20,10620.8,92416.01,5.34,16780.92,119782.22,1.58,14.0,Haversine x1.05 (ICAO GCD-consistent methodology)
Pune,Hyderabad,Road,Cement,>40t,657.5,50,32874.0,39182.93,18.74,1314.96,9386.19,0.04,2.0,Haversine x1.30 circuity factor (Ballou et al. 2002 / Wang & Wu 2018)
Pune,Hyderabad,Rail,Cement,Freight Rake,649,50,32450,27631.64,20.81,343.97,2455.26,0.0106,1.36,REAL: uploaded Indian Railways dataset (train: Pune-Hyderabad Express)
Pune,Hyderabad,Air,Cement,Belly Cargo (Domestic),531.0,50,26552.1,226123.14,5.81,41952.3,299455.55,1.58,14.0,Haversine x1.05 (ICAO GCD-consistent methodology)
Pune,Hyderabad,Road,Containerized Goods,12-16t,657.5,5,3287.4,12617.11,16.52,164.37,1173.27,0.05,2.94,Haversine x1.30 circuity factor (Ballou et al. 2002 / Wang & Wu 2018)
Pune,Hyderabad,Rail,Containerized Goods,Freight Rake,649,5,3245,5783.53,20.49,34.4,245.53,0.0106,1.36,REAL: uploaded Indian Railways dataset (train: Pune-Hyderabad Express)
Pune,Hyderabad,Air,Containerized Goods,Belly Cargo (Domestic),531.0,5,2655.2,50986.82,5.42,4195.23,29945.55,1.58,14.0,Haversine x1.05 (ICAO GCD-consistent methodology)
Pune,Hyderabad,Road,Containerized Goods,12-16t,657.5,10,6574.8,25716.74,16.13,328.74,2346.55,0.05,2.94,Haversine x1.30 circuity factor (Ballou et al. 2002 / Wang & Wu 2018)
Pune,Hyderabad,Rail,Containerized Goods,Freight Rake,649,10,6490,12145.83,19.46,68.79,491.05,0.0106,1.36,REAL: uploaded Indian Railways dataset (train: Pune-Hyderabad Express)
Pune,Hyderabad,Air,Containerized Goods,Belly Cargo (Domestic),531.0,10,5310.4,86275.62,5.54,8390.46,59891.11,1.58,14.0,Haversine x1.05 (ICAO GCD-consistent methodology)
Pune,Hyderabad,Road,Containerized Goods,25-40t,657.5,20,13149.6,31414.08,17.97,525.98,3754.48,0.04,2.0,Haversine x1.30 circuity factor (Ballou et al. 2002 / Wang & Wu 2018)
Pune,Hyderabad,Rail,Containerized Goods,Freight Rake,649,20,12980,22341.17,20.81,137.59,982.1,0.0106,1.36,REAL: uploaded Indian Railways dataset (train: Pune-Hyderabad Express)
Pune,Hyderabad,Air,Containerized Goods,Belly Cargo (Domestic),531.0,20,10620.8,206977.34,5.92,16780.92,119782.22,1.58,14.0,Haversine x1.05 (ICAO GCD-consistent methodology)
Pune,Hyderabad,Road,Containerized Goods,>40t,657.5,50,32874.0,88402.38,16.22,1314.96,9386.19,0.04,2.0,Haversine x1.30 circuity factor (Ballou et al. 2002 / Wang & Wu 2018)
Pune,Hyderabad,Rail,Containerized Goods,Freight Rake,649,50,32450,53384.17,19.66,343.97,2455.26,0.0106,1.36,REAL: uploaded Indian Railways dataset (train: Pune-Hyderabad Express)
Pune,Hyderabad,Air,Containerized Goods,Belly Cargo (Domestic),531.0,50,26552.1,460599.61,5.77,41952.3,299455.55,1.58,14.0,Haversine x1.05 (ICAO GCD-consistent methodology)
Pune,Hyderabad,Road,General Goods,12-16t,657.5,5,3287.4,9714.21,16.92,164.37,1173.27,0.05,2.94,Haversine x1.30 circuity factor (Ballou et al. 2002 / Wang & Wu 2018)
Pune,Hyderabad,Rail,General Goods,Freight Rake,649,5,3245,4182.43,21.08,34.4,245.53,0.0106,1.36,REAL: uploaded Indian Railways dataset (train: Pune-Hyderabad Express)
Pune,Hyderabad,Air,General Goods,Belly Cargo (Domestic),531.0,5,2655.2,36000.69,5.56,4195.23,29945.55,1.58,14.0,Haversine x1.05 (ICAO GCD-consistent methodology)
Pune,Hyderabad,Road,General Goods,12-16t,657.5,10,6574.8,20381.43,18.05,328.74,2346.55,0.05,2.94,Haversine x1.30 circuity factor (Ballou et al. 2002 / Wang & Wu 2018)
Pune,Hyderabad,Rail,General Goods,Freight Rake,649,10,6490,9028.78,20.64,68.79,491.05,0.0106,1.36,REAL: uploaded Indian Railways dataset (train: Pune-Hyderabad Express)
Pune,Hyderabad,Air,General Goods,Belly Cargo (Domestic),531.0,10,5310.4,75982.6,5.45,8390.46,59891.11,1.58,14.0,Haversine x1.05 (ICAO GCD-consistent methodology)
Pune,Hyderabad,Road,General Goods,25-40t,657.5,20,13149.6,24965.94,17.6,525.98,3754.48,0.04,2.0,Haversine x1.30 circuity factor (Ballou et al. 2002 / Wang & Wu 2018)
Pune,Hyderabad,Rail,General Goods,Freight Rake,649,20,12980,16875.7,21.21,137.59,982.1,0.0106,1.36,REAL: uploaded Indian Railways dataset (train: Pune-Hyderabad Express)
Pune,Hyderabad,Air,General Goods,Belly Cargo (Domestic),531.0,20,10620.8,142673.1,5.52,16780.92,119782.22,1.58,14.0,Haversine x1.05 (ICAO GCD-consistent methodology)
Pune,Hyderabad,Road,General Goods,>40t,657.5,50,32874.0,61898.85,18.01,1314.96,9386.19,0.04,2.0,Haversine x1.30 circuity factor (Ballou et al. 2002 / Wang & Wu 2018)
Pune,Hyderabad,Rail,General Goods,Freight Rake,649,50,32450,42840.1,19.94,343.97,2455.26,0.0106,1.36,REAL: uploaded Indian Railways dataset (train: Pune-Hyderabad Express)
Pune,Hyderabad,Air,General Goods,Belly Cargo (Domestic),531.0,50,26552.1,403973.1,5.86,41952.3,299455.55,1.58,14.0,Haversine x1.05 (ICAO GCD-consistent methodology)
Pune,Hyderabad,Road,Automobile Parts,12-16t,657.5,5,3287.4,17079.28,16.38,164.37,1173.27,0.05,2.94,Haversine x1.30 circuity factor (Ballou et al. 2002 / Wang & Wu 2018)
Pune,Hyderabad,Rail,Automobile Parts,Freight Rake,649,5,3245,8399.68,20.01,34.4,245.53,0.0106,1.36,REAL: uploaded Indian Railways dataset (train: Pune-Hyderabad Express)
Pune,Hyderabad,Air,Automobile Parts,Belly Cargo (Domestic),531.0,5,2655.2,75414.78,5.88,4195.23,29945.55,1.58,14.0,Haversine x1.05 (ICAO GCD-consistent methodology)
Pune,Hyderabad,Road,Automobile Parts,12-16t,657.5,10,6574.8,39032.84,18.29,328.74,2346.55,0.05,2.94,Haversine x1.30 circuity factor (Ballou et al. 2002 / Wang & Wu 2018)
Pune,Hyderabad,Rail,Automobile Parts,Freight Rake,649,10,6490,15789.9,19.82,68.79,491.05,0.0106,1.36,REAL: uploaded Indian Railways dataset (train: Pune-Hyderabad Express)
Pune,Hyderabad,Air,Automobile Parts,Belly Cargo (Domestic),531.0,10,5310.4,143507.95,5.56,8390.46,59891.11,1.58,14.0,Haversine x1.05 (ICAO GCD-consistent methodology)
Pune,Hyderabad,Road,Automobile Parts,25-40t,657.5,20,13149.6,48118.82,16.76,525.98,3754.48,0.04,2.0,Haversine x1.30 circuity factor (Ballou et al. 2002 / Wang & Wu 2018)
Pune,Hyderabad,Rail,Automobile Parts,Freight Rake,649,20,12980,32565.96,19.65,137.59,982.1,0.0106,1.36,REAL: uploaded Indian Railways dataset (train: Pune-Hyderabad Express)
Pune,Hyderabad,Air,Automobile Parts,Belly Cargo (Domestic),531.0,20,10620.8,277351.91,5.96,16780.92,119782.22,1.58,14.0,Haversine x1.05 (ICAO GCD-consistent methodology)
Pune,Hyderabad,Road,Automobile Parts,>40t,657.5,50,32874.0,126474.41,16.43,1314.96,9386.19,0.04,2.0,Haversine x1.30 circuity factor (Ballou et al. 2002 / Wang & Wu 2018)
Pune,Hyderabad,Rail,Automobile Parts,Freight Rake,649,50,32450,83200.25,20.43,343.97,2455.26,0.0106,1.36,REAL: uploaded Indian Railways dataset (train: Pune-Hyderabad Express)
Pune,Hyderabad,Air,Automobile Parts,Belly Cargo (Domestic),531.0,50,26552.1,652629.47,5.78,41952.3,299455.55,1.58,14.0,Haversine x1.05 (ICAO GCD-consistent methodology)
Ahmedabad,Chennai,Road,Coal,12-16t,1783.4,5,8916.8,15932.32,46.59,445.84,3182.39,0.05,2.94,Haversine x1.30 circuity factor (Ballou et al. 2002 / Wang & Wu 2018)
Ahmedabad,Chennai,Rail,Coal,Freight Rake,1893,5,9465,7218.23,39.24,100.33,716.15,0.0106,1.36,REAL: uploaded Indian Railways dataset (train: Navjeevan Express)
Ahmedabad,Chennai,Air,Coal,Belly Cargo (Domestic),1440.4,5,7202.0,63547.51,6.47,11379.15,81224.41,1.58,14.0,Haversine x1.05 (ICAO GCD-consistent methodology)
Ahmedabad,Chennai,Road,Coal,12-16t,1783.4,10,17833.5,33382.97,41.97,891.68,6364.78,0.05,2.94,Haversine x1.30 circuity factor (Ballou et al. 2002 / Wang & Wu 2018)
Ahmedabad,Chennai,Rail,Coal,Freight Rake,1893,10,18930,15675.14,41.28,200.66,1432.3,0.0106,1.36,REAL: uploaded Indian Railways dataset (train: Navjeevan Express)
Ahmedabad,Chennai,Air,Coal,Belly Cargo (Domestic),1440.4,10,14404.0,119532.43,7.16,22758.31,162448.82,1.58,14.0,Haversine x1.05 (ICAO GCD-consistent methodology)
Ahmedabad,Chennai,Road,Coal,25-40t,1783.4,20,35667.0,46346.5,45.42,1426.68,10183.65,0.04,2.0,Haversine x1.30 circuity factor (Ballou et al. 2002 / Wang & Wu 2018)
Ahmedabad,Chennai,Rail,Coal,Freight Rake,1893,20,37860,29604.22,41.42,401.32,2864.59,0.0106,1.36,REAL: uploaded Indian Railways dataset (train: Navjeevan Express)
Ahmedabad,Chennai,Air,Coal,Belly Cargo (Domestic),1440.4,20,28808.0,234887.62,6.92,45516.62,324897.63,1.58,14.0,Haversine x1.05 (ICAO GCD-consistent methodology)
Ahmedabad,Chennai,Road,Coal,>40t,1783.4,50,89167.6,116502.58,42.59,3566.7,25459.13,0.04,2.0,Haversine x1.30 circuity factor (Ballou et al. 2002 / Wang & Wu 2018)
Ahmedabad,Chennai,Rail,Coal,Freight Rake,1893,50,94650,78671.51,39.72,1003.29,7161.48,0.0106,1.36,REAL: uploaded Indian Railways dataset (train: Navjeevan Express)
Ahmedabad,Chennai,Air,Coal,Belly Cargo (Domestic),1440.4,50,72020.0,636176.62,7.16,113791.55,812244.08,1.58,14.0,Haversine x1.05 (ICAO GCD-consistent methodology)
Ahmedabad,Chennai,Road,Cement,12-16t,1783.4,5,8916.8,17000.73,43.21,445.84,3182.39,0.05,2.94,Haversine x1.30 circuity factor (Ballou et al. 2002 / Wang & Wu 2018)
Ahmedabad,Chennai,Rail,Cement,Freight Rake,1893,5,9465,8182.14,38.3,100.33,716.15,0.0106,1.36,REAL: uploaded Indian Railways dataset (train: Navjeevan Express)
Ahmedabad,Chennai,Air,Cement,Belly Cargo (Domestic),1440.4,5,7202.0,65464.79,7.21,11379.15,81224.41,1.58,14.0,Haversine x1.05 (ICAO GCD-consistent methodology)
Ahmedabad,Chennai,Road,Cement,12-16t,1783.4,10,17833.5,30758.9,45.55,891.68,6364.78,0.05,2.94,Haversine x1.30 circuity factor (Ballou et al. 2002 / Wang & Wu 2018)
Ahmedabad,Chennai,Rail,Cement,Freight Rake,1893,10,18930,16498.42,41.41,200.66,1432.3,0.0106,1.36,REAL: uploaded Indian Railways dataset (train: Navjeevan Express)
Ahmedabad,Chennai,Air,Cement,Belly Cargo (Domestic),1440.4,10,14404.0,131084.32,7.11,22758.31,162448.82,1.58,14.0,Haversine x1.05 (ICAO GCD-consistent methodology)
Ahmedabad,Chennai,Road,Cement,25-40t,1783.4,20,35667.0,38535.39,46.08,1426.68,10183.65,0.04,2.0,Haversine x1.30 circuity factor (Ballou et al. 2002 / Wang & Wu 2018)
Ahmedabad,Chennai,Rail,Cement,Freight Rake,1893,20,37860,28904.39,41.5,401.32,2864.59,0.0106,1.36,REAL: uploaded Indian Railways dataset (train: Navjeevan Express)
Ahmedabad,Chennai,Air,Cement,Belly Cargo (Domestic),1440.4,20,28808.0,231174.5,7.2,45516.62,324897.63,1.58,14.0,Haversine x1.05 (ICAO GCD-consistent methodology)
Ahmedabad,Chennai,Road,Cement,>40t,1783.4,50,89167.6,107747.86,45.54,3566.7,25459.13,0.04,2.0,Haversine x1.30 circuity factor (Ballou et al. 2002 / Wang & Wu 2018)
Ahmedabad,Chennai,Rail,Cement,Freight Rake,1893,50,94650,82516.16,40.97,1003.29,7161.48,0.0106,1.36,REAL: uploaded Indian Railways dataset (train: Navjeevan Express)
Ahmedabad,Chennai,Air,Cement,Belly Cargo (Domestic),1440.4,50,72020.0,600096.62,6.55,113791.55,812244.08,1.58,14.0,Haversine x1.05 (ICAO GCD-consistent methodology)
Ahmedabad,Chennai,Road,Containerized Goods,12-16t,1783.4,5,8916.8,31052.71,43.12,445.84,3182.39,0.05,2.94,Haversine x1.30 circuity factor (Ballou et al. 2002 / Wang & Wu 2018)
Ahmedabad,Chennai,Rail,Containerized Goods,Freight Rake,1893,5,9465,16419.51,38.62,100.33,716.15,0.0106,1.36,REAL: uploaded Indian Railways dataset (train: Navjeevan Express)
Ahmedabad,Chennai,Air,Containerized Goods,Belly Cargo (Domestic),1440.4,5,7202.0,121337.97,6.99,11379.15,81224.41,1.58,14.0,Haversine x1.05 (ICAO GCD-consistent methodology)
Ahmedabad,Chennai,Road,Containerized Goods,12-16t,1783.4,10,17833.5,71235.75,46.08,891.68,6364.78,0.05,2.94,Haversine x1.30 circuity factor (Ballou et al. 2002 / Wang & Wu 2018)
Ahmedabad,Chennai,Rail,Containerized Goods,Freight Rake,1893,10,18930,34417.09,38.3,200.66,1432.3,0.0106,1.36,REAL: uploaded Indian Railways dataset (train: Navjeevan Express)
Ahmedabad,Chennai,Air,Containerized Goods,Belly Cargo (Domestic),1440.4,10,14404.0,277369.32,7.12,22758.31,162448.82,1.58,14.0,Haversine x1.05 (ICAO GCD-consistent methodology)
Ahmedabad,Chennai,Road,Containerized Goods,25-40t,1783.4,20,35667.0,97582.93,45.7,1426.68,10183.65,0.04,2.0,Haversine x1.30 circuity factor (Ballou et al. 2002 / Wang & Wu 2018)
Ahmedabad,Chennai,Rail,Containerized Goods,Freight Rake,1893,20,37860,61741.15,40.25,401.32,2864.59,0.0106,1.36,REAL: uploaded Indian Railways dataset (train: Navjeevan Express)
Ahmedabad,Chennai,Air,Containerized Goods,Belly Cargo (Domestic),1440.4,20,28808.0,485205.02,6.51,45516.62,324897.63,1.58,14.0,Haversine x1.05 (ICAO GCD-consistent methodology)
Ahmedabad,Chennai,Road,Containerized Goods,>40t,1783.4,50,89167.6,220903.92,43.75,3566.7,25459.13,0.04,2.0,Haversine x1.30 circuity factor (Ballou et al. 2002 / Wang & Wu 2018)
Ahmedabad,Chennai,Rail,Containerized Goods,Freight Rake,1893,50,94650,158955.57,38.54,1003.29,7161.48,0.0106,1.36,REAL: uploaded Indian Railways dataset (train: Navjeevan Express)
Ahmedabad,Chennai,Air,Containerized Goods,Belly Cargo (Domestic),1440.4,50,72020.0,1360335.19,7.17,113791.55,812244.08,1.58,14.0,Haversine x1.05 (ICAO GCD-consistent methodology)
Ahmedabad,Chennai,Road,General Goods,12-16t,1783.4,5,8916.8,25176.86,47.21,445.84,3182.39,0.05,2.94,Haversine x1.30 circuity factor (Ballou et al. 2002 / Wang & Wu 2018)
Ahmedabad,Chennai,Rail,General Goods,Freight Rake,1893,5,9465,11866.16,40.19,100.33,716.15,0.0106,1.36,REAL: uploaded Indian Railways dataset (train: Navjeevan Express)
Ahmedabad,Chennai,Air,General Goods,Belly Cargo (Domestic),1440.4,5,7202.0,104715.25,6.44,11379.15,81224.41,1.58,14.0,Haversine x1.05 (ICAO GCD-consistent methodology)
Ahmedabad,Chennai,Road,General Goods,12-16t,1783.4,10,17833.5,48427.2,44.17,891.68,6364.78,0.05,2.94,Haversine x1.30 circuity factor (Ballou et al. 2002 / Wang & Wu 2018)
Ahmedabad,Chennai,Rail,General Goods,Freight Rake,1893,10,18930,25355.2,39.59,200.66,1432.3,0.0106,1.36,REAL: uploaded Indian Railways dataset (train: Navjeevan Express)
Ahmedabad,Chennai,Air,General Goods,Belly Cargo (Domestic),1440.4,10,14404.0,217591.5,6.97,22758.31,162448.82,1.58,14.0,Haversine x1.05 (ICAO GCD-consistent methodology)
Ahmedabad,Chennai,Road,General Goods,25-40t,1783.4,20,35667.0,68637.32,42.79,1426.68,10183.65,0.04,2.0,Haversine x1.30 circuity factor (Ballou et al. 2002 / Wang & Wu 2018)
Ahmedabad,Chennai,Rail,General Goods,Freight Rake,1893,20,37860,54917.82,38.77,401.32,2864.59,0.0106,1.36,REAL: uploaded Indian Railways dataset (train: Navjeevan Express)
Ahmedabad,Chennai,Air,General Goods,Belly Cargo (Domestic),1440.4,20,28808.0,412557.78,6.57,45516.62,324897.63,1.58,14.0,Haversine x1.05 (ICAO GCD-consistent methodology)
Ahmedabad,Chennai,Road,General Goods,>40t,1783.4,50,89167.6,165265.65,43.05,3566.7,25459.13,0.04,2.0,Haversine x1.30 circuity factor (Ballou et al. 2002 / Wang & Wu 2018)
Ahmedabad,Chennai,Rail,General Goods,Freight Rake,1893,50,94650,133826.31,40.0,1003.29,7161.48,0.0106,1.36,REAL: uploaded Indian Railways dataset (train: Navjeevan Express)
Ahmedabad,Chennai,Air,General Goods,Belly Cargo (Domestic),1440.4,50,72020.0,991309.32,6.84,113791.55,812244.08,1.58,14.0,Haversine x1.05 (ICAO GCD-consistent methodology)
Ahmedabad,Chennai,Road,Automobile Parts,12-16t,1783.4,5,8916.8,48241.35,45.86,445.84,3182.39,0.05,2.94,Haversine x1.30 circuity factor (Ballou et al. 2002 / Wang & Wu 2018)
Ahmedabad,Chennai,Rail,Automobile Parts,Freight Rake,1893,5,9465,24452.39,38.47,100.33,716.15,0.0106,1.36,REAL: uploaded Indian Railways dataset (train: Navjeevan Express)
Ahmedabad,Chennai,Air,Automobile Parts,Belly Cargo (Domestic),1440.4,5,7202.0,177206.31,7.01,11379.15,81224.41,1.58,14.0,Haversine x1.05 (ICAO GCD-consistent methodology)
Ahmedabad,Chennai,Road,Automobile Parts,12-16t,1783.4,10,17833.5,104291.39,42.53,891.68,6364.78,0.05,2.94,Haversine x1.30 circuity factor (Ballou et al. 2002 / Wang & Wu 2018)
Ahmedabad,Chennai,Rail,Automobile Parts,Freight Rake,1893,10,18930,47247.6,40.39,200.66,1432.3,0.0106,1.36,REAL: uploaded Indian Railways dataset (train: Navjeevan Express)
Ahmedabad,Chennai,Air,Automobile Parts,Belly Cargo (Domestic),1440.4,10,14404.0,341769.19,6.85,22758.31,162448.82,1.58,14.0,Haversine x1.05 (ICAO GCD-consistent methodology)
Ahmedabad,Chennai,Road,Automobile Parts,25-40t,1783.4,20,35667.0,120466.32,45.93,1426.68,10183.65,0.04,2.0,Haversine x1.30 circuity factor (Ballou et al. 2002 / Wang & Wu 2018)
Ahmedabad,Chennai,Rail,Automobile Parts,Freight Rake,1893,20,37860,95390.92,39.87,401.32,2864.59,0.0106,1.36,REAL: uploaded Indian Railways dataset (train: Navjeevan Express)
Ahmedabad,Chennai,Air,Automobile Parts,Belly Cargo (Domestic),1440.4,20,28808.0,694251.03,6.66,45516.62,324897.63,1.58,14.0,Haversine x1.05 (ICAO GCD-consistent methodology)
Ahmedabad,Chennai,Road,Automobile Parts,>40t,1783.4,50,89167.6,331441.32,42.78,3566.7,25459.13,0.04,2.0,Haversine x1.30 circuity factor (Ballou et al. 2002 / Wang & Wu 2018)
Ahmedabad,Chennai,Rail,Automobile Parts,Freight Rake,1893,50,94650,227037.17,39.91,1003.29,7161.48,0.0106,1.36,REAL: uploaded Indian Railways dataset (train: Navjeevan Express)
Ahmedabad,Chennai,Air,Automobile Parts,Belly Cargo (Domestic),1440.4,50,72020.0,1713638.25,6.81,113791.55,812244.08,1.58,14.0,Haversine x1.05 (ICAO GCD-consistent methodology)
Ahmedabad,Bengaluru,Road,Coal,12-16t,1608.2,5,8040.8,15160.05,40.9,402.04,2869.76,0.05,2.94,Haversine x1.30 circuity factor (Ballou et al. 2002 / Wang & Wu 2018)
Ahmedabad,Bengaluru,Rail,Coal,Freight Rake,1802,5,9010,7416.86,40.66,95.51,681.72,0.0106,1.36,REAL: uploaded Indian Railways dataset (train: Ahmedabad Bangalore Express)
Ahmedabad,Bengaluru,Air,Coal,Belly Cargo (Domestic),1298.9,5,6494.5,50059.78,6.59,10261.29,73245.06,1.58,14.0,Haversine x1.05 (ICAO GCD-consistent methodology)
Ahmedabad,Bengaluru,Road,Coal,12-16t,1608.2,10,16081.6,30309.95,42.68,804.08,5739.52,0.05,2.94,Haversine x1.30 circuity factor (Ballou et al. 2002 / Wang & Wu 2018)
Ahmedabad,Bengaluru,Rail,Coal,Freight Rake,1802,10,18020,14555.92,42.13,191.01,1363.44,0.0106,1.36,REAL: uploaded Indian Railways dataset (train: Ahmedabad Bangalore Express)
Ahmedabad,Bengaluru,Air,Coal,Belly Cargo (Domestic),1298.9,10,12989.0,115234.3,6.69,20522.57,146490.12,1.58,14.0,Haversine x1.05 (ICAO GCD-consistent methodology)
Ahmedabad,Bengaluru,Road,Coal,25-40t,1608.2,20,32163.2,35319.72,40.18,1286.53,9183.23,0.04,2.0,Haversine x1.30 circuity factor (Ballou et al. 2002 / Wang & Wu 2018)
Ahmedabad,Bengaluru,Rail,Coal,Freight Rake,1802,20,36040,27538.34,42.85,382.02,2726.89,0.0106,1.36,REAL: uploaded Indian Railways dataset (train: Ahmedabad Bangalore Express)
Ahmedabad,Bengaluru,Air,Coal,Belly Cargo (Domestic),1298.9,20,25977.9,238762.36,6.28,41045.14,292980.23,1.58,14.0,Haversine x1.05 (ICAO GCD-consistent methodology)
Ahmedabad,Bengaluru,Road,Coal,>40t,1608.2,50,80407.9,105559.51,38.12,3216.32,22958.07,0.04,2.0,Haversine x1.30 circuity factor (Ballou et al. 2002 / Wang & Wu 2018)
Ahmedabad,Bengaluru,Rail,Coal,Freight Rake,1802,50,90100,72932.56,41.93,955.06,6817.22,0.0106,1.36,REAL: uploaded Indian Railways dataset (train: Ahmedabad Bangalore Express)
Ahmedabad,Bengaluru,Air,Coal,Belly Cargo (Domestic),1298.9,50,64944.8,578370.73,7.0,102612.86,732450.58,1.58,14.0,Haversine x1.05 (ICAO GCD-consistent methodology)
Ahmedabad,Bengaluru,Road,Cement,12-16t,1608.2,5,8040.8,14573.46,40.68,402.04,2869.76,0.05,2.94,Haversine x1.30 circuity factor (Ballou et al. 2002 / Wang & Wu 2018)
Ahmedabad,Bengaluru,Rail,Cement,Freight Rake,1802,5,9010,7918.71,40.35,95.51,681.72,0.0106,1.36,REAL: uploaded Indian Railways dataset (train: Ahmedabad Bangalore Express)
Ahmedabad,Bengaluru,Air,Cement,Belly Cargo (Domestic),1298.9,5,6494.5,58488.86,6.95,10261.29,73245.06,1.58,14.0,Haversine x1.05 (ICAO GCD-consistent methodology)
Ahmedabad,Bengaluru,Road,Cement,12-16t,1608.2,10,16081.6,27616.27,42.41,804.08,5739.52,0.05,2.94,Haversine x1.30 circuity factor (Ballou et al. 2002 / Wang & Wu 2018)
Ahmedabad,Bengaluru,Rail,Cement,Freight Rake,1802,10,18020,15059.83,40.99,191.01,1363.44,0.0106,1.36,REAL: uploaded Indian Railways dataset (train: Ahmedabad Bangalore Express)
Ahmedabad,Bengaluru,Air,Cement,Belly Cargo (Domestic),1298.9,10,12989.0,112270.25,6.5,20522.57,146490.12,1.58,14.0,Haversine x1.05 (ICAO GCD-consistent methodology)
Ahmedabad,Bengaluru,Road,Cement,25-40t,1608.2,20,32163.2,36053.69,41.45,1286.53,9183.23,0.04,2.0,Haversine x1.30 circuity factor (Ballou et al. 2002 / Wang & Wu 2018)
Ahmedabad,Bengaluru,Rail,Cement,Freight Rake,1802,20,36040,29495.11,41.76,382.02,2726.89,0.0106,1.36,REAL: uploaded Indian Railways dataset (train: Ahmedabad Bangalore Express)
Ahmedabad,Bengaluru,Air,Cement,Belly Cargo (Domestic),1298.9,20,25977.9,205768.55,6.23,41045.14,292980.23,1.58,14.0,Haversine x1.05 (ICAO GCD-consistent methodology)
Ahmedabad,Bengaluru,Road,Cement,>40t,1608.2,50,80407.9,87133.82,39.87,3216.32,22958.07,0.04,2.0,Haversine x1.30 circuity factor (Ballou et al. 2002 / Wang & Wu 2018)
Ahmedabad,Bengaluru,Rail,Cement,Freight Rake,1802,50,90100,75436.62,41.01,955.06,6817.22,0.0106,1.36,REAL: uploaded Indian Railways dataset (train: Ahmedabad Bangalore Express)
Ahmedabad,Bengaluru,Air,Cement,Belly Cargo (Domestic),1298.9,50,64944.8,548105.87,6.88,102612.86,732450.58,1.58,14.0,Haversine x1.05 (ICAO GCD-consistent methodology)
Ahmedabad,Bengaluru,Road,Containerized Goods,12-16t,1608.2,5,8040.8,28820.88,40.19,402.04,2869.76,0.05,2.94,Haversine x1.30 circuity factor (Ballou et al. 2002 / Wang & Wu 2018)
Ahmedabad,Bengaluru,Rail,Containerized Goods,Freight Rake,1802,5,9010,15168.85,42.62,95.51,681.72,0.0106,1.36,REAL: uploaded Indian Railways dataset (train: Ahmedabad Bangalore Express)
Ahmedabad,Bengaluru,Air,Containerized Goods,Belly Cargo (Domestic),1298.9,5,6494.5,121998.93,6.32,10261.29,73245.06,1.58,14.0,Haversine x1.05 (ICAO GCD-consistent methodology)
Ahmedabad,Bengaluru,Road,Containerized Goods,12-16t,1608.2,10,16081.6,64464.84,40.67,804.08,5739.52,0.05,2.94,Haversine x1.30 circuity factor (Ballou et al. 2002 / Wang & Wu 2018)
Ahmedabad,Bengaluru,Rail,Containerized Goods,Freight Rake,1802,10,18020,32806.76,42.4,191.01,1363.44,0.0106,1.36,REAL: uploaded Indian Railways dataset (train: Ahmedabad Bangalore Express)
Ahmedabad,Bengaluru,Air,Containerized Goods,Belly Cargo (Domestic),1298.9,10,12989.0,210871.37,6.39,20522.57,146490.12,1.58,14.0,Haversine x1.05 (ICAO GCD-consistent methodology)
Ahmedabad,Bengaluru,Road,Containerized Goods,25-40t,1608.2,20,32163.2,76002.21,38.13,1286.53,9183.23,0.04,2.0,Haversine x1.30 circuity factor (Ballou et al. 2002 / Wang & Wu 2018)
Ahmedabad,Bengaluru,Rail,Containerized Goods,Freight Rake,1802,20,36040,63919.14,41.66,382.02,2726.89,0.0106,1.36,REAL: uploaded Indian Railways dataset (train: Ahmedabad Bangalore Express)
Ahmedabad,Bengaluru,Air,Containerized Goods,Belly Cargo (Domestic),1298.9,20,25977.9,424827.65,6.81,41045.14,292980.23,1.58,14.0,Haversine x1.05 (ICAO GCD-consistent methodology)
Ahmedabad,Bengaluru,Road,Containerized Goods,>40t,1608.2,50,80407.9,202451.3,39.45,3216.32,22958.07,0.04,2.0,Haversine x1.30 circuity factor (Ballou et al. 2002 / Wang & Wu 2018)
Ahmedabad,Bengaluru,Rail,Containerized Goods,Freight Rake,1802,50,90100,150218.82,42.32,955.06,6817.22,0.0106,1.36,REAL: uploaded Indian Railways dataset (train: Ahmedabad Bangalore Express)
Ahmedabad,Bengaluru,Air,Containerized Goods,Belly Cargo (Domestic),1298.9,50,64944.8,1063882.81,6.63,102612.86,732450.58,1.58,14.0,Haversine x1.05 (ICAO GCD-consistent methodology)
Ahmedabad,Bengaluru,Road,General Goods,12-16t,1608.2,5,8040.8,22643.56,43.29,402.04,2869.76,0.05,2.94,Haversine x1.30 circuity factor (Ballou et al. 2002 / Wang & Wu 2018)
Ahmedabad,Bengaluru,Rail,General Goods,Freight Rake,1802,5,9010,12707.51,40.09,95.51,681.72,0.0106,1.36,REAL: uploaded Indian Railways dataset (train: Ahmedabad Bangalore Express)
Ahmedabad,Bengaluru,Air,General Goods,Belly Cargo (Domestic),1298.9,5,6494.5,92703.37,6.76,10261.29,73245.06,1.58,14.0,Haversine x1.05 (ICAO GCD-consistent methodology)
Ahmedabad,Bengaluru,Road,General Goods,12-16t,1608.2,10,16081.6,45584.06,39.9,804.08,5739.52,0.05,2.94,Haversine x1.30 circuity factor (Ballou et al. 2002 / Wang & Wu 2018)
Ahmedabad,Bengaluru,Rail,General Goods,Freight Rake,1802,10,18020,23108.37,41.49,191.01,1363.44,0.0106,1.36,REAL: uploaded Indian Railways dataset (train: Ahmedabad Bangalore Express)
Ahmedabad,Bengaluru,Air,General Goods,Belly Cargo (Domestic),1298.9,10,12989.0,171700.14,6.47,20522.57,146490.12,1.58,14.0,Haversine x1.05 (ICAO GCD-consistent methodology)
Ahmedabad,Bengaluru,Road,General Goods,25-40t,1608.2,20,32163.2,58677.93,44.16,1286.53,9183.23,0.04,2.0,Haversine x1.30 circuity factor (Ballou et al. 2002 / Wang & Wu 2018)
Ahmedabad,Bengaluru,Rail,General Goods,Freight Rake,1802,20,36040,51992.23,42.51,382.02,2726.89,0.0106,1.36,REAL: uploaded Indian Railways dataset (train: Ahmedabad Bangalore Express)
Ahmedabad,Bengaluru,Air,General Goods,Belly Cargo (Domestic),1298.9,20,25977.9,372855.66,6.57,41045.14,292980.23,1.58,14.0,Haversine x1.05 (ICAO GCD-consistent methodology)
Ahmedabad,Bengaluru,Road,General Goods,>40t,1608.2,50,80407.9,160674.96,44.32,3216.32,22958.07,0.04,2.0,Haversine x1.30 circuity factor (Ballou et al. 2002 / Wang & Wu 2018)
Ahmedabad,Bengaluru,Rail,General Goods,Freight Rake,1802,50,90100,131193.64,41.53,955.06,6817.22,0.0106,1.36,REAL: uploaded Indian Railways dataset (train: Ahmedabad Bangalore Express)
Ahmedabad,Bengaluru,Air,General Goods,Belly Cargo (Domestic),1298.9,50,64944.8,961200.15,6.48,102612.86,732450.58,1.58,14.0,Haversine x1.05 (ICAO GCD-consistent methodology)
Ahmedabad,Bengaluru,Road,Automobile Parts,12-16t,1608.2,5,8040.8,43025.21,38.89,402.04,2869.76,0.05,2.94,Haversine x1.30 circuity factor (Ballou et al. 2002 / Wang & Wu 2018)
Ahmedabad,Bengaluru,Rail,Automobile Parts,Freight Rake,1802,5,9010,22233.08,41.87,95.51,681.72,0.0106,1.36,REAL: uploaded Indian Railways dataset (train: Ahmedabad Bangalore Express)
Ahmedabad,Bengaluru,Air,Automobile Parts,Belly Cargo (Domestic),1298.9,5,6494.5,167406.73,6.9,10261.29,73245.06,1.58,14.0,Haversine x1.05 (ICAO GCD-consistent methodology)
Ahmedabad,Bengaluru,Road,Automobile Parts,12-16t,1608.2,10,16081.6,84027.29,42.57,804.08,5739.52,0.05,2.94,Haversine x1.30 circuity factor (Ballou et al. 2002 / Wang & Wu 2018)
Ahmedabad,Bengaluru,Rail,Automobile Parts,Freight Rake,1802,10,18020,47582.17,42.53,191.01,1363.44,0.0106,1.36,REAL: uploaded Indian Railways dataset (train: Ahmedabad Bangalore Express)
Ahmedabad,Bengaluru,Air,Automobile Parts,Belly Cargo (Domestic),1298.9,10,12989.0,340795.93,7.0,20522.57,146490.12,1.58,14.0,Haversine x1.05 (ICAO GCD-consistent methodology)
Ahmedabad,Bengaluru,Road,Automobile Parts,25-40t,1608.2,20,32163.2,120432.23,38.79,1286.53,9183.23,0.04,2.0,Haversine x1.30 circuity factor (Ballou et al. 2002 / Wang & Wu 2018)
Ahmedabad,Bengaluru,Rail,Automobile Parts,Freight Rake,1802,20,36040,86992.96,39.62,382.02,2726.89,0.0106,1.36,REAL: uploaded Indian Railways dataset (train: Ahmedabad Bangalore Express)
Ahmedabad,Bengaluru,Air,Automobile Parts,Belly Cargo (Domestic),1298.9,20,25977.9,692944.55,6.96,41045.14,292980.23,1.58,14.0,Haversine x1.05 (ICAO GCD-consistent methodology)
Ahmedabad,Bengaluru,Road,Automobile Parts,>40t,1608.2,50,80407.9,318336.31,38.52,3216.32,22958.07,0.04,2.0,Haversine x1.30 circuity factor (Ballou et al. 2002 / Wang & Wu 2018)
Ahmedabad,Bengaluru,Rail,Automobile Parts,Freight Rake,1802,50,90100,234964.37,39.57,955.06,6817.22,0.0106,1.36,REAL: uploaded Indian Railways dataset (train: Ahmedabad Bangalore Express)
Ahmedabad,Bengaluru,Air,Automobile Parts,Belly Cargo (Domestic),1298.9,50,64944.8,1605045.82,6.76,102612.86,732450.58,1.58,14.0,Haversine x1.05 (ICAO GCD-consistent methodology)
Ahmedabad,Hyderabad,Road,Coal,12-16t,1143.3,5,5716.7,10360.52,31.35,285.84,2040.3,0.05,2.94,Haversine x1.30 circuity factor (Ballou et al. 2002 / Wang & Wu 2018)
Ahmedabad,Hyderabad,Rail,Coal,Freight Rake,1011.4,5,5057.1,3946.85,29.22,53.61,382.64,0.0106,1.36,ESTIMATED: Haversine x1.15 circuity (no direct train match found)
Ahmedabad,Hyderabad,Air,Coal,Belly Cargo (Domestic),923.5,5,4617.4,40796.02,6.2,7295.44,52074.83,1.58,14.0,Haversine x1.05 (ICAO GCD-consistent methodology)
Ahmedabad,Hyderabad,Road,Coal,12-16t,1143.3,10,11433.5,20219.44,31.33,571.67,4080.61,0.05,2.94,Haversine x1.30 circuity factor (Ballou et al. 2002 / Wang & Wu 2018)
Ahmedabad,Hyderabad,Rail,Coal,Freight Rake,1011.4,10,10114.2,8086.19,29.78,107.21,765.27,0.0106,1.36,ESTIMATED: Haversine x1.15 circuity (no direct train match found)
Ahmedabad,Hyderabad,Air,Coal,Belly Cargo (Domestic),923.5,10,9234.7,70519.48,6.48,14590.88,104149.67,1.58,14.0,Haversine x1.05 (ICAO GCD-consistent methodology)
Ahmedabad,Hyderabad,Road,Coal,25-40t,1143.3,20,22867.0,30176.1,27.77,914.68,6528.97,0.04,2.0,Haversine x1.30 circuity factor (Ballou et al. 2002 / Wang & Wu 2018)
Ahmedabad,Hyderabad,Rail,Coal,Freight Rake,1011.4,20,20228.5,17944.64,28.42,214.42,1530.54,0.0106,1.36,ESTIMATED: Haversine x1.15 circuity (no direct train match found)
Ahmedabad,Hyderabad,Air,Coal,Belly Cargo (Domestic),923.5,20,18469.5,148137.53,6.23,29181.75,208299.33,1.58,14.0,Haversine x1.05 (ICAO GCD-consistent methodology)
Ahmedabad,Hyderabad,Road,Coal,>40t,1143.3,50,57167.4,64977.04,31.55,2286.7,16322.43,0.04,2.0,Haversine x1.30 circuity factor (Ballou et al. 2002 / Wang & Wu 2018)
Ahmedabad,Hyderabad,Rail,Coal,Freight Rake,1011.4,50,50571.1,41887.31,29.26,536.05,3826.35,0.0106,1.36,ESTIMATED: Haversine x1.15 circuity (no direct train match found)
Ahmedabad,Hyderabad,Air,Coal,Belly Cargo (Domestic),923.5,50,46173.7,381125.44,6.18,72954.38,520748.34,1.58,14.0,Haversine x1.05 (ICAO GCD-consistent methodology)
Ahmedabad,Hyderabad,Road,Cement,12-16t,1143.3,5,5716.7,9784.14,28.46,285.84,2040.3,0.05,2.94,Haversine x1.30 circuity factor (Ballou et al. 2002 / Wang & Wu 2018)
Ahmedabad,Hyderabad,Rail,Cement,Freight Rake,1011.4,5,5057.1,4128.18,28.47,53.61,382.64,0.0106,1.36,ESTIMATED: Haversine x1.15 circuity (no direct train match found)
Ahmedabad,Hyderabad,Air,Cement,Belly Cargo (Domestic),923.5,5,4617.4,35612.75,6.51,7295.44,52074.83,1.58,14.0,Haversine x1.05 (ICAO GCD-consistent methodology)
Ahmedabad,Hyderabad,Road,Cement,12-16t,1143.3,10,11433.5,20012.18,31.19,571.67,4080.61,0.05,2.94,Haversine x1.30 circuity factor (Ballou et al. 2002 / Wang & Wu 2018)
Ahmedabad,Hyderabad,Rail,Cement,Freight Rake,1011.4,10,10114.2,8785.67,28.11,107.21,765.27,0.0106,1.36,ESTIMATED: Haversine x1.15 circuity (no direct train match found)
Ahmedabad,Hyderabad,Air,Cement,Belly Cargo (Domestic),923.5,10,9234.7,76109.36,6.2,14590.88,104149.67,1.58,14.0,Haversine x1.05 (ICAO GCD-consistent methodology)
Ahmedabad,Hyderabad,Road,Cement,25-40t,1143.3,20,22867.0,25867.49,27.91,914.68,6528.97,0.04,2.0,Haversine x1.30 circuity factor (Ballou et al. 2002 / Wang & Wu 2018)
Ahmedabad,Hyderabad,Rail,Cement,Freight Rake,1011.4,20,20228.5,15848.16,29.71,214.42,1530.54,0.0106,1.36,ESTIMATED: Haversine x1.15 circuity (no direct train match found)
Ahmedabad,Hyderabad,Air,Cement,Belly Cargo (Domestic),923.5,20,18469.5,157336.52,6.09,29181.75,208299.33,1.58,14.0,Haversine x1.05 (ICAO GCD-consistent methodology)
Ahmedabad,Hyderabad,Road,Cement,>40t,1143.3,50,57167.4,63725.5,28.78,2286.7,16322.43,0.04,2.0,Haversine x1.30 circuity factor (Ballou et al. 2002 / Wang & Wu 2018)
Ahmedabad,Hyderabad,Rail,Cement,Freight Rake,1011.4,50,50571.1,40405.24,29.43,536.05,3826.35,0.0106,1.36,ESTIMATED: Haversine x1.15 circuity (no direct train match found)
Ahmedabad,Hyderabad,Air,Cement,Belly Cargo (Domestic),923.5,50,46173.7,387158.18,6.27,72954.38,520748.34,1.58,14.0,Haversine x1.05 (ICAO GCD-consistent methodology)
Ahmedabad,Hyderabad,Road,Containerized Goods,12-16t,1143.3,5,5716.7,22378.27,28.44,285.84,2040.3,0.05,2.94,Haversine x1.30 circuity factor (Ballou et al. 2002 / Wang & Wu 2018)
Ahmedabad,Hyderabad,Rail,Containerized Goods,Freight Rake,1011.4,5,5057.1,9285.33,29.8,53.61,382.64,0.0106,1.36,ESTIMATED: Haversine x1.15 circuity (no direct train match found)
Ahmedabad,Hyderabad,Air,Containerized Goods,Belly Cargo (Domestic),923.5,5,4617.4,85353.94,6.15,7295.44,52074.83,1.58,14.0,Haversine x1.05 (ICAO GCD-consistent methodology)
Ahmedabad,Hyderabad,Road,Containerized Goods,12-16t,1143.3,10,11433.5,40297.05,30.98,571.67,4080.61,0.05,2.94,Haversine x1.30 circuity factor (Ballou et al. 2002 / Wang & Wu 2018)
Ahmedabad,Hyderabad,Rail,Containerized Goods,Freight Rake,1011.4,10,10114.2,16727.25,29.1,107.21,765.27,0.0106,1.36,ESTIMATED: Haversine x1.15 circuity (no direct train match found)
Ahmedabad,Hyderabad,Air,Containerized Goods,Belly Cargo (Domestic),923.5,10,9234.7,165615.62,6.46,14590.88,104149.67,1.58,14.0,Haversine x1.05 (ICAO GCD-consistent methodology)
Ahmedabad,Hyderabad,Road,Containerized Goods,25-40t,1143.3,20,22867.0,59217.21,30.25,914.68,6528.97,0.04,2.0,Haversine x1.30 circuity factor (Ballou et al. 2002 / Wang & Wu 2018)
Ahmedabad,Hyderabad,Rail,Containerized Goods,Freight Rake,1011.4,20,20228.5,32829.79,27.15,214.42,1530.54,0.0106,1.36,ESTIMATED: Haversine x1.15 circuity (no direct train match found)
Ahmedabad,Hyderabad,Air,Containerized Goods,Belly Cargo (Domestic),923.5,20,18469.5,355028.25,6.48,29181.75,208299.33,1.58,14.0,Haversine x1.05 (ICAO GCD-consistent methodology)
Ahmedabad,Hyderabad,Road,Containerized Goods,>40t,1143.3,50,57167.4,151744.84,30.83,2286.7,16322.43,0.04,2.0,Haversine x1.30 circuity factor (Ballou et al. 2002 / Wang & Wu 2018)
Ahmedabad,Hyderabad,Rail,Containerized Goods,Freight Rake,1011.4,50,50571.1,87071.51,29.45,536.05,3826.35,0.0106,1.36,ESTIMATED: Haversine x1.15 circuity (no direct train match found)
Ahmedabad,Hyderabad,Air,Containerized Goods,Belly Cargo (Domestic),923.5,50,46173.7,785434.63,6.31,72954.38,520748.34,1.58,14.0,Haversine x1.05 (ICAO GCD-consistent methodology)
Ahmedabad,Hyderabad,Road,General Goods,12-16t,1143.3,5,5716.7,15157.22,29.61,285.84,2040.3,0.05,2.94,Haversine x1.30 circuity factor (Ballou et al. 2002 / Wang & Wu 2018)
Ahmedabad,Hyderabad,Rail,General Goods,Freight Rake,1011.4,5,5057.1,6738.14,28.81,53.61,382.64,0.0106,1.36,ESTIMATED: Haversine x1.15 circuity (no direct train match found)
Ahmedabad,Hyderabad,Air,General Goods,Belly Cargo (Domestic),923.5,5,4617.4,66799.03,6.24,7295.44,52074.83,1.58,14.0,Haversine x1.05 (ICAO GCD-consistent methodology)
Ahmedabad,Hyderabad,Road,General Goods,12-16t,1143.3,10,11433.5,33501.5,29.53,571.67,4080.61,0.05,2.94,Haversine x1.30 circuity factor (Ballou et al. 2002 / Wang & Wu 2018)
Ahmedabad,Hyderabad,Rail,General Goods,Freight Rake,1011.4,10,10114.2,12669.48,28.62,107.21,765.27,0.0106,1.36,ESTIMATED: Haversine x1.15 circuity (no direct train match found)
Ahmedabad,Hyderabad,Air,General Goods,Belly Cargo (Domestic),923.5,10,9234.7,116664.05,6.18,14590.88,104149.67,1.58,14.0,Haversine x1.05 (ICAO GCD-consistent methodology)
Ahmedabad,Hyderabad,Road,General Goods,25-40t,1143.3,20,22867.0,43673.51,31.84,914.68,6528.97,0.04,2.0,Haversine x1.30 circuity factor (Ballou et al. 2002 / Wang & Wu 2018)
Ahmedabad,Hyderabad,Rail,General Goods,Freight Rake,1011.4,20,20228.5,25385.3,29.37,214.42,1530.54,0.0106,1.36,ESTIMATED: Haversine x1.15 circuity (no direct train match found)
Ahmedabad,Hyderabad,Air,General Goods,Belly Cargo (Domestic),923.5,20,18469.5,267572.5,6.38,29181.75,208299.33,1.58,14.0,Haversine x1.05 (ICAO GCD-consistent methodology)
Ahmedabad,Hyderabad,Road,General Goods,>40t,1143.3,50,57167.4,123705.03,27.72,2286.7,16322.43,0.04,2.0,Haversine x1.30 circuity factor (Ballou et al. 2002 / Wang & Wu 2018)
Ahmedabad,Hyderabad,Rail,General Goods,Freight Rake,1011.4,50,50571.1,64334.48,27.48,536.05,3826.35,0.0106,1.36,ESTIMATED: Haversine x1.15 circuity (no direct train match found)
Ahmedabad,Hyderabad,Air,General Goods,Belly Cargo (Domestic),923.5,50,46173.7,606602.23,6.17,72954.38,520748.34,1.58,14.0,Haversine x1.05 (ICAO GCD-consistent methodology)
Ahmedabad,Hyderabad,Road,Automobile Parts,12-16t,1143.3,5,5716.7,33071.42,28.48,285.84,2040.3,0.05,2.94,Haversine x1.30 circuity factor (Ballou et al. 2002 / Wang & Wu 2018)
Ahmedabad,Hyderabad,Rail,Automobile Parts,Freight Rake,1011.4,5,5057.1,12520.57,28.11,53.61,382.64,0.0106,1.36,ESTIMATED: Haversine x1.15 circuity (no direct train match found)
Ahmedabad,Hyderabad,Air,Automobile Parts,Belly Cargo (Domestic),923.5,5,4617.4,117405.56,6.2,7295.44,52074.83,1.58,14.0,Haversine x1.05 (ICAO GCD-consistent methodology)
Ahmedabad,Hyderabad,Road,Automobile Parts,12-16t,1143.3,10,11433.5,68320.78,28.29,571.67,4080.61,0.05,2.94,Haversine x1.30 circuity factor (Ballou et al. 2002 / Wang & Wu 2018)
Ahmedabad,Hyderabad,Rail,Automobile Parts,Freight Rake,1011.4,10,10114.2,26210.9,29.47,107.21,765.27,0.0106,1.36,ESTIMATED: Haversine x1.15 circuity (no direct train match found)
Ahmedabad,Hyderabad,Air,Automobile Parts,Belly Cargo (Domestic),923.5,10,9234.7,246666.89,6.42,14590.88,104149.67,1.58,14.0,Haversine x1.05 (ICAO GCD-consistent methodology)
Ahmedabad,Hyderabad,Road,Automobile Parts,25-40t,1143.3,20,22867.0,89048.43,27.66,914.68,6528.97,0.04,2.0,Haversine x1.30 circuity factor (Ballou et al. 2002 / Wang & Wu 2018)
Ahmedabad,Hyderabad,Rail,Automobile Parts,Freight Rake,1011.4,20,20228.5,49938.61,28.63,214.42,1530.54,0.0106,1.36,ESTIMATED: Haversine x1.15 circuity (no direct train match found)
Ahmedabad,Hyderabad,Air,Automobile Parts,Belly Cargo (Domestic),923.5,20,18469.5,436127.4,5.79,29181.75,208299.33,1.58,14.0,Haversine x1.05 (ICAO GCD-consistent methodology)
Ahmedabad,Hyderabad,Road,Automobile Parts,>40t,1143.3,50,57167.4,197724.39,29.58,2286.7,16322.43,0.04,2.0,Haversine x1.30 circuity factor (Ballou et al. 2002 / Wang & Wu 2018)
Ahmedabad,Hyderabad,Rail,Automobile Parts,Freight Rake,1011.4,50,50571.1,125959.59,29.29,536.05,3826.35,0.0106,1.36,ESTIMATED: Haversine x1.15 circuity (no direct train match found)
Ahmedabad,Hyderabad,Air,Automobile Parts,Belly Cargo (Domestic),923.5,50,46173.7,1212304.19,6.42,72954.38,520748.34,1.58,14.0,Haversine x1.05 (ICAO GCD-consistent methodology)
Chennai,Bengaluru,Road,Coal,12-16t,377.2,5,1886.1,2272.04,10.48,94.31,673.16,0.05,2.17,Haversine x1.30 circuity factor (Ballou et al. 2002 / Wang & Wu 2018)
Chennai,Bengaluru,Rail,Coal,Freight Rake,358,5,1790,1362.76,11.65,18.97,135.44,0.0106,1.36,REAL: uploaded Indian Railways dataset (train: CHENNAI CENTRAL - BANGALORE Lalbagh Exp)
Chennai,Bengaluru,Air,Coal,Belly Cargo (Domestic),304.7,5,1523.4,13830.31,5.63,2406.98,17181.0,1.58,14.0,Haversine x1.05 (ICAO GCD-consistent methodology)
Chennai,Bengaluru,Road,Coal,12-16t,377.2,10,3772.2,4919.97,9.67,188.61,1346.31,0.05,2.17,Haversine x1.30 circuity factor (Ballou et al. 2002 / Wang & Wu 2018)
Chennai,Bengaluru,Rail,Coal,Freight Rake,358,10,3580,2740.48,12.51,37.95,270.87,0.0106,1.36,REAL: uploaded Indian Railways dataset (train: CHENNAI CENTRAL - BANGALORE Lalbagh Exp)
Chennai,Bengaluru,Air,Coal,Belly Cargo (Domestic),304.7,10,3046.8,27821.35,5.42,4813.95,34362.0,1.58,14.0,Haversine x1.05 (ICAO GCD-consistent methodology)
Chennai,Bengaluru,Road,Coal,25-40t,377.2,20,7544.5,6692.48,11.15,301.78,2154.1,0.04,1.62,Haversine x1.30 circuity factor (Ballou et al. 2002 / Wang & Wu 2018)
Chennai,Bengaluru,Rail,Coal,Freight Rake,358,20,7160,5706.93,12.55,75.9,541.75,0.0106,1.36,REAL: uploaded Indian Railways dataset (train: CHENNAI CENTRAL - BANGALORE Lalbagh Exp)
Chennai,Bengaluru,Air,Coal,Belly Cargo (Domestic),304.7,20,6093.6,52424.54,5.54,9627.91,68724.01,1.58,14.0,Haversine x1.05 (ICAO GCD-consistent methodology)
Chennai,Bengaluru,Road,Coal,>40t,377.2,50,18861.2,19240.42,10.26,754.45,5385.24,0.04,1.62,Haversine x1.30 circuity factor (Ballou et al. 2002 / Wang & Wu 2018)
Chennai,Bengaluru,Rail,Coal,Freight Rake,358,50,17900,13708.48,11.59,189.74,1354.36,0.0106,1.36,REAL: uploaded Indian Railways dataset (train: CHENNAI CENTRAL - BANGALORE Lalbagh Exp)
Chennai,Bengaluru,Air,Coal,Belly Cargo (Domestic),304.7,50,15234.0,122132.55,5.6,24069.77,171810.01,1.58,14.0,Haversine x1.05 (ICAO GCD-consistent methodology)
Chennai,Bengaluru,Road,Cement,12-16t,377.2,5,1886.1,2397.28,11.09,94.31,673.16,0.05,2.17,Haversine x1.30 circuity factor (Ballou et al. 2002 / Wang & Wu 2018)
Chennai,Bengaluru,Rail,Cement,Freight Rake,358,5,1790,1418.95,12.31,18.97,135.44,0.0106,1.36,REAL: uploaded Indian Railways dataset (train: CHENNAI CENTRAL - BANGALORE Lalbagh Exp)
Chennai,Bengaluru,Air,Cement,Belly Cargo (Domestic),304.7,5,1523.4,11855.31,5.7,2406.98,17181.0,1.58,14.0,Haversine x1.05 (ICAO GCD-consistent methodology)
Chennai,Bengaluru,Road,Cement,12-16t,377.2,10,3772.2,5123.09,10.43,188.61,1346.31,0.05,2.17,Haversine x1.30 circuity factor (Ballou et al. 2002 / Wang & Wu 2018)
Chennai,Bengaluru,Rail,Cement,Freight Rake,358,10,3580,3137.74,11.46,37.95,270.87,0.0106,1.36,REAL: uploaded Indian Railways dataset (train: CHENNAI CENTRAL - BANGALORE Lalbagh Exp)
Chennai,Bengaluru,Air,Cement,Belly Cargo (Domestic),304.7,10,3046.8,25229.03,5.6,4813.95,34362.0,1.58,14.0,Haversine x1.05 (ICAO GCD-consistent methodology)
Chennai,Bengaluru,Road,Cement,25-40t,377.2,20,7544.5,7087.6,10.88,301.78,2154.1,0.04,1.62,Haversine x1.30 circuity factor (Ballou et al. 2002 / Wang & Wu 2018)
Chennai,Bengaluru,Rail,Cement,Freight Rake,358,20,7160,6257.32,11.88,75.9,541.75,0.0106,1.36,REAL: uploaded Indian Railways dataset (train: CHENNAI CENTRAL - BANGALORE Lalbagh Exp)
Chennai,Bengaluru,Air,Cement,Belly Cargo (Domestic),304.7,20,6093.6,53896.82,5.08,9627.91,68724.01,1.58,14.0,Haversine x1.05 (ICAO GCD-consistent methodology)
Chennai,Bengaluru,Road,Cement,>40t,377.2,50,18861.2,17472.78,11.25,754.45,5385.24,0.04,1.62,Haversine x1.30 circuity factor (Ballou et al. 2002 / Wang & Wu 2018)
Chennai,Bengaluru,Rail,Cement,Freight Rake,358,50,17900,14560.13,11.83,189.74,1354.36,0.0106,1.36,REAL: uploaded Indian Railways dataset (train: CHENNAI CENTRAL - BANGALORE Lalbagh Exp)
Chennai,Bengaluru,Air,Cement,Belly Cargo (Domestic),304.7,50,15234.0,139024.01,5.34,24069.77,171810.01,1.58,14.0,Haversine x1.05 (ICAO GCD-consistent methodology)
Chennai,Bengaluru,Road,Containerized Goods,12-16t,377.2,5,1886.1,5444.12,10.7,94.31,673.16,0.05,2.17,Haversine x1.30 circuity factor (Ballou et al. 2002 / Wang & Wu 2018)
Chennai,Bengaluru,Rail,Containerized Goods,Freight Rake,358,5,1790,2918.57,12.14,18.97,135.44,0.0106,1.36,REAL: uploaded Indian Railways dataset (train: CHENNAI CENTRAL - BANGALORE Lalbagh Exp)
Chennai,Bengaluru,Air,Containerized Goods,Belly Cargo (Domestic),304.7,5,1523.4,29017.12,5.52,2406.98,17181.0,1.58,14.0,Haversine x1.05 (ICAO GCD-consistent methodology)
Chennai,Bengaluru,Road,Containerized Goods,12-16t,377.2,10,3772.2,9631.91,9.85,188.61,1346.31,0.05,2.17,Haversine x1.30 circuity factor (Ballou et al. 2002 / Wang & Wu 2018)
Chennai,Bengaluru,Rail,Containerized Goods,Freight Rake,358,10,3580,6463.27,12.16,37.95,270.87,0.0106,1.36,REAL: uploaded Indian Railways dataset (train: CHENNAI CENTRAL - BANGALORE Lalbagh Exp)
Chennai,Bengaluru,Air,Containerized Goods,Belly Cargo (Domestic),304.7,10,3046.8,57394.54,5.26,4813.95,34362.0,1.58,14.0,Haversine x1.05 (ICAO GCD-consistent methodology)
Chennai,Bengaluru,Road,Containerized Goods,25-40t,377.2,20,7544.5,14458.22,9.6,301.78,2154.1,0.04,1.62,Haversine x1.30 circuity factor (Ballou et al. 2002 / Wang & Wu 2018)
Chennai,Bengaluru,Rail,Containerized Goods,Freight Rake,358,20,7160,12119.52,11.83,75.9,541.75,0.0106,1.36,REAL: uploaded Indian Railways dataset (train: CHENNAI CENTRAL - BANGALORE Lalbagh Exp)
Chennai,Bengaluru,Air,Containerized Goods,Belly Cargo (Domestic),304.7,20,6093.6,104494.88,5.14,9627.91,68724.01,1.58,14.0,Haversine x1.05 (ICAO GCD-consistent methodology)
Chennai,Bengaluru,Road,Containerized Goods,>40t,377.2,50,18861.2,36779.87,10.35,754.45,5385.24,0.04,1.62,Haversine x1.30 circuity factor (Ballou et al. 2002 / Wang & Wu 2018)
Chennai,Bengaluru,Rail,Containerized Goods,Freight Rake,358,50,17900,31531.46,11.89,189.74,1354.36,0.0106,1.36,REAL: uploaded Indian Railways dataset (train: CHENNAI CENTRAL - BANGALORE Lalbagh Exp)
Chennai,Bengaluru,Air,Containerized Goods,Belly Cargo (Domestic),304.7,50,15234.0,247900.6,5.29,24069.77,171810.01,1.58,14.0,Haversine x1.05 (ICAO GCD-consistent methodology)
Chennai,Bengaluru,Road,General Goods,12-16t,377.2,5,1886.1,3759.77,10.59,94.31,673.16,0.05,2.17,Haversine x1.30 circuity factor (Ballou et al. 2002 / Wang & Wu 2018)
Chennai,Bengaluru,Rail,General Goods,Freight Rake,358,5,1790,2366.01,11.86,18.97,135.44,0.0106,1.36,REAL: uploaded Indian Railways dataset (train: CHENNAI CENTRAL - BANGALORE Lalbagh Exp)
Chennai,Bengaluru,Air,General Goods,Belly Cargo (Domestic),304.7,5,1523.4,20439.76,5.31,2406.98,17181.0,1.58,14.0,Haversine x1.05 (ICAO GCD-consistent methodology)
Chennai,Bengaluru,Road,General Goods,12-16t,377.2,10,3772.2,7505.84,11.1,188.61,1346.31,0.05,2.17,Haversine x1.30 circuity factor (Ballou et al. 2002 / Wang & Wu 2018)
Chennai,Bengaluru,Rail,General Goods,Freight Rake,358,10,3580,5184.46,12.57,37.95,270.87,0.0106,1.36,REAL: uploaded Indian Railways dataset (train: CHENNAI CENTRAL - BANGALORE Lalbagh Exp)
Chennai,Bengaluru,Air,General Goods,Belly Cargo (Domestic),304.7,10,3046.8,43269.19,5.17,4813.95,34362.0,1.58,14.0,Haversine x1.05 (ICAO GCD-consistent methodology)
Chennai,Bengaluru,Road,General Goods,25-40t,377.2,20,7544.5,11930.51,9.83,301.78,2154.1,0.04,1.62,Haversine x1.30 circuity factor (Ballou et al. 2002 / Wang & Wu 2018)
Chennai,Bengaluru,Rail,General Goods,Freight Rake,358,20,7160,9427.76,11.99,75.9,541.75,0.0106,1.36,REAL: uploaded Indian Railways dataset (train: CHENNAI CENTRAL - BANGALORE Lalbagh Exp)
Chennai,Bengaluru,Air,General Goods,Belly Cargo (Domestic),304.7,20,6093.6,77858.99,5.34,9627.91,68724.01,1.58,14.0,Haversine x1.05 (ICAO GCD-consistent methodology)
Chennai,Bengaluru,Road,General Goods,>40t,377.2,50,18861.2,30072.97,10.4,754.45,5385.24,0.04,1.62,Haversine x1.30 circuity factor (Ballou et al. 2002 / Wang & Wu 2018)
Chennai,Bengaluru,Rail,General Goods,Freight Rake,358,50,17900,22696.09,11.7,189.74,1354.36,0.0106,1.36,REAL: uploaded Indian Railways dataset (train: CHENNAI CENTRAL - BANGALORE Lalbagh Exp)
Chennai,Bengaluru,Air,General Goods,Belly Cargo (Domestic),304.7,50,15234.0,202467.16,5.46,24069.77,171810.01,1.58,14.0,Haversine x1.05 (ICAO GCD-consistent methodology)
Chennai,Bengaluru,Road,Automobile Parts,12-16t,377.2,5,1886.1,7718.05,9.92,94.31,673.16,0.05,2.17,Haversine x1.30 circuity factor (Ballou et al. 2002 / Wang & Wu 2018)
Chennai,Bengaluru,Rail,Automobile Parts,Freight Rake,358,5,1790,4222.71,11.77,18.97,135.44,0.0106,1.36,REAL: uploaded Indian Railways dataset (train: CHENNAI CENTRAL - BANGALORE Lalbagh Exp)
Chennai,Bengaluru,Air,Automobile Parts,Belly Cargo (Domestic),304.7,5,1523.4,43021.15,5.27,2406.98,17181.0,1.58,14.0,Haversine x1.05 (ICAO GCD-consistent methodology)
Chennai,Bengaluru,Road,Automobile Parts,12-16t,377.2,10,3772.2,15516.05,10.94,188.61,1346.31,0.05,2.17,Haversine x1.30 circuity factor (Ballou et al. 2002 / Wang & Wu 2018)
Chennai,Bengaluru,Rail,Automobile Parts,Freight Rake,358,10,3580,8766.36,11.8,37.95,270.87,0.0106,1.36,REAL: uploaded Indian Railways dataset (train: CHENNAI CENTRAL - BANGALORE Lalbagh Exp)
Chennai,Bengaluru,Air,Automobile Parts,Belly Cargo (Domestic),304.7,10,3046.8,83936.61,5.61,4813.95,34362.0,1.58,14.0,Haversine x1.05 (ICAO GCD-consistent methodology)
Chennai,Bengaluru,Road,Automobile Parts,25-40t,377.2,20,7544.5,24768.69,9.82,301.78,2154.1,0.04,1.62,Haversine x1.30 circuity factor (Ballou et al. 2002 / Wang & Wu 2018)
Chennai,Bengaluru,Rail,Automobile Parts,Freight Rake,358,20,7160,17507.12,12.54,75.9,541.75,0.0106,1.36,REAL: uploaded Indian Railways dataset (train: CHENNAI CENTRAL - BANGALORE Lalbagh Exp)
Chennai,Bengaluru,Air,Automobile Parts,Belly Cargo (Domestic),304.7,20,6093.6,148462.17,5.26,9627.91,68724.01,1.58,14.0,Haversine x1.05 (ICAO GCD-consistent methodology)
Chennai,Bengaluru,Road,Automobile Parts,>40t,377.2,50,18861.2,61812.55,11.21,754.45,5385.24,0.04,1.62,Haversine x1.30 circuity factor (Ballou et al. 2002 / Wang & Wu 2018)
Chennai,Bengaluru,Rail,Automobile Parts,Freight Rake,358,50,17900,43557.14,12.23,189.74,1354.36,0.0106,1.36,REAL: uploaded Indian Railways dataset (train: CHENNAI CENTRAL - BANGALORE Lalbagh Exp)
Chennai,Bengaluru,Air,Automobile Parts,Belly Cargo (Domestic),304.7,50,15234.0,394064.67,5.43,24069.77,171810.01,1.58,14.0,Haversine x1.05 (ICAO GCD-consistent methodology)
Chennai,Hyderabad,Road,Coal,12-16t,669.8,5,3349.1,4163.43,17.39,167.45,1195.28,0.05,2.17,Haversine x1.30 circuity factor (Ballou et al. 2002 / Wang & Wu 2018)
Chennai,Hyderabad,Rail,Coal,Freight Rake,715,5,3575,3085.36,18.8,37.9,270.49,0.0106,1.36,REAL: uploaded Indian Railways dataset (train: Chennai - Hyderabad Express)
Chennai,Hyderabad,Air,Coal,Belly Cargo (Domestic),541.0,5,2705.0,21107.28,5.72,4273.93,30507.31,1.58,14.0,Haversine x1.05 (ICAO GCD-consistent methodology)
Chennai,Hyderabad,Road,Coal,12-16t,669.8,10,6698.1,8941.05,17.87,334.91,2390.57,0.05,2.17,Haversine x1.30 circuity factor (Ballou et al. 2002 / Wang & Wu 2018)
Chennai,Hyderabad,Rail,Coal,Freight Rake,715,10,7150,6044.06,19.1,75.79,540.99,0.0106,1.36,REAL: uploaded Indian Railways dataset (train: Chennai - Hyderabad Express)
Chennai,Hyderabad,Air,Coal,Belly Cargo (Domestic),541.0,10,5410.0,49892.02,5.65,8547.86,61014.62,1.58,14.0,Haversine x1.05 (ICAO GCD-consistent methodology)
Chennai,Hyderabad,Road,Coal,25-40t,669.8,20,13396.3,13654.25,17.57,535.85,3824.91,0.04,1.62,Haversine x1.30 circuity factor (Ballou et al. 2002 / Wang & Wu 2018)
Chennai,Hyderabad,Rail,Coal,Freight Rake,715,20,14300,11354.41,19.37,151.58,1081.98,0.0106,1.36,REAL: uploaded Indian Railways dataset (train: Chennai - Hyderabad Express)
Chennai,Hyderabad,Air,Coal,Belly Cargo (Domestic),541.0,20,10820.1,97331.27,5.88,17095.72,122029.23,1.58,14.0,Haversine x1.05 (ICAO GCD-consistent methodology)
Chennai,Hyderabad,Road,Coal,>40t,669.8,50,33490.7,32174.5,17.74,1339.63,9562.27,0.04,1.62,Haversine x1.30 circuity factor (Ballou et al. 2002 / Wang & Wu 2018)
Chennai,Hyderabad,Rail,Coal,Freight Rake,715,50,35750,29992.98,18.51,378.95,2704.95,0.0106,1.36,REAL: uploaded Indian Railways dataset (train: Chennai - Hyderabad Express)
Chennai,Hyderabad,Air,Coal,Belly Cargo (Domestic),541.0,50,27050.2,235994.77,5.82,42739.29,305073.08,1.58,14.0,Haversine x1.05 (ICAO GCD-consistent methodology)
Chennai,Hyderabad,Road,Cement,12-16t,669.8,5,3349.1,4604.91,16.54,167.45,1195.28,0.05,2.17,Haversine x1.30 circuity factor (Ballou et al. 2002 / Wang & Wu 2018)
Chennai,Hyderabad,Rail,Cement,Freight Rake,715,5,3575,3140.99,18.96,37.9,270.49,0.0106,1.36,REAL: uploaded Indian Railways dataset (train: Chennai - Hyderabad Express)
Chennai,Hyderabad,Air,Cement,Belly Cargo (Domestic),541.0,5,2705.0,22234.25,5.68,4273.93,30507.31,1.58,14.0,Haversine x1.05 (ICAO GCD-consistent methodology)
Chennai,Hyderabad,Road,Cement,12-16t,669.8,10,6698.1,9438.47,18.29,334.91,2390.57,0.05,2.17,Haversine x1.30 circuity factor (Ballou et al. 2002 / Wang & Wu 2018)
Chennai,Hyderabad,Rail,Cement,Freight Rake,715,10,7150,5865.35,19.55,75.79,540.99,0.0106,1.36,REAL: uploaded Indian Railways dataset (train: Chennai - Hyderabad Express)
Chennai,Hyderabad,Air,Cement,Belly Cargo (Domestic),541.0,10,5410.0,44093.98,5.95,8547.86,61014.62,1.58,14.0,Haversine x1.05 (ICAO GCD-consistent methodology)
Chennai,Hyderabad,Road,Cement,25-40t,669.8,20,13396.3,13095.44,18.14,535.85,3824.91,0.04,1.62,Haversine x1.30 circuity factor (Ballou et al. 2002 / Wang & Wu 2018)
Chennai,Hyderabad,Rail,Cement,Freight Rake,715,20,14300,10875.8,19.51,151.58,1081.98,0.0106,1.36,REAL: uploaded Indian Railways dataset (train: Chennai - Hyderabad Express)
Chennai,Hyderabad,Air,Cement,Belly Cargo (Domestic),541.0,20,10820.1,93597.21,5.58,17095.72,122029.23,1.58,14.0,Haversine x1.05 (ICAO GCD-consistent methodology)
Chennai,Hyderabad,Road,Cement,>40t,669.8,50,33490.7,33454.17,16.45,1339.63,9562.27,0.04,1.62,Haversine x1.30 circuity factor (Ballou et al. 2002 / Wang & Wu 2018)
Chennai,Hyderabad,Rail,Cement,Freight Rake,715,50,35750,31376.87,19.34,378.95,2704.95,0.0106,1.36,REAL: uploaded Indian Railways dataset (train: Chennai - Hyderabad Express)
Chennai,Hyderabad,Air,Cement,Belly Cargo (Domestic),541.0,50,27050.2,222288.66,5.85,42739.29,305073.08,1.58,14.0,Haversine x1.05 (ICAO GCD-consistent methodology)
Chennai,Hyderabad,Road,Containerized Goods,12-16t,669.8,5,3349.1,10200.61,17.55,167.45,1195.28,0.05,2.17,Haversine x1.30 circuity factor (Ballou et al. 2002 / Wang & Wu 2018)
Chennai,Hyderabad,Rail,Containerized Goods,Freight Rake,715,5,3575,5753.92,18.54,37.9,270.49,0.0106,1.36,REAL: uploaded Indian Railways dataset (train: Chennai - Hyderabad Express)
Chennai,Hyderabad,Air,Containerized Goods,Belly Cargo (Domestic),541.0,5,2705.0,48729.24,5.69,4273.93,30507.31,1.58,14.0,Haversine x1.05 (ICAO GCD-consistent methodology)
Chennai,Hyderabad,Road,Containerized Goods,12-16t,669.8,10,6698.1,18963.44,17.96,334.91,2390.57,0.05,2.17,Haversine x1.30 circuity factor (Ballou et al. 2002 / Wang & Wu 2018)
Chennai,Hyderabad,Rail,Containerized Goods,Freight Rake,715,10,7150,12377.3,18.79,75.79,540.99,0.0106,1.36,REAL: uploaded Indian Railways dataset (train: Chennai - Hyderabad Express)
Chennai,Hyderabad,Air,Containerized Goods,Belly Cargo (Domestic),541.0,10,5410.0,102547.93,5.74,8547.86,61014.62,1.58,14.0,Haversine x1.05 (ICAO GCD-consistent methodology)
Chennai,Hyderabad,Road,Containerized Goods,25-40t,669.8,20,13396.3,27867.94,17.31,535.85,3824.91,0.04,1.62,Haversine x1.30 circuity factor (Ballou et al. 2002 / Wang & Wu 2018)
Chennai,Hyderabad,Rail,Containerized Goods,Freight Rake,715,20,14300,23071.67,18.25,151.58,1081.98,0.0106,1.36,REAL: uploaded Indian Railways dataset (train: Chennai - Hyderabad Express)
Chennai,Hyderabad,Air,Containerized Goods,Belly Cargo (Domestic),541.0,20,10820.1,191233.07,5.99,17095.72,122029.23,1.58,14.0,Haversine x1.05 (ICAO GCD-consistent methodology)
Chennai,Hyderabad,Road,Containerized Goods,>40t,669.8,50,33490.7,64314.17,19.0,1339.63,9562.27,0.04,1.62,Haversine x1.30 circuity factor (Ballou et al. 2002 / Wang & Wu 2018)
Chennai,Hyderabad,Rail,Containerized Goods,Freight Rake,715,50,35750,58848.96,18.64,378.95,2704.95,0.0106,1.36,REAL: uploaded Indian Railways dataset (train: Chennai - Hyderabad Express)
Chennai,Hyderabad,Air,Containerized Goods,Belly Cargo (Domestic),541.0,50,27050.2,481910.2,5.48,42739.29,305073.08,1.58,14.0,Haversine x1.05 (ICAO GCD-consistent methodology)
Chennai,Hyderabad,Road,General Goods,12-16t,669.8,5,3349.1,7242.67,17.68,167.45,1195.28,0.05,2.17,Haversine x1.30 circuity factor (Ballou et al. 2002 / Wang & Wu 2018)
Chennai,Hyderabad,Rail,General Goods,Freight Rake,715,5,3575,4813.9,19.37,37.9,270.49,0.0106,1.36,REAL: uploaded Indian Railways dataset (train: Chennai - Hyderabad Express)
Chennai,Hyderabad,Air,General Goods,Belly Cargo (Domestic),541.0,5,2705.0,36498.67,5.54,4273.93,30507.31,1.58,14.0,Haversine x1.05 (ICAO GCD-consistent methodology)
Chennai,Hyderabad,Road,General Goods,12-16t,669.8,10,6698.1,15436.67,16.65,334.91,2390.57,0.05,2.17,Haversine x1.30 circuity factor (Ballou et al. 2002 / Wang & Wu 2018)
Chennai,Hyderabad,Rail,General Goods,Freight Rake,715,10,7150,10267.27,19.28,75.79,540.99,0.0106,1.36,REAL: uploaded Indian Railways dataset (train: Chennai - Hyderabad Express)
Chennai,Hyderabad,Air,General Goods,Belly Cargo (Domestic),541.0,10,5410.0,78423.85,5.45,8547.86,61014.62,1.58,14.0,Haversine x1.05 (ICAO GCD-consistent methodology)
Chennai,Hyderabad,Road,General Goods,25-40t,669.8,20,13396.3,23802.3,17.02,535.85,3824.91,0.04,1.62,Haversine x1.30 circuity factor (Ballou et al. 2002 / Wang & Wu 2018)
Chennai,Hyderabad,Rail,General Goods,Freight Rake,715,20,14300,18435.0,18.35,151.58,1081.98,0.0106,1.36,REAL: uploaded Indian Railways dataset (train: Chennai - Hyderabad Express)
Chennai,Hyderabad,Air,General Goods,Belly Cargo (Domestic),541.0,20,10820.1,153294.24,5.99,17095.72,122029.23,1.58,14.0,Haversine x1.05 (ICAO GCD-consistent methodology)
Chennai,Hyderabad,Road,General Goods,>40t,669.8,50,33490.7,51345.31,17.48,1339.63,9562.27,0.04,1.62,Haversine x1.30 circuity factor (Ballou et al. 2002 / Wang & Wu 2018)
Chennai,Hyderabad,Rail,General Goods,Freight Rake,715,50,35750,46165.29,19.27,378.95,2704.95,0.0106,1.36,REAL: uploaded Indian Railways dataset (train: Chennai - Hyderabad Express)
Chennai,Hyderabad,Air,General Goods,Belly Cargo (Domestic),541.0,50,27050.2,373562.43,5.36,42739.29,305073.08,1.58,14.0,Haversine x1.05 (ICAO GCD-consistent methodology)
Chennai,Hyderabad,Road,Automobile Parts,12-16t,669.8,5,3349.1,13759.11,16.89,167.45,1195.28,0.05,2.17,Haversine x1.30 circuity factor (Ballou et al. 2002 / Wang & Wu 2018)
Chennai,Hyderabad,Rail,Automobile Parts,Freight Rake,715,5,3575,9132.33,18.79,37.9,270.49,0.0106,1.36,REAL: uploaded Indian Railways dataset (train: Chennai - Hyderabad Express)
Chennai,Hyderabad,Air,Automobile Parts,Belly Cargo (Domestic),541.0,5,2705.0,72968.16,5.48,4273.93,30507.31,1.58,14.0,Haversine x1.05 (ICAO GCD-consistent methodology)
Chennai,Hyderabad,Road,Automobile Parts,12-16t,669.8,10,6698.1,28261.95,18.62,334.91,2390.57,0.05,2.17,Haversine x1.30 circuity factor (Ballou et al. 2002 / Wang & Wu 2018)
Chennai,Hyderabad,Rail,Automobile Parts,Freight Rake,715,10,7150,16739.37,18.24,75.79,540.99,0.0106,1.36,REAL: uploaded Indian Railways dataset (train: Chennai - Hyderabad Express)
Chennai,Hyderabad,Air,Automobile Parts,Belly Cargo (Domestic),541.0,10,5410.0,150625.68,5.46,8547.86,61014.62,1.58,14.0,Haversine x1.05 (ICAO GCD-consistent methodology)
Chennai,Hyderabad,Road,Automobile Parts,25-40t,669.8,20,13396.3,38772.31,17.62,535.85,3824.91,0.04,1.62,Haversine x1.30 circuity factor (Ballou et al. 2002 / Wang & Wu 2018)
Chennai,Hyderabad,Rail,Automobile Parts,Freight Rake,715,20,14300,34629.47,19.69,151.58,1081.98,0.0106,1.36,REAL: uploaded Indian Railways dataset (train: Chennai - Hyderabad Express)
Chennai,Hyderabad,Air,Automobile Parts,Belly Cargo (Domestic),541.0,20,10820.1,281945.62,5.77,17095.72,122029.23,1.58,14.0,Haversine x1.05 (ICAO GCD-consistent methodology)
Chennai,Hyderabad,Road,Automobile Parts,>40t,669.8,50,33490.7,102373.58,18.06,1339.63,9562.27,0.04,1.62,Haversine x1.30 circuity factor (Ballou et al. 2002 / Wang & Wu 2018)
Chennai,Hyderabad,Rail,Automobile Parts,Freight Rake,715,50,35750,91248.43,18.71,378.95,2704.95,0.0106,1.36,REAL: uploaded Indian Railways dataset (train: Chennai - Hyderabad Express)
Chennai,Hyderabad,Air,Automobile Parts,Belly Cargo (Domestic),541.0,50,27050.2,749418.63,5.76,42739.29,305073.08,1.58,14.0,Haversine x1.05 (ICAO GCD-consistent methodology)
Bengaluru,Hyderabad,Road,Coal,12-16t,650.0,5,3250.0,4526.94,17.82,162.5,1159.91,0.05,2.17,Haversine x1.30 circuity factor (Ballou et al. 2002 / Wang & Wu 2018)
Bengaluru,Hyderabad,Rail,Coal,Freight Rake,575.0,5,2875.0,2285.07,18.99,30.47,217.53,0.0106,1.36,ESTIMATED: Haversine x1.15 circuity (no direct train match found)
Bengaluru,Hyderabad,Air,Coal,Belly Cargo (Domestic),525.0,5,2625.0,20353.27,5.41,4147.44,29604.45,1.58,14.0,Haversine x1.05 (ICAO GCD-consistent methodology)
Bengaluru,Hyderabad,Road,Coal,12-16t,650.0,10,6499.9,7868.19,16.71,325.0,2319.82,0.05,2.17,Haversine x1.30 circuity factor (Ballou et al. 2002 / Wang & Wu 2018)
Bengaluru,Hyderabad,Rail,Coal,Freight Rake,575.0,10,5749.9,4483.69,19.14,60.95,435.06,0.0106,1.36,ESTIMATED: Haversine x1.15 circuity (no direct train match found)
Bengaluru,Hyderabad,Air,Coal,Belly Cargo (Domestic),525.0,10,5249.9,44489.51,5.6,8294.89,59208.91,1.58,14.0,Haversine x1.05 (ICAO GCD-consistent methodology)
Bengaluru,Hyderabad,Road,Coal,25-40t,650.0,20,12999.8,11798.8,16.93,519.99,3711.71,0.04,1.62,Haversine x1.30 circuity factor (Ballou et al. 2002 / Wang & Wu 2018)
Bengaluru,Hyderabad,Rail,Coal,Freight Rake,575.0,20,11499.8,8971.47,19.03,121.9,870.11,0.0106,1.36,ESTIMATED: Haversine x1.15 circuity (no direct train match found)
Bengaluru,Hyderabad,Air,Coal,Belly Cargo (Domestic),525.0,20,10499.9,92221.66,5.75,16589.78,118417.82,1.58,14.0,Haversine x1.05 (ICAO GCD-consistent methodology)
Bengaluru,Hyderabad,Road,Coal,>40t,650.0,50,32499.6,34979.55,17.4,1299.98,9279.27,0.04,1.62,Haversine x1.30 circuity factor (Ballou et al. 2002 / Wang & Wu 2018)
Bengaluru,Hyderabad,Rail,Coal,Freight Rake,575.0,50,28749.6,23576.94,18.1,304.75,2175.28,0.0106,1.36,ESTIMATED: Haversine x1.15 circuity (no direct train match found)
Bengaluru,Hyderabad,Air,Coal,Belly Cargo (Domestic),525.0,50,26249.6,213735.58,5.62,41474.44,296044.55,1.58,14.0,Haversine x1.05 (ICAO GCD-consistent methodology)
Bengaluru,Hyderabad,Road,Cement,12-16t,650.0,5,3250.0,3847.25,16.86,162.5,1159.91,0.05,2.17,Haversine x1.30 circuity factor (Ballou et al. 2002 / Wang & Wu 2018)
Bengaluru,Hyderabad,Rail,Cement,Freight Rake,575.0,5,2875.0,2158.28,18.1,30.47,217.53,0.0106,1.36,ESTIMATED: Haversine x1.15 circuity (no direct train match found)
Bengaluru,Hyderabad,Air,Cement,Belly Cargo (Domestic),525.0,5,2625.0,23400.72,5.97,4147.44,29604.45,1.58,14.0,Haversine x1.05 (ICAO GCD-consistent methodology)
Bengaluru,Hyderabad,Road,Cement,12-16t,650.0,10,6499.9,8457.97,17.24,325.0,2319.82,0.05,2.17,Haversine x1.30 circuity factor (Ballou et al. 2002 / Wang & Wu 2018)
Bengaluru,Hyderabad,Rail,Cement,Freight Rake,575.0,10,5749.9,4822.54,18.62,60.95,435.06,0.0106,1.36,ESTIMATED: Haversine x1.15 circuity (no direct train match found)
Bengaluru,Hyderabad,Air,Cement,Belly Cargo (Domestic),525.0,10,5249.9,47018.71,5.65,8294.89,59208.91,1.58,14.0,Haversine x1.05 (ICAO GCD-consistent methodology)
Bengaluru,Hyderabad,Road,Cement,25-40t,650.0,20,12999.8,11561.87,15.95,519.99,3711.71,0.04,1.62,Haversine x1.30 circuity factor (Ballou et al. 2002 / Wang & Wu 2018)
Bengaluru,Hyderabad,Rail,Cement,Freight Rake,575.0,20,11499.8,9759.54,18.39,121.9,870.11,0.0106,1.36,ESTIMATED: Haversine x1.15 circuity (no direct train match found)
Bengaluru,Hyderabad,Air,Cement,Belly Cargo (Domestic),525.0,20,10499.9,84086.89,5.68,16589.78,118417.82,1.58,14.0,Haversine x1.05 (ICAO GCD-consistent methodology)
Bengaluru,Hyderabad,Road,Cement,>40t,650.0,50,32499.6,29444.19,17.13,1299.98,9279.27,0.04,1.62,Haversine x1.30 circuity factor (Ballou et al. 2002 / Wang & Wu 2018)
Bengaluru,Hyderabad,Rail,Cement,Freight Rake,575.0,50,28749.6,24329.37,19.28,304.75,2175.28,0.0106,1.36,ESTIMATED: Haversine x1.15 circuity (no direct train match found)
Bengaluru,Hyderabad,Air,Cement,Belly Cargo (Domestic),525.0,50,26249.6,222318.76,5.39,41474.44,296044.55,1.58,14.0,Haversine x1.05 (ICAO GCD-consistent methodology)
Bengaluru,Hyderabad,Road,Containerized Goods,12-16t,650.0,5,3250.0,8356.59,18.01,162.5,1159.91,0.05,2.17,Haversine x1.30 circuity factor (Ballou et al. 2002 / Wang & Wu 2018)
Bengaluru,Hyderabad,Rail,Containerized Goods,Freight Rake,575.0,5,2875.0,5280.05,18.53,30.47,217.53,0.0106,1.36,ESTIMATED: Haversine x1.15 circuity (no direct train match found)
Bengaluru,Hyderabad,Air,Containerized Goods,Belly Cargo (Domestic),525.0,5,2625.0,50230.93,5.35,4147.44,29604.45,1.58,14.0,Haversine x1.05 (ICAO GCD-consistent methodology)
Bengaluru,Hyderabad,Road,Containerized Goods,12-16t,650.0,10,6499.9,18903.75,17.38,325.0,2319.82,0.05,2.17,Haversine x1.30 circuity factor (Ballou et al. 2002 / Wang & Wu 2018)
Bengaluru,Hyderabad,Rail,Containerized Goods,Freight Rake,575.0,10,5749.9,10827.58,18.03,60.95,435.06,0.0106,1.36,ESTIMATED: Haversine x1.15 circuity (no direct train match found)
Bengaluru,Hyderabad,Air,Containerized Goods,Belly Cargo (Domestic),525.0,10,5249.9,100602.66,5.83,8294.89,59208.91,1.58,14.0,Haversine x1.05 (ICAO GCD-consistent methodology)
Bengaluru,Hyderabad,Road,Containerized Goods,25-40t,650.0,20,12999.8,25946.66,18.63,519.99,3711.71,0.04,1.62,Haversine x1.30 circuity factor (Ballou et al. 2002 / Wang & Wu 2018)
Bengaluru,Hyderabad,Rail,Containerized Goods,Freight Rake,575.0,20,11499.8,19919.98,18.49,121.9,870.11,0.0106,1.36,ESTIMATED: Haversine x1.15 circuity (no direct train match found)
Bengaluru,Hyderabad,Air,Containerized Goods,Belly Cargo (Domestic),525.0,20,10499.9,200701.66,5.61,16589.78,118417.82,1.58,14.0,Haversine x1.05 (ICAO GCD-consistent methodology)
Bengaluru,Hyderabad,Road,Containerized Goods,>40t,650.0,50,32499.6,74280.16,18.01,1299.98,9279.27,0.04,1.62,Haversine x1.30 circuity factor (Ballou et al. 2002 / Wang & Wu 2018)
Bengaluru,Hyderabad,Rail,Containerized Goods,Freight Rake,575.0,50,28749.6,48090.72,19.36,304.75,2175.28,0.0106,1.36,ESTIMATED: Haversine x1.15 circuity (no direct train match found)
Bengaluru,Hyderabad,Air,Containerized Goods,Belly Cargo (Domestic),525.0,50,26249.6,480161.24,5.55,41474.44,296044.55,1.58,14.0,Haversine x1.05 (ICAO GCD-consistent methodology)
Bengaluru,Hyderabad,Road,General Goods,12-16t,650.0,5,3250.0,7349.67,17.62,162.5,1159.91,0.05,2.17,Haversine x1.30 circuity factor (Ballou et al. 2002 / Wang & Wu 2018)
Bengaluru,Hyderabad,Rail,General Goods,Freight Rake,575.0,5,2875.0,3700.99,18.1,30.47,217.53,0.0106,1.36,ESTIMATED: Haversine x1.15 circuity (no direct train match found)
Bengaluru,Hyderabad,Air,General Goods,Belly Cargo (Domestic),525.0,5,2625.0,34593.19,5.46,4147.44,29604.45,1.58,14.0,Haversine x1.05 (ICAO GCD-consistent methodology)
Bengaluru,Hyderabad,Road,General Goods,12-16t,650.0,10,6499.9,12861.77,16.84,325.0,2319.82,0.05,2.17,Haversine x1.30 circuity factor (Ballou et al. 2002 / Wang & Wu 2018)
Bengaluru,Hyderabad,Rail,General Goods,Freight Rake,575.0,10,5749.9,7545.99,18.85,60.95,435.06,0.0106,1.36,ESTIMATED: Haversine x1.15 circuity (no direct train match found)
Bengaluru,Hyderabad,Air,General Goods,Belly Cargo (Domestic),525.0,10,5249.9,70906.75,5.79,8294.89,59208.91,1.58,14.0,Haversine x1.05 (ICAO GCD-consistent methodology)
Bengaluru,Hyderabad,Road,General Goods,25-40t,650.0,20,12999.8,20172.4,16.61,519.99,3711.71,0.04,1.62,Haversine x1.30 circuity factor (Ballou et al. 2002 / Wang & Wu 2018)
Bengaluru,Hyderabad,Rail,General Goods,Freight Rake,575.0,20,11499.8,16535.68,19.69,121.9,870.11,0.0106,1.36,ESTIMATED: Haversine x1.15 circuity (no direct train match found)
Bengaluru,Hyderabad,Air,General Goods,Belly Cargo (Domestic),525.0,20,10499.9,152269.34,5.38,16589.78,118417.82,1.58,14.0,Haversine x1.05 (ICAO GCD-consistent methodology)
Bengaluru,Hyderabad,Road,General Goods,>40t,650.0,50,32499.6,57522.21,18.04,1299.98,9279.27,0.04,1.62,Haversine x1.30 circuity factor (Ballou et al. 2002 / Wang & Wu 2018)
Bengaluru,Hyderabad,Rail,General Goods,Freight Rake,575.0,50,28749.6,41719.25,19.7,304.75,2175.28,0.0106,1.36,ESTIMATED: Haversine x1.15 circuity (no direct train match found)
Bengaluru,Hyderabad,Air,General Goods,Belly Cargo (Domestic),525.0,50,26249.6,394472.67,5.4,41474.44,296044.55,1.58,14.0,Haversine x1.05 (ICAO GCD-consistent methodology)
Bengaluru,Hyderabad,Road,Automobile Parts,12-16t,650.0,5,3250.0,14009.76,16.56,162.5,1159.91,0.05,2.17,Haversine x1.30 circuity factor (Ballou et al. 2002 / Wang & Wu 2018)
Bengaluru,Hyderabad,Rail,Automobile Parts,Freight Rake,575.0,5,2875.0,7482.1,19.39,30.47,217.53,0.0106,1.36,ESTIMATED: Haversine x1.15 circuity (no direct train match found)
Bengaluru,Hyderabad,Air,Automobile Parts,Belly Cargo (Domestic),525.0,5,2625.0,71580.59,5.78,4147.44,29604.45,1.58,14.0,Haversine x1.05 (ICAO GCD-consistent methodology)
Bengaluru,Hyderabad,Road,Automobile Parts,12-16t,650.0,10,6499.9,26052.96,17.46,325.0,2319.82,0.05,2.17,Haversine x1.30 circuity factor (Ballou et al. 2002 / Wang & Wu 2018)
Bengaluru,Hyderabad,Rail,Automobile Parts,Freight Rake,575.0,10,5749.9,13938.99,18.62,60.95,435.06,0.0106,1.36,ESTIMATED: Haversine x1.15 circuity (no direct train match found)
Bengaluru,Hyderabad,Air,Automobile Parts,Belly Cargo (Domestic),525.0,10,5249.9,134740.39,5.75,8294.89,59208.91,1.58,14.0,Haversine x1.05 (ICAO GCD-consistent methodology)
Bengaluru,Hyderabad,Road,Automobile Parts,25-40t,650.0,20,12999.8,41945.1,16.13,519.99,3711.71,0.04,1.62,Haversine x1.30 circuity factor (Ballou et al. 2002 / Wang & Wu 2018)
Bengaluru,Hyderabad,Rail,Automobile Parts,Freight Rake,575.0,20,11499.8,29021.57,18.36,121.9,870.11,0.0106,1.36,ESTIMATED: Haversine x1.15 circuity (no direct train match found)
Bengaluru,Hyderabad,Air,Automobile Parts,Belly Cargo (Domestic),525.0,20,10499.9,295838.15,5.57,16589.78,118417.82,1.58,14.0,Haversine x1.05 (ICAO GCD-consistent methodology)
Bengaluru,Hyderabad,Road,Automobile Parts,>40t,650.0,50,32499.6,106229.63,16.77,1299.98,9279.27,0.04,1.62,Haversine x1.30 circuity factor (Ballou et al. 2002 / Wang & Wu 2018)
Bengaluru,Hyderabad,Rail,Automobile Parts,Freight Rake,575.0,50,28749.6,66611.91,19.29,304.75,2175.28,0.0106,1.36,ESTIMATED: Haversine x1.15 circuity (no direct train match found)
Bengaluru,Hyderabad,Air,Automobile Parts,Belly Cargo (Domestic),525.0,50,26249.6,711894.63,5.81,41474.44,296044.55,1.58,14.0,Haversine x1.05 (ICAO GCD-consistent methodology)
